[{
"model": "auth.permission",
"pk": 1,
"fields": {
"name": "Can add log entry",
"content_type": 1,
"codename": "add_logentry"
}
}, {
"model": "auth.permission",
"pk": 2,
"fields": {
"name": "Can change log entry",
"content_type": 1,
"codename": "change_logentry"
}
}, {
"model": "auth.permission",
"pk": 3,
"fields": {
"name": "Can delete log entry",
"content_type": 1,
"codename": "delete_logentry"
}
}, {
"model": "auth.permission",
"pk": 4,
"fields": {
"name": "Can view log entry",
"content_type": 1,
"codename": "view_logentry"
}
}, {
"model": "auth.permission",
"pk": 5,
"fields": {
"name": "Can add permission",
"content_type": 2,
"codename": "add_permission"
}
}, {
"model": "auth.permission",
"pk": 6,
"fields": {
"name": "Can change permission",
"content_type": 2,
"codename": "change_permission"
}
}, {
"model": "auth.permission",
"pk": 7,
"fields": {
"name": "Can delete permission",
"content_type": 2,
"codename": "delete_permission"
}
}, {
"model": "auth.permission",
"pk": 8,
"fields": {
"name": "Can view permission",
"content_type": 2,
"codename": "view_permission"
}
}, {
"model": "auth.permission",
"pk": 9,
"fields": {
"name": "Can add group",
"content_type": 3,
"codename": "add_group"
}
}, {
"model": "auth.permission",
"pk": 10,
"fields": {
"name": "Can change group",
"content_type": 3,
"codename": "change_group"
}
}, {
"model": "auth.permission",
"pk": 11,
"fields": {
"name": "Can delete group",
"content_type": 3,
"codename": "delete_group"
}
}, {
"model": "auth.permission",
"pk": 12,
"fields": {
"name": "Can view group",
"content_type": 3,
"codename": "view_group"
}
}, {
"model": "auth.permission",
"pk": 13,
"fields": {
"name": "Can add user",
"content_type": 4,
"codename": "add_user"
}
}, {
"model": "auth.permission",
"pk": 14,
"fields": {
"name": "Can change user",
"content_type": 4,
"codename": "change_user"
}
}, {
"model": "auth.permission",
"pk": 15,
"fields": {
"name": "Can delete user",
"content_type": 4,
"codename": "delete_user"
}
}, {
"model": "auth.permission",
"pk": 16,
"fields": {
"name": "Can view user",
"content_type": 4,
"codename": "view_user"
}
}, {
"model": "auth.permission",
"pk": 17,
"fields": {
"name": "Can add content type",
"content_type": 5,
"codename": "add_contenttype"
}
}, {
"model": "auth.permission",
"pk": 18,
"fields": {
"name": "Can change content type",
"content_type": 5,
"codename": "change_contenttype"
}
}, {
"model": "auth.permission",
"pk": 19,
"fields": {
"name": "Can delete content type",
"content_type": 5,
"codename": "delete_contenttype"
}
}, {
"model": "auth.permission",
"pk": 20,
"fields": {
"name": "Can view content type",
"content_type": 5,
"codename": "view_contenttype"
}
}, {
"model": "auth.permission",
"pk": 21,
"fields": {
"name": "Can add session",
"content_type": 6,
"codename": "add_session"
}
}, {
"model": "auth.permission",
"pk": 22,
"fields": {
"name": "Can change session",
"content_type": 6,
"codename": "change_session"
}
}, {
"model": "auth.permission",
"pk": 23,
"fields": {
"name": "Can delete session",
"content_type": 6,
"codename": "delete_session"
}
}, {
"model": "auth.permission",
"pk": 24,
"fields": {
"name": "Can view session",
"content_type": 6,
"codename": "view_session"
}
}, {
"model": "auth.permission",
"pk": 25,
"fields": {
"name": "Can add blacklisted token",
"content_type": 7,
"codename": "add_blacklistedtoken"
}
}, {
"model": "auth.permission",
"pk": 26,
"fields": {
"name": "Can change blacklisted token",
"content_type": 7,
"codename": "change_blacklistedtoken"
}
}, {
"model": "auth.permission",
"pk": 27,
"fields": {
"name": "Can delete blacklisted token",
"content_type": 7,
"codename": "delete_blacklistedtoken"
}
}, {
"model": "auth.permission",
"pk": 28,
"fields": {
"name": "Can view blacklisted token",
"content_type": 7,
"codename": "view_blacklistedtoken"
}
}, {
"model": "auth.permission",
"pk": 29,
"fields": {
"name": "Can add outstanding token",
"content_type": 8,
"codename": "add_outstandingtoken"
}
}, {
"model": "auth.permission",
"pk": 30,
"fields": {
"name": "Can change outstanding token",
"content_type": 8,
"codename": "change_outstandingtoken"
}
}, {
"model": "auth.permission",
"pk": 31,
"fields": {
"name": "Can delete outstanding token",
"content_type": 8,
"codename": "delete_outstandingtoken"
}
}, {
"model": "auth.permission",
"pk": 32,
"fields": {
"name": "Can view outstanding token",
"content_type": 8,
"codename": "view_outstandingtoken"
}
}, {
"model": "auth.permission",
"pk": 33,
"fields": {
"name": "Can add user profile",
"content_type": 9,
"codename": "add_userprofile"
}
}, {
"model": "auth.permission",
"pk": 34,
"fields": {
"name": "Can change user profile",
"content_type": 9,
"codename": "change_userprofile"
}
}, {
"model": "auth.permission",
"pk": 35,
"fields": {
"name": "Can delete user profile",
"content_type": 9,
"codename": "delete_userprofile"
}
}, {
"model": "auth.permission",
"pk": 36,
"fields": {
"name": "Can view user profile",
"content_type": 9,
"codename": "view_userprofile"
}
}, {
"model": "auth.permission",
"pk": 37,
"fields": {
"name": "Can add batch",
"content_type": 10,
"codename": "add_batch"
}
}, {
"model": "auth.permission",
"pk": 38,
"fields": {
"name": "Can change batch",
"content_type": 10,
"codename": "change_batch"
}
}, {
"model": "auth.permission",
"pk": 39,
"fields": {
"name": "Can delete batch",
"content_type": 10,
"codename": "delete_batch"
}
}, {
"model": "auth.permission",
"pk": 40,
"fields": {
"name": "Can view batch",
"content_type": 10,
"codename": "view_batch"
}
}, {
"model": "auth.permission",
"pk": 41,
"fields": {
"name": "Can add category",
"content_type": 11,
"codename": "add_category"
}
}, {
"model": "auth.permission",
"pk": 42,
"fields": {
"name": "Can change category",
"content_type": 11,
"codename": "change_category"
}
}, {
"model": "auth.permission",
"pk": 43,
"fields": {
"name": "Can delete category",
"content_type": 11,
"codename": "delete_category"
}
}, {
"model": "auth.permission",
"pk": 44,
"fields": {
"name": "Can view category",
"content_type": 11,
"codename": "view_category"
}
}, {
"model": "auth.permission",
"pk": 45,
"fields": {
"name": "Can add product",
"content_type": 12,
"codename": "add_product"
}
}, {
"model": "auth.permission",
"pk": 46,
"fields": {
"name": "Can change product",
"content_type": 12,
"codename": "change_product"
}
}, {
"model": "auth.permission",
"pk": 47,
"fields": {
"name": "Can delete product",
"content_type": 12,
"codename": "delete_product"
}
}, {
"model": "auth.permission",
"pk": 48,
"fields": {
"name": "Can view product",
"content_type": 12,
"codename": "view_product"
}
}, {
"model": "auth.permission",
"pk": 49,
"fields": {
"name": "Can add stock movement",
"content_type": 13,
"codename": "add_stockmovement"
}
}, {
"model": "auth.permission",
"pk": 50,
"fields": {
"name": "Can change stock movement",
"content_type": 13,
"codename": "change_stockmovement"
}
}, {
"model": "auth.permission",
"pk": 51,
"fields": {
"name": "Can delete stock movement",
"content_type": 13,
"codename": "delete_stockmovement"
}
}, {
"model": "auth.permission",
"pk": 52,
"fields": {
"name": "Can view stock movement",
"content_type": 13,
"codename": "view_stockmovement"
}
}, {
"model": "auth.permission",
"pk": 53,
"fields": {
"name": "Can add cart",
"content_type": 14,
"codename": "add_cart"
}
}, {
"model": "auth.permission",
"pk": 54,
"fields": {
"name": "Can change cart",
"content_type": 14,
"codename": "change_cart"
}
}, {
"model": "auth.permission",
"pk": 55,
"fields": {
"name": "Can delete cart",
"content_type": 14,
"codename": "delete_cart"
}
}, {
"model": "auth.permission",
"pk": 56,
"fields": {
"name": "Can view cart",
"content_type": 14,
"codename": "view_cart"
}
}, {
"model": "auth.permission",
"pk": 57,
"fields": {
"name": "Can add cart item",
"content_type": 15,
"codename": "add_cartitem"
}
}, {
"model": "auth.permission",
"pk": 58,
"fields": {
"name": "Can change cart item",
"content_type": 15,
"codename": "change_cartitem"
}
}, {
"model": "auth.permission",
"pk": 59,
"fields": {
"name": "Can delete cart item",
"content_type": 15,
"codename": "delete_cartitem"
}
}, {
"model": "auth.permission",
"pk": 60,
"fields": {
"name": "Can view cart item",
"content_type": 15,
"codename": "view_cartitem"
}
}, {
"model": "auth.permission",
"pk": 61,
"fields": {
"name": "Can add sale",
"content_type": 16,
"codename": "add_sale"
}
}, {
"model": "auth.permission",
"pk": 62,
"fields": {
"name": "Can change sale",
"content_type": 16,
"codename": "change_sale"
}
}, {
"model": "auth.permission",
"pk": 63,
"fields": {
"name": "Can delete sale",
"content_type": 16,
"codename": "delete_sale"
}
}, {
"model": "auth.permission",
"pk": 64,
"fields": {
"name": "Can view sale",
"content_type": 16,
"codename": "view_sale"
}
}, {
"model": "auth.permission",
"pk": 65,
"fields": {
"name": "Can add sale item",
"content_type": 17,
"codename": "add_saleitem"
}
}, {
"model": "auth.permission",
"pk": 66,
"fields": {
"name": "Can change sale item",
"content_type": 17,
"codename": "change_saleitem"
}
}, {
"model": "auth.permission",
"pk": 67,
"fields": {
"name": "Can delete sale item",
"content_type": 17,
"codename": "delete_saleitem"
}
}, {
"model": "auth.permission",
"pk": 68,
"fields": {
"name": "Can view sale item",
"content_type": 17,
"codename": "view_saleitem"
}
}, {
"model": "auth.permission",
"pk": 69,
"fields": {
"name": "Can add payment",
"content_type": 18,
"codename": "add_payment"
}
}, {
"model": "auth.permission",
"pk": 70,
"fields": {
"name": "Can change payment",
"content_type": 18,
"codename": "change_payment"
}
}, {
"model": "auth.permission",
"pk": 71,
"fields": {
"name": "Can delete payment",
"content_type": 18,
"codename": "delete_payment"
}
}, {
"model": "auth.permission",
"pk": 72,
"fields": {
"name": "Can view payment",
"content_type": 18,
"codename": "view_payment"
}
}, {
"model": "auth.permission",
"pk": 73,
"fields": {
"name": "Can add payment log",
"content_type": 19,
"codename": "add_paymentlog"
}
}, {
"model": "auth.permission",
"pk": 74,
"fields": {
"name": "Can change payment log",
"content_type": 19,
"codename": "change_paymentlog"
}
}, {
"model": "auth.permission",
"pk": 75,
"fields": {
"name": "Can delete payment log",
"content_type": 19,
"codename": "delete_paymentlog"
}
}, {
"model": "auth.permission",
"pk": 76,
"fields": {
"name": "Can view payment log",
"content_type": 19,
"codename": "view_paymentlog"
}
}, {
"model": "auth.permission",
"pk": 77,
"fields": {
"name": "Can add customer",
"content_type": 20,
"codename": "add_customer"
}
}, {
"model": "auth.permission",
"pk": 78,
"fields": {
"name": "Can change customer",
"content_type": 20,
"codename": "change_customer"
}
}, {
"model": "auth.permission",
"pk": 79,
"fields": {
"name": "Can delete customer",
"content_type": 20,
"codename": "delete_customer"
}
}, {
"model": "auth.permission",
"pk": 80,
"fields": {
"name": "Can view customer",
"content_type": 20,
"codename": "view_customer"
}
}, {
"model": "auth.permission",
"pk": 81,
"fields": {
"name": "Can add loyalty transaction",
"content_type": 21,
"codename": "add_loyaltytransaction"
}
}, {
"model": "auth.permission",
"pk": 82,
"fields": {
"name": "Can change loyalty transaction",
"content_type": 21,
"codename": "change_loyaltytransaction"
}
}, {
"model": "auth.permission",
"pk": 83,
"fields": {
"name": "Can delete loyalty transaction",
"content_type": 21,
"codename": "delete_loyaltytransaction"
}
}, {
"model": "auth.permission",
"pk": 84,
"fields": {
"name": "Can view loyalty transaction",
"content_type": 21,
"codename": "view_loyaltytransaction"
}
}, {
"model": "auth.permission",
"pk": 85,
"fields": {
"name": "Can add repair",
"content_type": 22,
"codename": "add_repair"
}
}, {
"model": "auth.permission",
"pk": 86,
"fields": {
"name": "Can change repair",
"content_type": 22,
"codename": "change_repair"
}
}, {
"model": "auth.permission",
"pk": 87,
"fields": {
"name": "Can delete repair",
"content_type": 22,
"codename": "delete_repair"
}
}, {
"model": "auth.permission",
"pk": 88,
"fields": {
"name": "Can view repair",
"content_type": 22,
"codename": "view_repair"
}
}, {
"model": "auth.permission",
"pk": 89,
"fields": {
"name": "Can add repair part",
"content_type": 23,
"codename": "add_repairpart"
}
}, {
"model": "auth.permission",
"pk": 90,
"fields": {
"name": "Can change repair part",
"content_type": 23,
"codename": "change_repairpart"
}
}, {
"model": "auth.permission",
"pk": 91,
"fields": {
"name": "Can delete repair part",
"content_type": 23,
"codename": "delete_repairpart"
}
}, {
"model": "auth.permission",
"pk": 92,
"fields": {
"name": "Can view repair part",
"content_type": 23,
"codename": "view_repairpart"
}
}, {
"model": "auth.permission",
"pk": 93,
"fields": {
"name": "Can add preorder",
"content_type": 24,
"codename": "add_preorder"
}
}, {
"model": "auth.permission",
"pk": 94,
"fields": {
"name": "Can change preorder",
"content_type": 24,
"codename": "change_preorder"
}
}, {
"model": "auth.permission",
"pk": 95,
"fields": {
"name": "Can delete preorder",
"content_type": 24,
"codename": "delete_preorder"
}
}, {
"model": "auth.permission",
"pk": 96,
"fields": {
"name": "Can view preorder",
"content_type": 24,
"codename": "view_preorder"
}
}, {
"model": "auth.permission",
"pk": 97,
"fields": {
"name": "Can add preorder payment",
"content_type": 25,
"codename": "add_preorderpayment"
}
}, {
"model": "auth.permission",
"pk": 98,
"fields": {
"name": "Can change preorder payment",
"content_type": 25,
"codename": "change_preorderpayment"
}
}, {
"model": "auth.permission",
"pk": 99,
"fields": {
"name": "Can delete preorder payment",
"content_type": 25,
"codename": "delete_preorderpayment"
}
}, {
"model": "auth.permission",
"pk": 100,
"fields": {
"name": "Can view preorder payment",
"content_type": 25,
"codename": "view_preorderpayment"
}
}, {
"model": "auth.permission",
"pk": 101,
"fields": {
"name": "Can add purchase order",
"content_type": 26,
"codename": "add_purchaseorder"
}
}, {
"model": "auth.permission",
"pk": 102,
"fields": {
"name": "Can change purchase order",
"content_type": 26,
"codename": "change_purchaseorder"
}
}, {
"model": "auth.permission",
"pk": 103,
"fields": {
"name": "Can delete purchase order",
"content_type": 26,
"codename": "delete_purchaseorder"
}
}, {
"model": "auth.permission",
"pk": 104,
"fields": {
"name": "Can view purchase order",
"content_type": 26,
"codename": "view_purchaseorder"
}
}, {
"model": "auth.permission",
"pk": 105,
"fields": {
"name": "Can add supplier",
"content_type": 27,
"codename": "add_supplier"
}
}, {
"model": "auth.permission",
"pk": 106,
"fields": {
"name": "Can change supplier",
"content_type": 27,
"codename": "change_supplier"
}
}, {
"model": "auth.permission",
"pk": 107,
"fields": {
"name": "Can delete supplier",
"content_type": 27,
"codename": "delete_supplier"
}
}, {
"model": "auth.permission",
"pk": 108,
"fields": {
"name": "Can view supplier",
"content_type": 27,
"codename": "view_supplier"
}
}, {
"model": "auth.permission",
"pk": 109,
"fields": {
"name": "Can add purchase order item",
"content_type": 28,
"codename": "add_purchaseorderitem"
}
}, {
"model": "auth.permission",
"pk": 110,
"fields": {
"name": "Can change purchase order item",
"content_type": 28,
"codename": "change_purchaseorderitem"
}
}, {
"model": "auth.permission",
"pk": 111,
"fields": {
"name": "Can delete purchase order item",
"content_type": 28,
"codename": "delete_purchaseorderitem"
}
}, {
"model": "auth.permission",
"pk": 112,
"fields": {
"name": "Can view purchase order item",
"content_type": 28,
"codename": "view_purchaseorderitem"
}
}, {
"model": "auth.permission",
"pk": 113,
"fields": {
"name": "Can add supplier price history",
"content_type": 29,
"codename": "add_supplierpricehistory"
}
}, {
"model": "auth.permission",
"pk": 114,
"fields": {
"name": "Can change supplier price history",
"content_type": 29,
"codename": "change_supplierpricehistory"
}
}, {
"model": "auth.permission",
"pk": 115,
"fields": {
"name": "Can delete supplier price history",
"content_type": 29,
"codename": "delete_supplierpricehistory"
}
}, {
"model": "auth.permission",
"pk": 116,
"fields": {
"name": "Can view supplier price history",
"content_type": 29,
"codename": "view_supplierpricehistory"
}
}, {
"model": "auth.permission",
"pk": 117,
"fields": {
"name": "Can add shift",
"content_type": 30,
"codename": "add_shift"
}
}, {
"model": "auth.permission",
"pk": 118,
"fields": {
"name": "Can change shift",
"content_type": 30,
"codename": "change_shift"
}
}, {
"model": "auth.permission",
"pk": 119,
"fields": {
"name": "Can delete shift",
"content_type": 30,
"codename": "delete_shift"
}
}, {
"model": "auth.permission",
"pk": 120,
"fields": {
"name": "Can view shift",
"content_type": 30,
"codename": "view_shift"
}
}, {
"model": "auth.permission",
"pk": 121,
"fields": {
"name": "Can add branch",
"content_type": 31,
"codename": "add_branch"
}
}, {
"model": "auth.permission",
"pk": 122,
"fields": {
"name": "Can change branch",
"content_type": 31,
"codename": "change_branch"
}
}, {
"model": "auth.permission",
"pk": 123,
"fields": {
"name": "Can delete branch",
"content_type": 31,
"codename": "delete_branch"
}
}, {
"model": "auth.permission",
"pk": 124,
"fields": {
"name": "Can view branch",
"content_type": 31,
"codename": "view_branch"
}
}, {
"model": "auth.permission",
"pk": 125,
"fields": {
"name": "Can add return",
"content_type": 32,
"codename": "add_return"
}
}, {
"model": "auth.permission",
"pk": 126,
"fields": {
"name": "Can change return",
"content_type": 32,
"codename": "change_return"
}
}, {
"model": "auth.permission",
"pk": 127,
"fields": {
"name": "Can delete return",
"content_type": 32,
"codename": "delete_return"
}
}, {
"model": "auth.permission",
"pk": 128,
"fields": {
"name": "Can view return",
"content_type": 32,
"codename": "view_return"
}
}, {
"model": "auth.permission",
"pk": 129,
"fields": {
"name": "Can add installment plan",
"content_type": 33,
"codename": "add_installmentplan"
}
}, {
"model": "auth.permission",
"pk": 130,
"fields": {
"name": "Can change installment plan",
"content_type": 33,
"codename": "change_installmentplan"
}
}, {
"model": "auth.permission",
"pk": 131,
"fields": {
"name": "Can delete installment plan",
"content_type": 33,
"codename": "delete_installmentplan"
}
}, {
"model": "auth.permission",
"pk": 132,
"fields": {
"name": "Can view installment plan",
"content_type": 33,
"codename": "view_installmentplan"
}
}, {
"model": "auth.permission",
"pk": 133,
"fields": {
"name": "Can add chit",
"content_type": 34,
"codename": "add_chit"
}
}, {
"model": "auth.permission",
"pk": 134,
"fields": {
"name": "Can change chit",
"content_type": 34,
"codename": "change_chit"
}
}, {
"model": "auth.permission",
"pk": 135,
"fields": {
"name": "Can delete chit",
"content_type": 34,
"codename": "delete_chit"
}
}, {
"model": "auth.permission",
"pk": 136,
"fields": {
"name": "Can view chit",
"content_type": 34,
"codename": "view_chit"
}
}, {
"model": "auth.permission",
"pk": 137,
"fields": {
"name": "Can add purchase",
"content_type": 35,
"codename": "add_purchase"
}
}, {
"model": "auth.permission",
"pk": 138,
"fields": {
"name": "Can change purchase",
"content_type": 35,
"codename": "change_purchase"
}
}, {
"model": "auth.permission",
"pk": 139,
"fields": {
"name": "Can delete purchase",
"content_type": 35,
"codename": "delete_purchase"
}
}, {
"model": "auth.permission",
"pk": 140,
"fields": {
"name": "Can view purchase",
"content_type": 35,
"codename": "view_purchase"
}
}, {
"model": "auth.permission",
"pk": 141,
"fields": {
"name": "Can add sales history",
"content_type": 36,
"codename": "add_saleshistory"
}
}, {
"model": "auth.permission",
"pk": 142,
"fields": {
"name": "Can change sales history",
"content_type": 36,
"codename": "change_saleshistory"
}
}, {
"model": "auth.permission",
"pk": 143,
"fields": {
"name": "Can delete sales history",
"content_type": 36,
"codename": "delete_saleshistory"
}
}, {
"model": "auth.permission",
"pk": 144,
"fields": {
"name": "Can view sales history",
"content_type": 36,
"codename": "view_saleshistory"
}
}, {
"model": "auth.permission",
"pk": 145,
"fields": {
"name": "Can add price history",
"content_type": 37,
"codename": "add_pricehistory"
}
}, {
"model": "auth.permission",
"pk": 146,
"fields": {
"name": "Can change price history",
"content_type": 37,
"codename": "change_pricehistory"
}
}, {
"model": "auth.permission",
"pk": 147,
"fields": {
"name": "Can delete price history",
"content_type": 37,
"codename": "delete_pricehistory"
}
}, {
"model": "auth.permission",
"pk": 148,
"fields": {
"name": "Can view price history",
"content_type": 37,
"codename": "view_pricehistory"
}
}, {
"model": "auth.permission",
"pk": 149,
"fields": {
"name": "Can add supplier",
"content_type": 38,
"codename": "add_supplier"
}
}, {
"model": "auth.permission",
"pk": 150,
"fields": {
"name": "Can change supplier",
"content_type": 38,
"codename": "change_supplier"
}
}, {
"model": "auth.permission",
"pk": 151,
"fields": {
"name": "Can delete supplier",
"content_type": 38,
"codename": "delete_supplier"
}
}, {
"model": "auth.permission",
"pk": 152,
"fields": {
"name": "Can view supplier",
"content_type": 38,
"codename": "view_supplier"
}
}, {
"model": "auth.permission",
"pk": 153,
"fields": {
"name": "Can add invoice item",
"content_type": 39,
"codename": "add_invoiceitem"
}
}, {
"model": "auth.permission",
"pk": 154,
"fields": {
"name": "Can change invoice item",
"content_type": 39,
"codename": "change_invoiceitem"
}
}, {
"model": "auth.permission",
"pk": 155,
"fields": {
"name": "Can delete invoice item",
"content_type": 39,
"codename": "delete_invoiceitem"
}
}, {
"model": "auth.permission",
"pk": 156,
"fields": {
"name": "Can view invoice item",
"content_type": 39,
"codename": "view_invoiceitem"
}
}, {
"model": "auth.permission",
"pk": 157,
"fields": {
"name": "Can add invoice",
"content_type": 40,
"codename": "add_invoice"
}
}, {
"model": "auth.permission",
"pk": 158,
"fields": {
"name": "Can change invoice",
"content_type": 40,
"codename": "change_invoice"
}
}, {
"model": "auth.permission",
"pk": 159,
"fields": {
"name": "Can delete invoice",
"content_type": 40,
"codename": "delete_invoice"
}
}, {
"model": "auth.permission",
"pk": 160,
"fields": {
"name": "Can view invoice",
"content_type": 40,
"codename": "view_invoice"
}
}, {
"model": "auth.permission",
"pk": 161,
"fields": {
"name": "Can add profit loss report",
"content_type": 41,
"codename": "add_profitlossreport"
}
}, {
"model": "auth.permission",
"pk": 162,
"fields": {
"name": "Can change profit loss report",
"content_type": 41,
"codename": "change_profitlossreport"
}
}, {
"model": "auth.permission",
"pk": 163,
"fields": {
"name": "Can delete profit loss report",
"content_type": 41,
"codename": "delete_profitlossreport"
}
}, {
"model": "auth.permission",
"pk": 164,
"fields": {
"name": "Can view profit loss report",
"content_type": 41,
"codename": "view_profitlossreport"
}
}, {
"model": "auth.permission",
"pk": 165,
"fields": {
"name": "Can add sales report",
"content_type": 42,
"codename": "add_salesreport"
}
}, {
"model": "auth.permission",
"pk": 166,
"fields": {
"name": "Can change sales report",
"content_type": 42,
"codename": "change_salesreport"
}
}, {
"model": "auth.permission",
"pk": 167,
"fields": {
"name": "Can delete sales report",
"content_type": 42,
"codename": "delete_salesreport"
}
}, {
"model": "auth.permission",
"pk": 168,
"fields": {
"name": "Can view sales report",
"content_type": 42,
"codename": "view_salesreport"
}
}, {
"model": "auth.permission",
"pk": 169,
"fields": {
"name": "Can add report",
"content_type": 43,
"codename": "add_report"
}
}, {
"model": "auth.permission",
"pk": 170,
"fields": {
"name": "Can change report",
"content_type": 43,
"codename": "change_report"
}
}, {
"model": "auth.permission",
"pk": 171,
"fields": {
"name": "Can delete report",
"content_type": 43,
"codename": "delete_report"
}
}, {
"model": "auth.permission",
"pk": 172,
"fields": {
"name": "Can view report",
"content_type": 43,
"codename": "view_report"
}
}, {
"model": "auth.permission",
"pk": 173,
"fields": {
"name": "Can add inventory analytics",
"content_type": 44,
"codename": "add_inventoryanalytics"
}
}, {
"model": "auth.permission",
"pk": 174,
"fields": {
"name": "Can change inventory analytics",
"content_type": 44,
"codename": "change_inventoryanalytics"
}
}, {
"model": "auth.permission",
"pk": 175,
"fields": {
"name": "Can delete inventory analytics",
"content_type": 44,
"codename": "delete_inventoryanalytics"
}
}, {
"model": "auth.permission",
"pk": 176,
"fields": {
"name": "Can view inventory analytics",
"content_type": 44,
"codename": "view_inventoryanalytics"
}
}, {
"model": "auth.permission",
"pk": 177,
"fields": {
"name": "Can add customer analytics",
"content_type": 45,
"codename": "add_customeranalytics"
}
}, {
"model": "auth.permission",
"pk": 178,
"fields": {
"name": "Can change customer analytics",
"content_type": 45,
"codename": "change_customeranalytics"
}
}, {
"model": "auth.permission",
"pk": 179,
"fields": {
"name": "Can delete customer analytics",
"content_type": 45,
"codename": "delete_customeranalytics"
}
}, {
"model": "auth.permission",
"pk": 180,
"fields": {
"name": "Can view customer analytics",
"content_type": 45,
"codename": "view_customeranalytics"
}
}, {
"model": "auth.permission",
"pk": 181,
"fields": {
"name": "Can add product sales history",
"content_type": 46,
"codename": "add_productsaleshistory"
}
}, {
"model": "auth.permission",
"pk": 182,
"fields": {
"name": "Can change product sales history",
"content_type": 46,
"codename": "change_productsaleshistory"
}
}, {
"model": "auth.permission",
"pk": 183,
"fields": {
"name": "Can delete product sales history",
"content_type": 46,
"codename": "delete_productsaleshistory"
}
}, {
"model": "auth.permission",
"pk": 184,
"fields": {
"name": "Can view product sales history",
"content_type": 46,
"codename": "view_productsaleshistory"
}
}, {
"model": "auth.permission",
"pk": 185,
"fields": {
"name": "Can add shift analytics",
"content_type": 47,
"codename": "add_shiftanalytics"
}
}, {
"model": "auth.permission",
"pk": 186,
"fields": {
"name": "Can change shift analytics",
"content_type": 47,
"codename": "change_shiftanalytics"
}
}, {
"model": "auth.permission",
"pk": 187,
"fields": {
"name": "Can delete shift analytics",
"content_type": 47,
"codename": "delete_shiftanalytics"
}
}, {
"model": "auth.permission",
"pk": 188,
"fields": {
"name": "Can view shift analytics",
"content_type": 47,
"codename": "view_shiftanalytics"
}
}, {
"model": "auth.group",
"pk": 1,
"fields": {
"name": "admin",
"permissions": [
1,
2,
3,
4,
9,
10,
11,
12,
5,
6,
7,
8,
13,
14,
15,
16,
121,
122,
123,
124,
133,
134,
135,
136,
17,
18,
19,
20,
77,
78,
79,
80,
81,
82,
83,
84,
37,
38,
39,
40,
41,
42,
43,
44,
45,
46,
47,
48,
49,
50,
51,
52,
129,
130,
131,
132,
69,
70,
71,
72,
73,
74,
75,
76,
93,
94,
95,
96,
97,
98,
99,
100,
85,
86,
87,
88,
89,
90,
91,
92,
53,
54,
55,
56,
57,
58,
59,
60,
125,
126,
127,
128,
61,
62,
63,
64,
65,
66,
67,
68,
21,
22,
23,
24,
117,
118,
119,
120,
101,
102,
103,
104,
109,
110,
111,
112,
105,
106,
107,
108,
113,
114,
115,
116,
25,
26,
27,
28,
29,
30,
31,
32,
33,
34,
35,
36
]
}
}, {
"model": "auth.group",
"pk": 2,
"fields": {
"name": "pos",
"permissions": [
1,
2,
3,
4,
9,
10,
11,
12,
5,
6,
7,
8,
13,
14,
15,
16,
121,
122,
123,
124,
133,
134,
135,
136,
17,
18,
19,
20,
77,
78,
79,
80,
81,
82,
83,
84,
37,
38,
39,
40,
41,
42,
43,
44,
145,
146,
147,
148,
45,
46,
47,
48,
137,
138,
139,
140,
141,
142,
143,
144,
49,
50,
51,
52,
149,
150,
151,
152,
129,
130,
131,
132,
69,
70,
71,
72,
73,
74,
75,
76,
93,
94,
95,
96,
97,
98,
99,
100,
85,
86,
87,
88,
89,
90,
91,
92,
53,
54,
55,
56,
57,
58,
59,
60,
125,
126,
127,
128,
61,
62,
63,
64,
65,
66,
67,
68,
21,
22,
23,
24,
117,
118,
119,
120,
101,
102,
103,
104,
109,
110,
111,
112,
105,
106,
107,
108,
113,
114,
115,
116,
25,
26,
27,
28,
29,
30,
31,
32,
33,
34,
35,
36
]
}
}, {
"model": "auth.user",
"pk": 1,
"fields": {
"password": "pbkdf2_sha256$1000000$aktNgc24krOpIpD5gum7Au$hlkOXGBndWdoHgl/rR3XbrCJAQIAqZjMoEAPyXR0mY8=",
"last_login": "2025-10-12T10:08:27.591Z",
"is_superuser": true,
"username": "admin",
"first_name": "",
"last_name": "",
"email": "admin@gmail.com",
"is_staff": true,
"is_active": true,
"date_joined": "2025-09-22T09:33:13Z",
"groups": [
1
],
"user_permissions": [
1,
2,
3,
4,
9,
10,
11,
12,
5,
6,
7,
8,
13,
14,
15,
16,
121,
122,
123,
124,
133,
134,
135,
136,
17,
18,
19,
20,
77,
78,
79,
80,
81,
82,
83,
84,
37,
38,
39,
40,
41,
42,
43,
44,
145,
146,
147,
148,
45,
46,
47,
48,
137,
138,
139,
140,
141,
142,
143,
144,
49,
50,
51,
52,
149,
150,
151,
152,
129,
130,
131,
132,
69,
70,
71,
72,
73,
74,
75,
76,
93,
94,
95,
96,
97,
98,
99,
100,
85,
86,
87,
88,
89,
90,
91,
92,
53,
54,
55,
56,
57,
58,
59,
60,
125,
126,
127,
128,
61,
62,
63,
64,
65,
66,
67,
68,
21,
22,
23,
24,
117,
118,
119,
120,
101,
102,
103,
104,
109,
110,
111,
112,
105,
106,
107,
108,
113,
114,
115,
116,
25,
26,
27,
28,
29,
30,
31,
32,
33,
34,
35,
36
]
}
}, {
"model": "auth.user",
"pk": 2,
"fields": {
"password": "pbkdf2_sha256$1000000$NMT5jIQWNqKUdAbp3O6PaT$m14pSg/yESutQdTU8XvSodCoGlyt0HlZ1lyUv4hl2yo=",
"last_login": null,
"is_superuser": false,
"username": "testuser",
"first_name": "",
"last_name": "",
"email": "test@example.com",
"is_staff": false,
"is_active": true,
"date_joined": "2025-09-22T11:24:50.013Z",
"groups": [],
"user_permissions": []
}
}, {
"model": "auth.user",
"pk": 3,
"fields": {
"password": "pbkdf2_sha256$1000000$HMS3QWYXGTu88E0LTkUtJT$3AH08PWlLZjWynKZ+4bP2YVkIy7Fb9Ya/BN1s2q03JU=",
"last_login": null,
"is_superuser": false,
"username": "admin1",
"first_name": "",
"last_name": "",
"email": "",
"is_staff": false,
"is_active": true,
"date_joined": "2025-09-30T09:32:00Z",
"groups": [
2
],
"user_permissions": [
1,
2,
3,
4,
9,
10,
11,
12,
5,
6,
7,
8,
13,
14,
15,
16,
121,
122,
123,
124,
133,
134,
135,
136,
17,
18,
19,
20,
77,
78,
79,
80,
81,
82,
83,
84,
37,
38,
39,
40,
41,
42,
43,
44,
145,
146,
147,
148,
45,
46,
47,
48,
137,
138,
139,
140,
141,
142,
143,
144,
49,
50,
51,
52,
149,
150,
151,
152,
129,
130,
131,
132,
69,
70,
71,
72,
73,
74,
75,
76,
93,
94,
95,
96,
97,
98,
99,
100,
85,
86,
87,
88,
89,
90,
91,
92,
53,
54,
55,
56,
57,
58,
59,
60,
125,
126,
127,
128,
61,
62,
63,
64,
65,
66,
67,
68,
21,
22,
23,
24,
117,
118,
119,
120,
101,
102,
103,
104,
109,
110,
111,
112,
105,
106,
107,
108,
113,
114,
115,
116,
25,
26,
27,
28,
29,
30,
31,
32,
33,
34,
35,
36
]
}
}, {
"model": "auth.user",
"pk": 4,
"fields": {
"password": "pbkdf2_sha256$1000000$VDYF6OlEQRDITsC4SpzsSF$G/PnDADeHXo/QCZCs70j1QELWk8ex8prEMd5qZxnl48=",
"last_login": null,
"is_superuser": true,
"username": "user",
"first_name": "",
"last_name": "",
"email": "",
"is_staff": true,
"is_active": true,
"date_joined": "2025-10-03T09:03:16Z",
"groups": [
2
],
"user_permissions": [
1,
2,
3,
4,
9,
10,
11,
12,
5,
6,
7,
8,
13,
14,
15,
16,
121,
122,
123,
124,
133,
134,
135,
136,
17,
18,
19,
20,
77,
78,
79,
80,
81,
82,
83,
84,
37,
38,
39,
40,
41,
42,
43,
44,
145,
146,
147,
148,
45,
46,
47,
48,
137,
138,
139,
140,
141,
142,
143,
144,
49,
50,
51,
52,
149,
150,
151,
152,
129,
130,
131,
132,
69,
70,
71,
72,
73,
74,
75,
76,
93,
94,
95,
96,
97,
98,
99,
100,
85,
86,
87,
88,
89,
90,
91,
92,
53,
54,
55,
56,
57,
58,
59,
60,
125,
126,
127,
128,
61,
62,
63,
64,
65,
66,
67,
68,
21,
22,
23,
24,
117,
118,
119,
120,
101,
102,
103,
104,
109,
110,
111,
112,
105,
106,
107,
108,
113,
114,
115,
116,
25,
26,
27,
28,
29,
30,
31,
32,
33,
34,
35,
36
]
}
}, {
"model": "contenttypes.contenttype",
"pk": 1,
"fields": {
"app_label": "admin",
"model": "logentry"
}
}, {
"model": "contenttypes.contenttype",
"pk": 2,
"fields": {
"app_label": "auth",
"model": "permission"
}
}, {
"model": "contenttypes.contenttype",
"pk": 3,
"fields": {
"app_label": "auth",
"model": "group"
}
}, {
"model": "contenttypes.contenttype",
"pk": 4,
"fields": {
"app_label": "auth",
"model": "user"
}
}, {
"model": "contenttypes.contenttype",
"pk": 5,
"fields": {
"app_label": "contenttypes",
"model": "contenttype"
}
}, {
"model": "contenttypes.contenttype",
"pk": 6,
"fields": {
"app_label": "sessions",
"model": "session"
}
}, {
"model": "contenttypes.contenttype",
"pk": 7,
"fields": {
"app_label": "token_blacklist",
"model": "blacklistedtoken"
}
}, {
"model": "contenttypes.contenttype",
"pk": 8,
"fields": {
"app_label": "token_blacklist",
"model": "outstandingtoken"
}
}, {
"model": "contenttypes.contenttype",
"pk": 9,
"fields": {
"app_label": "users",
"model": "userprofile"
}
}, {
"model": "contenttypes.contenttype",
"pk": 10,
"fields": {
"app_label": "inventory",
"model": "batch"
}
}, {
"model": "contenttypes.contenttype",
"pk": 11,
"fields": {
"app_label": "inventory",
"model": "category"
}
}, {
"model": "contenttypes.contenttype",
"pk": 12,
"fields": {
"app_label": "inventory",
"model": "product"
}
}, {
"model": "contenttypes.contenttype",
"pk": 13,
"fields": {
"app_label": "inventory",
"model": "stockmovement"
}
}, {
"model": "contenttypes.contenttype",
"pk": 14,
"fields": {
"app_label": "sales",
"model": "cart"
}
}, {
"model": "contenttypes.contenttype",
"pk": 15,
"fields": {
"app_label": "sales",
"model": "cartitem"
}
}, {
"model": "contenttypes.contenttype",
"pk": 16,
"fields": {
"app_label": "sales",
"model": "sale"
}
}, {
"model": "contenttypes.contenttype",
"pk": 17,
"fields": {
"app_label": "sales",
"model": "saleitem"
}
}, {
"model": "contenttypes.contenttype",
"pk": 18,
"fields": {
"app_label": "payments",
"model": "payment"
}
}, {
"model": "contenttypes.contenttype",
"pk": 19,
"fields": {
"app_label": "payments",
"model": "paymentlog"
}
}, {
"model": "contenttypes.contenttype",
"pk": 20,
"fields": {
"app_label": "customers",
"model": "customer"
}
}, {
"model": "contenttypes.contenttype",
"pk": 21,
"fields": {
"app_label": "customers",
"model": "loyaltytransaction"
}
}, {
"model": "contenttypes.contenttype",
"pk": 22,
"fields": {
"app_label": "repairs",
"model": "repair"
}
}, {
"model": "contenttypes.contenttype",
"pk": 23,
"fields": {
"app_label": "repairs",
"model": "repairpart"
}
}, {
"model": "contenttypes.contenttype",
"pk": 24,
"fields": {
"app_label": "preorders",
"model": "preorder"
}
}, {
"model": "contenttypes.contenttype",
"pk": 25,
"fields": {
"app_label": "preorders",
"model": "preorderpayment"
}
}, {
"model": "contenttypes.contenttype",
"pk": 26,
"fields": {
"app_label": "suppliers",
"model": "purchaseorder"
}
}, {
"model": "contenttypes.contenttype",
"pk": 27,
"fields": {
"app_label": "suppliers",
"model": "supplier"
}
}, {
"model": "contenttypes.contenttype",
"pk": 28,
"fields": {
"app_label": "suppliers",
"model": "purchaseorderitem"
}
}, {
"model": "contenttypes.contenttype",
"pk": 29,
"fields": {
"app_label": "suppliers",
"model": "supplierpricehistory"
}
}, {
"model": "contenttypes.contenttype",
"pk": 30,
"fields": {
"app_label": "shifts",
"model": "shift"
}
}, {
"model": "contenttypes.contenttype",
"pk": 31,
"fields": {
"app_label": "branches",
"model": "branch"
}
}, {
"model": "contenttypes.contenttype",
"pk": 32,
"fields": {
"app_label": "sales",
"model": "return"
}
}, {
"model": "contenttypes.contenttype",
"pk": 33,
"fields": {
"app_label": "payments",
"model": "installmentplan"
}
}, {
"model": "contenttypes.contenttype",
"pk": 34,
"fields": {
"app_label": "chits",
"model": "chit"
}
}, {
"model": "contenttypes.contenttype",
"pk": 35,
"fields": {
"app_label": "inventory",
"model": "purchase"
}
}, {
"model": "contenttypes.contenttype",
"pk": 36,
"fields": {
"app_label": "inventory",
"model": "saleshistory"
}
}, {
"model": "contenttypes.contenttype",
"pk": 37,
"fields": {
"app_label": "inventory",
"model": "pricehistory"
}
}, {
"model": "contenttypes.contenttype",
"pk": 38,
"fields": {
"app_label": "inventory",
"model": "supplier"
}
}, {
"model": "contenttypes.contenttype",
"pk": 39,
"fields": {
"app_label": "sales",
"model": "invoiceitem"
}
}, {
"model": "contenttypes.contenttype",
"pk": 40,
"fields": {
"app_label": "sales",
"model": "invoice"
}
}, {
"model": "contenttypes.contenttype",
"pk": 41,
"fields": {
"app_label": "reports",
"model": "profitlossreport"
}
}, {
"model": "contenttypes.contenttype",
"pk": 42,
"fields": {
"app_label": "reports",
"model": "salesreport"
}
}, {
"model": "contenttypes.contenttype",
"pk": 43,
"fields": {
"app_label": "reports",
"model": "report"
}
}, {
"model": "contenttypes.contenttype",
"pk": 44,
"fields": {
"app_label": "reports",
"model": "inventoryanalytics"
}
}, {
"model": "contenttypes.contenttype",
"pk": 45,
"fields": {
"app_label": "reports",
"model": "customeranalytics"
}
}, {
"model": "contenttypes.contenttype",
"pk": 46,
"fields": {
"app_label": "reports",
"model": "productsaleshistory"
}
}, {
"model": "contenttypes.contenttype",
"pk": 47,
"fields": {
"app_label": "reports",
"model": "shiftanalytics"
}
}, {
"model": "token_blacklist.outstandingtoken",
"pk": 1,
"fields": {
"user": 1,
"jti": "90ffc21767064f019d8a8ccb1f71fa7b",
"token": "eyJhbGciOiJIUzI1NiIsInR5cCI6IkpXVCJ9.eyJ0b2tlbl90eXBlIjoicmVmcmVzaCIsImV4cCI6MTc1ODYyODkyNSwiaWF0IjoxNzU4NTQyNTI1LCJqdGkiOiI5MGZmYzIxNzY3MDY0ZjAxOWQ4YThjY2IxZjcxZmE3YiIsInVzZXJfaWQiOjF9.4t1Km1dp1izjV1BEjD9HhlTX0zDLy13Gef2fUJ_DzCk",
"created_at": "2025-09-22T12:02:05.654Z",
"expires_at": "2025-09-23T12:02:05Z"
}
}, {
"model": "token_blacklist.outstandingtoken",
"pk": 2,
"fields": {
"user": 1,
"jti": "7d1f8235a740453c83c4e40630fbcb79",
"token": "eyJhbGciOiJIUzI1NiIsInR5cCI6IkpXVCJ9.eyJ0b2tlbl90eXBlIjoicmVmcmVzaCIsImV4cCI6MTc1ODYzMDE2MiwiaWF0IjoxNzU4NTQzNzYyLCJqdGkiOiI3ZDFmODIzNWE3NDA0NTNjODNjNGU0MDYzMGZiY2I3OSIsInVzZXJfaWQiOjF9.FvFlikJ_4-6DyQ7djP8IcJxGJ43ct-MY7xcK6fmrmQk",
"created_at": "2025-09-22T12:22:42.559Z",
"expires_at": "2025-09-23T12:22:42Z"
}
}, {
"model": "token_blacklist.outstandingtoken",
"pk": 3,
"fields": {
"user": 1,
"jti": "2aaf74d240064e188275ac0fb7933c9d",
"token": "eyJhbGciOiJIUzI1NiIsInR5cCI6IkpXVCJ9.eyJ0b2tlbl90eXBlIjoicmVmcmVzaCIsImV4cCI6MTc1ODYzMDIzNCwiaWF0IjoxNzU4NTQzODM0LCJqdGkiOiIyYWFmNzRkMjQwMDY0ZTE4ODI3NWFjMGZiNzkzM2M5ZCIsInVzZXJfaWQiOjF9.R-pbyEWl9eSKlej-abk4lsNRnPPEOirCpXhYwqNz0rM",
"created_at": "2025-09-22T12:23:54.231Z",
"expires_at": "2025-09-23T12:23:54Z"
}
}, {
"model": "token_blacklist.outstandingtoken",
"pk": 4,
"fields": {
"user": 1,
"jti": "1960b61bfed34aedbd47a4de533d3b75",
"token": "eyJhbGciOiJIUzI1NiIsInR5cCI6IkpXVCJ9.eyJ0b2tlbl90eXBlIjoicmVmcmVzaCIsImV4cCI6MTc1ODYzMDg2OSwiaWF0IjoxNzU4NTQ0NDY5LCJqdGkiOiIxOTYwYjYxYmZlZDM0YWVkYmQ0N2E0ZGU1MzNkM2I3NSIsInVzZXJfaWQiOjF9.L69_y29zt36Qr40_KKieyf9jVRFttN7JeQWNWRtC04Q",
"created_at": "2025-09-22T12:34:29.809Z",
"expires_at": "2025-09-23T12:34:29Z"
}
}, {
"model": "token_blacklist.outstandingtoken",
"pk": 5,
"fields": {
"user": 1,
"jti": "f8c3eef3c4754f15b811351d8ca9fdc6",
"token": "eyJhbGciOiJIUzI1NiIsInR5cCI6IkpXVCJ9.eyJ0b2tlbl90eXBlIjoicmVmcmVzaCIsImV4cCI6MTc1ODYzMDg3NSwiaWF0IjoxNzU4NTQ0NDc1LCJqdGkiOiJmOGMzZWVmM2M0NzU0ZjE1YjgxMTM1MWQ4Y2E5ZmRjNiIsInVzZXJfaWQiOjF9.YHi3ICA1VLKldBkNpEATpKwiRQ0Yvl2EF6NQ8okSTXs",
"created_at": "2025-09-22T12:34:35.168Z",
"expires_at": "2025-09-23T12:34:35Z"
}
}, {
"model": "token_blacklist.outstandingtoken",
"pk": 6,
"fields": {
"user": 1,
"jti": "20acea746ffc4491980493bf78f9f610",
"token": "eyJhbGciOiJIUzI1NiIsInR5cCI6IkpXVCJ9.eyJ0b2tlbl90eXBlIjoicmVmcmVzaCIsImV4cCI6MTc1ODYzMDg5OSwiaWF0IjoxNzU4NTQ0NDk5LCJqdGkiOiIyMGFjZWE3NDZmZmM0NDkxOTgwNDkzYmY3OGY5ZjYxMCIsInVzZXJfaWQiOjF9.xBjnWKQPxJIML3hyXa9X9xsEnO3GPx5YPr868zyBEnQ",
"created_at": "2025-09-22T12:34:59.552Z",
"expires_at": "2025-09-23T12:34:59Z"
}
}, {
"model": "token_blacklist.outstandingtoken",
"pk": 7,
"fields": {
"user": 1,
"jti": "be9507c87ea14c1b8f8ec0aab9822a1d",
"token": "eyJhbGciOiJIUzI1NiIsInR5cCI6IkpXVCJ9.eyJ0b2tlbl90eXBlIjoicmVmcmVzaCIsImV4cCI6MTc1ODYzNDcwMCwiaWF0IjoxNzU4NTQ4MzAwLCJqdGkiOiJiZTk1MDdjODdlYTE0YzFiOGY4ZWMwYWFiOTgyMmExZCIsInVzZXJfaWQiOjF9.ksJ0Hqmj2zrFaMoTja9mPDNPxEFueDytcXcHlsF1CqM",
"created_at": "2025-09-22T13:38:20.856Z",
"expires_at": "2025-09-23T13:38:20Z"
}
}, {
"model": "token_blacklist.outstandingtoken",
"pk": 8,
"fields": {
"user": 1,
"jti": "817fbe19922243c5833c5af2931efba7",
"token": "eyJhbGciOiJIUzI1NiIsInR5cCI6IkpXVCJ9.eyJ0b2tlbl90eXBlIjoicmVmcmVzaCIsImV4cCI6MTc1ODYzNDk0NywiaWF0IjoxNzU4NTQ4NTQ3LCJqdGkiOiI4MTdmYmUxOTkyMjI0M2M1ODMzYzVhZjI5MzFlZmJhNyIsInVzZXJfaWQiOjF9.vMOTkTST68gyEt2U1RnhI1H4zJmnfU2aUSEHDGf6m64",
"created_at": "2025-09-22T13:42:27.643Z",
"expires_at": "2025-09-23T13:42:27Z"
}
}, {
"model": "token_blacklist.outstandingtoken",
"pk": 9,
"fields": {
"user": 1,
"jti": "fba0028c079b421d8cca1229580cfeae",
"token": "eyJhbGciOiJIUzI1NiIsInR5cCI6IkpXVCJ9.eyJ0b2tlbl90eXBlIjoicmVmcmVzaCIsImV4cCI6MTc1ODYzNTAyOSwiaWF0IjoxNzU4NTQ4NjI5LCJqdGkiOiJmYmEwMDI4YzA3OWI0MjFkOGNjYTEyMjk1ODBjZmVhZSIsInVzZXJfaWQiOjF9.wHfzoCgVaJelhqK-EKZoXbBOU5H1GVIeWDupQXbklaw",
"created_at": "2025-09-22T13:43:49.380Z",
"expires_at": "2025-09-23T13:43:49Z"
}
}, {
"model": "token_blacklist.outstandingtoken",
"pk": 10,
"fields": {
"user": 1,
"jti": "3739db885f3a4d6494d0c503a8ae5e52",
"token": "eyJhbGciOiJIUzI1NiIsInR5cCI6IkpXVCJ9.eyJ0b2tlbl90eXBlIjoicmVmcmVzaCIsImV4cCI6MTc1ODYzNTQ0OSwiaWF0IjoxNzU4NTQ5MDQ5LCJqdGkiOiIzNzM5ZGI4ODVmM2E0ZDY0OTRkMGM1MDNhOGFlNWU1MiIsInVzZXJfaWQiOjF9.Bk7x1cYgKIIzgkWJa6U_9Vh3go0O7FAMqpWWmIYsvdI",
"created_at": "2025-09-22T13:50:49.932Z",
"expires_at": "2025-09-23T13:50:49Z"
}
}, {
"model": "token_blacklist.outstandingtoken",
"pk": 11,
"fields": {
"user": 1,
"jti": "692af1d355d4442ba347a1bf61968ea4",
"token": "eyJhbGciOiJIUzI1NiIsInR5cCI6IkpXVCJ9.eyJ0b2tlbl90eXBlIjoicmVmcmVzaCIsImV4cCI6MTc1ODYzNTQ3MiwiaWF0IjoxNzU4NTQ5MDcyLCJqdGkiOiI2OTJhZjFkMzU1ZDQ0NDJiYTM0N2ExYmY2MTk2OGVhNCIsInVzZXJfaWQiOjF9.XrLMG7Vp1fld8jT9cdpr6JrrG-mlQd2_nKXUbFyWCcs",
"created_at": "2025-09-22T13:51:12.398Z",
"expires_at": "2025-09-23T13:51:12Z"
}
}, {
"model": "token_blacklist.outstandingtoken",
"pk": 12,
"fields": {
"user": 1,
"jti": "bbc5efa7b3d34d19af86c22096581c13",
"token": "eyJhbGciOiJIUzI1NiIsInR5cCI6IkpXVCJ9.eyJ0b2tlbl90eXBlIjoicmVmcmVzaCIsImV4cCI6MTc1ODYzNTUzOCwiaWF0IjoxNzU4NTQ5MTM4LCJqdGkiOiJiYmM1ZWZhN2IzZDM0ZDE5YWY4NmMyMjA5NjU4MWMxMyIsInVzZXJfaWQiOjF9.9LDmdZKLRFk0CpWiQQfkiTBxzTsoNKDddX9FwD943Rs",
"created_at": "2025-09-22T13:52:18.308Z",
"expires_at": "2025-09-23T13:52:18Z"
}
}, {
"model": "token_blacklist.outstandingtoken",
"pk": 13,
"fields": {
"user": 1,
"jti": "4a97bb6db5ac466c9169e5c6b33747b9",
"token": "eyJhbGciOiJIUzI1NiIsInR5cCI6IkpXVCJ9.eyJ0b2tlbl90eXBlIjoicmVmcmVzaCIsImV4cCI6MTc1ODYzNTY1MiwiaWF0IjoxNzU4NTQ5MjUyLCJqdGkiOiI0YTk3YmI2ZGI1YWM0NjZjOTE2OWU1YzZiMzM3NDdiOSIsInVzZXJfaWQiOjF9.iF97gfTUig_nTadpkK_Rne-207iZlz4M3dcxgZnHVNg",
"created_at": "2025-09-22T13:54:12.173Z",
"expires_at": "2025-09-23T13:54:12Z"
}
}, {
"model": "token_blacklist.outstandingtoken",
"pk": 14,
"fields": {
"user": 1,
"jti": "4a68cea74fff427eb7031266163a5fda",
"token": "eyJhbGciOiJIUzI1NiIsInR5cCI6IkpXVCJ9.eyJ0b2tlbl90eXBlIjoicmVmcmVzaCIsImV4cCI6MTc1ODYzNTY3OSwiaWF0IjoxNzU4NTQ5Mjc5LCJqdGkiOiI0YTY4Y2VhNzRmZmY0MjdlYjcwMzEyNjYxNjNhNWZkYSIsInVzZXJfaWQiOjF9.rmxGAWT5z8TMrDGivs40kQv_-PsPG97NlPBHCTBr-WQ",
"created_at": "2025-09-22T13:54:39.629Z",
"expires_at": "2025-09-23T13:54:39Z"
}
}, {
"model": "token_blacklist.outstandingtoken",
"pk": 15,
"fields": {
"user": 1,
"jti": "0f21f82a29044d2491c76aefede145af",
"token": "eyJhbGciOiJIUzI1NiIsInR5cCI6IkpXVCJ9.eyJ0b2tlbl90eXBlIjoicmVmcmVzaCIsImV4cCI6MTc1ODYzNTgzMiwiaWF0IjoxNzU4NTQ5NDMyLCJqdGkiOiIwZjIxZjgyYTI5MDQ0ZDI0OTFjNzZhZWZlZGUxNDVhZiIsInVzZXJfaWQiOjF9.z4NnGFZhyyNDTbc3BD52TG6fjATyoClbij06UNbKQEA",
"created_at": "2025-09-22T13:57:12.986Z",
"expires_at": "2025-09-23T13:57:12Z"
}
}, {
"model": "token_blacklist.outstandingtoken",
"pk": 16,
"fields": {
"user": 1,
"jti": "be904bdba47149d4aaebb4d3f5f3db3e",
"token": "eyJhbGciOiJIUzI1NiIsInR5cCI6IkpXVCJ9.eyJ0b2tlbl90eXBlIjoicmVmcmVzaCIsImV4cCI6MTc1ODYzNTk4MCwiaWF0IjoxNzU4NTQ5NTgwLCJqdGkiOiJiZTkwNGJkYmE0NzE0OWQ0YWFlYmI0ZDNmNWYzZGIzZSIsInVzZXJfaWQiOjF9.yWR7C14DRARaDY-VQERBvBG4YEAMgF3KNPy7JpnH9_I",
"created_at": "2025-09-22T13:59:40.525Z",
"expires_at": "2025-09-23T13:59:40Z"
}
}, {
"model": "token_blacklist.outstandingtoken",
"pk": 17,
"fields": {
"user": 1,
"jti": "013b662365b7422ea8f4a9f0af00647e",
"token": "eyJhbGciOiJIUzI1NiIsInR5cCI6IkpXVCJ9.eyJ0b2tlbl90eXBlIjoicmVmcmVzaCIsImV4cCI6MTc1ODYzNjAyNCwiaWF0IjoxNzU4NTQ5NjI0LCJqdGkiOiIwMTNiNjYyMzY1Yjc0MjJlYThmNGE5ZjBhZjAwNjQ3ZSIsInVzZXJfaWQiOjF9.7l7G47zK-p8pUdekJNC9gDCdrnqGLUbONeRU7w8K_WE",
"created_at": "2025-09-22T14:00:24.431Z",
"expires_at": "2025-09-23T14:00:24Z"
}
}, {
"model": "token_blacklist.outstandingtoken",
"pk": 18,
"fields": {
"user": 1,
"jti": "135315aa002a49fb99906f72d718156c",
"token": "eyJhbGciOiJIUzI1NiIsInR5cCI6IkpXVCJ9.eyJ0b2tlbl90eXBlIjoicmVmcmVzaCIsImV4cCI6MTc1ODYzNjEyMSwiaWF0IjoxNzU4NTQ5NzIxLCJqdGkiOiIxMzUzMTVhYTAwMmE0OWZiOTk5MDZmNzJkNzE4MTU2YyIsInVzZXJfaWQiOjF9.0tZ-aMfLXv_6Sqqt6a8nTSiOpnPwlXg6Xy2JaDTQ6ys",
"created_at": "2025-09-22T14:02:01.440Z",
"expires_at": "2025-09-23T14:02:01Z"
}
}, {
"model": "token_blacklist.outstandingtoken",
"pk": 19,
"fields": {
"user": 1,
"jti": "24ea65554e3744739c8ad54ca5942b4a",
"token": "eyJhbGciOiJIUzI1NiIsInR5cCI6IkpXVCJ9.eyJ0b2tlbl90eXBlIjoicmVmcmVzaCIsImV4cCI6MTc1ODYzNjE3MywiaWF0IjoxNzU4NTQ5NzczLCJqdGkiOiIyNGVhNjU1NTRlMzc0NDczOWM4YWQ1NGNhNTk0MmI0YSIsInVzZXJfaWQiOjF9.E51_nS1alKiZOO6-AqK_7Ybw3D9gpT-bHpRDQv8DRis",
"created_at": "2025-09-22T14:02:53.896Z",
"expires_at": "2025-09-23T14:02:53Z"
}
}, {
"model": "token_blacklist.outstandingtoken",
"pk": 20,
"fields": {
"user": 1,
"jti": "359a1474d9134fdeaffed3a9c0d817ed",
"token": "eyJhbGciOiJIUzI1NiIsInR5cCI6IkpXVCJ9.eyJ0b2tlbl90eXBlIjoicmVmcmVzaCIsImV4cCI6MTc1ODYzNjE4MywiaWF0IjoxNzU4NTQ5NzgzLCJqdGkiOiIzNTlhMTQ3NGQ5MTM0ZmRlYWZmZWQzYTljMGQ4MTdlZCIsInVzZXJfaWQiOjF9.tWt0DGvg16B1SPK6a-i0QCHcevPDa9J8Q3MpZAN1MBA",
"created_at": "2025-09-22T14:03:03.822Z",
"expires_at": "2025-09-23T14:03:03Z"
}
}, {
"model": "token_blacklist.outstandingtoken",
"pk": 21,
"fields": {
"user": 1,
"jti": "da0d9f133b4049f4b41ab9a50e31fa57",
"token": "eyJhbGciOiJIUzI1NiIsInR5cCI6IkpXVCJ9.eyJ0b2tlbl90eXBlIjoicmVmcmVzaCIsImV4cCI6MTc1ODYzNjM0OSwiaWF0IjoxNzU4NTQ5OTQ5LCJqdGkiOiJkYTBkOWYxMzNiNDA0OWY0YjQxYWI5YTUwZTMxZmE1NyIsInVzZXJfaWQiOjF9.x0GqUgwq3H46yTWga0oQXbGhNlREIGymcjO7aylPSbs",
"created_at": "2025-09-22T14:05:49.730Z",
"expires_at": "2025-09-23T14:05:49Z"
}
}, {
"model": "token_blacklist.outstandingtoken",
"pk": 22,
"fields": {
"user": 1,
"jti": "db0e252437f345dc81b09122ae1758f9",
"token": "eyJhbGciOiJIUzI1NiIsInR5cCI6IkpXVCJ9.eyJ0b2tlbl90eXBlIjoicmVmcmVzaCIsImV4cCI6MTc1ODYzNzQwNywiaWF0IjoxNzU4NTUxMDA3LCJqdGkiOiJkYjBlMjUyNDM3ZjM0NWRjODFiMDkxMjJhZTE3NThmOSIsInVzZXJfaWQiOjF9.fS6SHfnqrnWTcRVQE3RJlxdWR4fxTL8630Ri22FeSAw",
"created_at": "2025-09-22T14:23:27.335Z",
"expires_at": "2025-09-23T14:23:27Z"
}
}, {
"model": "token_blacklist.outstandingtoken",
"pk": 23,
"fields": {
"user": 1,
"jti": "a2f598bd2f024a9bbed96f1420e90ffd",
"token": "eyJhbGciOiJIUzI1NiIsInR5cCI6IkpXVCJ9.eyJ0b2tlbl90eXBlIjoicmVmcmVzaCIsImV4cCI6MTc1ODYzNzU1MywiaWF0IjoxNzU4NTUxMTUzLCJqdGkiOiJhMmY1OThiZDJmMDI0YTliYmVkOTZmMTQyMGU5MGZmZCIsInVzZXJfaWQiOjF9.8uvrMBkdzhEuZaeiLIPdHHb5U_-ORl8E-STIwfYbaQ4",
"created_at": "2025-09-22T14:25:53.415Z",
"expires_at": "2025-09-23T14:25:53Z"
}
}, {
"model": "token_blacklist.outstandingtoken",
"pk": 24,
"fields": {
"user": 1,
"jti": "f8227a6d936d4a9b867cdb6df279ebc7",
"token": "eyJhbGciOiJIUzI1NiIsInR5cCI6IkpXVCJ9.eyJ0b2tlbl90eXBlIjoicmVmcmVzaCIsImV4cCI6MTc1ODYzNzkwMywiaWF0IjoxNzU4NTUxNTAzLCJqdGkiOiJmODIyN2E2ZDkzNmQ0YTliODY3Y2RiNmRmMjc5ZWJjNyIsInVzZXJfaWQiOjF9.GbdELQFQtyCkfb4yVoKyTnKIhyEDUhi1KcWfDf_YlLE",
"created_at": "2025-09-22T14:31:43.497Z",
"expires_at": "2025-09-23T14:31:43Z"
}
}, {
"model": "token_blacklist.outstandingtoken",
"pk": 25,
"fields": {
"user": 1,
"jti": "5507b8a4c16340d383062d70db549534",
"token": "eyJhbGciOiJIUzI1NiIsInR5cCI6IkpXVCJ9.eyJ0b2tlbl90eXBlIjoicmVmcmVzaCIsImV4cCI6MTc1ODY5MTE4MywiaWF0IjoxNzU4NjA0NzgzLCJqdGkiOiI1NTA3YjhhNGMxNjM0MGQzODMwNjJkNzBkYjU0OTUzNCIsInVzZXJfaWQiOjF9.I1_a8_bp9JDzrPpbbG7chwC7H7ZQREk8UUB84aiFyDs",
"created_at": "2025-09-23T05:19:43.793Z",
"expires_at": "2025-09-24T05:19:43Z"
}
}, {
"model": "token_blacklist.outstandingtoken",
"pk": 26,
"fields": {
"user": 1,
"jti": "ca9101e869184d5faa49727a0ccfccfe",
"token": "eyJhbGciOiJIUzI1NiIsInR5cCI6IkpXVCJ9.eyJ0b2tlbl90eXBlIjoicmVmcmVzaCIsImV4cCI6MTc1ODY5MTQzNSwiaWF0IjoxNzU4NjA1MDM1LCJqdGkiOiJjYTkxMDFlODY5MTg0ZDVmYWE0OTcyN2EwY2NmY2NmZSIsInVzZXJfaWQiOjF9.jh4fD8Z5ipjLP0niuXaRXU5QUY8haCPIxnnB-idEh_0",
"created_at": "2025-09-23T05:23:55.167Z",
"expires_at": "2025-09-24T05:23:55Z"
}
}, {
"model": "token_blacklist.outstandingtoken",
"pk": 27,
"fields": {
"user": 1,
"jti": "be07e99289a545a999545d21f7c68e19",
"token": "eyJhbGciOiJIUzI1NiIsInR5cCI6IkpXVCJ9.eyJ0b2tlbl90eXBlIjoicmVmcmVzaCIsImV4cCI6MTc1ODY5MTQ4NCwiaWF0IjoxNzU4NjA1MDg0LCJqdGkiOiJiZTA3ZTk5Mjg5YTU0NWE5OTk1NDVkMjFmN2M2OGUxOSIsInVzZXJfaWQiOjF9.A5-_uIZlcAgaZR-dOYSJgkNRvdtRbskRe-IUYB-UGPo",
"created_at": "2025-09-23T05:24:44.401Z",
"expires_at": "2025-09-24T05:24:44Z"
}
}, {
"model": "token_blacklist.outstandingtoken",
"pk": 28,
"fields": {
"user": 1,
"jti": "8819e967a0d3406baba9795b4bfefc07",
"token": "eyJhbGciOiJIUzI1NiIsInR5cCI6IkpXVCJ9.eyJ0b2tlbl90eXBlIjoicmVmcmVzaCIsImV4cCI6MTc1ODY5MTcyNSwiaWF0IjoxNzU4NjA1MzI1LCJqdGkiOiI4ODE5ZTk2N2EwZDM0MDZiYWJhOTc5NWI0YmZlZmMwNyIsInVzZXJfaWQiOjF9.Bu_NOC9uRGeCkU6NP4VaVzuIMVOX8fd8Pc0qpj_FhG0",
"created_at": "2025-09-23T05:28:45.764Z",
"expires_at": "2025-09-24T05:28:45Z"
}
}, {
"model": "token_blacklist.outstandingtoken",
"pk": 29,
"fields": {
"user": 1,
"jti": "0a089e69538446979067856a1c805614",
"token": "eyJhbGciOiJIUzI1NiIsInR5cCI6IkpXVCJ9.eyJ0b2tlbl90eXBlIjoicmVmcmVzaCIsImV4cCI6MTc1ODY5MTc0NSwiaWF0IjoxNzU4NjA1MzQ1LCJqdGkiOiIwYTA4OWU2OTUzODQ0Njk3OTA2Nzg1NmExYzgwNTYxNCIsInVzZXJfaWQiOjF9.7tbebizVPc26oJpSE55gUBJXkrza1DUpHvAXt7xuV_4",
"created_at": "2025-09-23T05:29:05.865Z",
"expires_at": "2025-09-24T05:29:05Z"
}
}, {
"model": "token_blacklist.outstandingtoken",
"pk": 30,
"fields": {
"user": 1,
"jti": "8a05ffb903b540e2bbedd02463eaf71d",
"token": "eyJhbGciOiJIUzI1NiIsInR5cCI6IkpXVCJ9.eyJ0b2tlbl90eXBlIjoicmVmcmVzaCIsImV4cCI6MTc1ODY5MjMxOSwiaWF0IjoxNzU4NjA1OTE5LCJqdGkiOiI4YTA1ZmZiOTAzYjU0MGUyYmJlZGQwMjQ2M2VhZjcxZCIsInVzZXJfaWQiOjF9.oYSyAP97LFjhnUWywsilAvghDzggo2OmAaEU7E1Si_8",
"created_at": "2025-09-23T05:38:39.656Z",
"expires_at": "2025-09-24T05:38:39Z"
}
}, {
"model": "token_blacklist.outstandingtoken",
"pk": 31,
"fields": {
"user": 1,
"jti": "b60ed0a82ac44da299ea743aa6b489a8",
"token": "eyJhbGciOiJIUzI1NiIsInR5cCI6IkpXVCJ9.eyJ0b2tlbl90eXBlIjoicmVmcmVzaCIsImV4cCI6MTc1ODY5MjU1OSwiaWF0IjoxNzU4NjA2MTU5LCJqdGkiOiJiNjBlZDBhODJhYzQ0ZGEyOTllYTc0M2FhNmI0ODlhOCIsInVzZXJfaWQiOjF9.n-vajHDF1LUUQ5Aa0THgOkQ-OLTjw__awJ7EkRoyBmQ",
"created_at": "2025-09-23T05:42:39.770Z",
"expires_at": "2025-09-24T05:42:39Z"
}
}, {
"model": "token_blacklist.outstandingtoken",
"pk": 32,
"fields": {
"user": 1,
"jti": "f9f5a65a9fe1400e9e0a306fa9490ea4",
"token": "eyJhbGciOiJIUzI1NiIsInR5cCI6IkpXVCJ9.eyJ0b2tlbl90eXBlIjoicmVmcmVzaCIsImV4cCI6MTc1ODY5MjU1OSwiaWF0IjoxNzU4NjA2MTU5LCJqdGkiOiJmOWY1YTY1YTlmZTE0MDBlOWUwYTMwNmZhOTQ5MGVhNCIsInVzZXJfaWQiOjF9.dF57t2038v9stBF-tAMYAbK6mlenyqrFXPFEarNzGcE",
"created_at": "2025-09-23T05:42:39.795Z",
"expires_at": "2025-09-24T05:42:39Z"
}
}, {
"model": "token_blacklist.outstandingtoken",
"pk": 33,
"fields": {
"user": 1,
"jti": "0415f549928c4daba7a3eae76d6cccca",
"token": "eyJhbGciOiJIUzI1NiIsInR5cCI6IkpXVCJ9.eyJ0b2tlbl90eXBlIjoicmVmcmVzaCIsImV4cCI6MTc1ODY5MzA1MywiaWF0IjoxNzU4NjA2NjUzLCJqdGkiOiIwNDE1ZjU0OTkyOGM0ZGFiYTdhM2VhZTc2ZDZjY2NjYSIsInVzZXJfaWQiOjF9.1VJk1v1nZh61dCmQiyJG3fS6552wOEPI-FKMeR8R0Fo",
"created_at": "2025-09-23T05:50:53.161Z",
"expires_at": "2025-09-24T05:50:53Z"
}
}, {
"model": "token_blacklist.outstandingtoken",
"pk": 34,
"fields": {
"user": 1,
"jti": "9426b508e2154cb9aa91a55ebccb0e3f",
"token": "eyJhbGciOiJIUzI1NiIsInR5cCI6IkpXVCJ9.eyJ0b2tlbl90eXBlIjoicmVmcmVzaCIsImV4cCI6MTc1ODY5NDYxNCwiaWF0IjoxNzU4NjA4MjE0LCJqdGkiOiI5NDI2YjUwOGUyMTU0Y2I5YWE5MWE1NWViY2NiMGUzZiIsInVzZXJfaWQiOjF9.fEbrwpb7KS-QS1xAuv1tD87opU3l2RP7HuIsiKXaNEM",
"created_at": "2025-09-23T06:16:54.419Z",
"expires_at": "2025-09-24T06:16:54Z"
}
}, {
"model": "token_blacklist.outstandingtoken",
"pk": 35,
"fields": {
"user": 1,
"jti": "d490c53277e5448ab20eee15a55ddff8",
"token": "eyJhbGciOiJIUzI1NiIsInR5cCI6IkpXVCJ9.eyJ0b2tlbl90eXBlIjoicmVmcmVzaCIsImV4cCI6MTc1ODc4NjA5NiwiaWF0IjoxNzU4Njk5Njk2LCJqdGkiOiJkNDkwYzUzMjc3ZTU0NDhhYjIwZWVlMTVhNTVkZGZmOCIsInVzZXJfaWQiOjF9.DGYml_lb2ClQt13qWyfDZkLCWRQXnAOODHOYMRAOKI0",
"created_at": "2025-09-24T07:41:36.161Z",
"expires_at": "2025-09-25T07:41:36Z"
}
}, {
"model": "token_blacklist.outstandingtoken",
"pk": 36,
"fields": {
"user": 1,
"jti": "1b29d943ff394c138693db864f205c19",
"token": "eyJhbGciOiJIUzI1NiIsInR5cCI6IkpXVCJ9.eyJ0b2tlbl90eXBlIjoicmVmcmVzaCIsImV4cCI6MTc1ODc4NjM2NSwiaWF0IjoxNzU4Njk5OTY1LCJqdGkiOiIxYjI5ZDk0M2ZmMzk0YzEzODY5M2RiODY0ZjIwNWMxOSIsInVzZXJfaWQiOjF9.zuwGY0OUHPcZkYj_WDXmkb4j60qzHEcnfqRHGC-j5og",
"created_at": "2025-09-24T07:46:05.032Z",
"expires_at": "2025-09-25T07:46:05Z"
}
}, {
"model": "token_blacklist.outstandingtoken",
"pk": 37,
"fields": {
"user": 1,
"jti": "09472852e6b04a92a0370d73f9fcbe79",
"token": "eyJhbGciOiJIUzI1NiIsInR5cCI6IkpXVCJ9.eyJ0b2tlbl90eXBlIjoicmVmcmVzaCIsImV4cCI6MTc1ODc4NjM2NSwiaWF0IjoxNzU4Njk5OTY1LCJqdGkiOiIwOTQ3Mjg1MmU2YjA0YTkyYTAzNzBkNzNmOWZjYmU3OSIsInVzZXJfaWQiOjF9.BBPUVfeWKmhg1RWjuAYdeNQ9_YGNW2R1OwmCtrrQjyA",
"created_at": "2025-09-24T07:46:05.247Z",
"expires_at": "2025-09-25T07:46:05Z"
}
}, {
"model": "token_blacklist.outstandingtoken",
"pk": 38,
"fields": {
"user": 1,
"jti": "5bb2e9d73a5241d28c3049f6522f7725",
"token": "eyJhbGciOiJIUzI1NiIsInR5cCI6IkpXVCJ9.eyJ0b2tlbl90eXBlIjoicmVmcmVzaCIsImV4cCI6MTc1ODc4NzI2MiwiaWF0IjoxNzU4NzAwODYyLCJqdGkiOiI1YmIyZTlkNzNhNTI0MWQyOGMzMDQ5ZjY1MjJmNzcyNSIsInVzZXJfaWQiOjF9.9qjoPg_DWSXcl0L8LWMLox9XNG89j_tOzvaJ4AbAtKs",
"created_at": "2025-09-24T08:01:02.944Z",
"expires_at": "2025-09-25T08:01:02Z"
}
}, {
"model": "token_blacklist.outstandingtoken",
"pk": 39,
"fields": {
"user": 1,
"jti": "16ad513c6c114d55aa87ef38211c0303",
"token": "eyJhbGciOiJIUzI1NiIsInR5cCI6IkpXVCJ9.eyJ0b2tlbl90eXBlIjoicmVmcmVzaCIsImV4cCI6MTc1ODc4NzY1MSwiaWF0IjoxNzU4NzAxMjUxLCJqdGkiOiIxNmFkNTEzYzZjMTE0ZDU1YWE4N2VmMzgyMTFjMDMwMyIsInVzZXJfaWQiOjF9.UoclqHbJK5UCa1V1wbve3mnLzbUSXrqHXOnbY2gRKkw",
"created_at": "2025-09-24T08:07:31.799Z",
"expires_at": "2025-09-25T08:07:31Z"
}
}, {
"model": "token_blacklist.outstandingtoken",
"pk": 40,
"fields": {
"user": 1,
"jti": "e982d3c8481944f2a0b334bbd9dd58eb",
"token": "eyJhbGciOiJIUzI1NiIsInR5cCI6IkpXVCJ9.eyJ0b2tlbl90eXBlIjoicmVmcmVzaCIsImV4cCI6MTc1ODc4ODQ4NCwiaWF0IjoxNzU4NzAyMDg0LCJqdGkiOiJlOTgyZDNjODQ4MTk0NGYyYTBiMzM0YmJkOWRkNThlYiIsInVzZXJfaWQiOjF9.aNXVKjEqoaFSveBPFf7MytQrADeHezRLFrXUjJEI3sw",
"created_at": "2025-09-24T08:21:24.490Z",
"expires_at": "2025-09-25T08:21:24Z"
}
}, {
"model": "token_blacklist.outstandingtoken",
"pk": 41,
"fields": {
"user": 1,
"jti": "8809d812def043ac99db9bae1a912f47",
"token": "eyJhbGciOiJIUzI1NiIsInR5cCI6IkpXVCJ9.eyJ0b2tlbl90eXBlIjoicmVmcmVzaCIsImV4cCI6MTc1ODc4ODcyNCwiaWF0IjoxNzU4NzAyMzI0LCJqdGkiOiI4ODA5ZDgxMmRlZjA0M2FjOTlkYjliYWUxYTkxMmY0NyIsInVzZXJfaWQiOjF9.QDY65_Ur-v6uoltwI4rvfZ9yYz8Lue9Ocu26pzadNQ0",
"created_at": "2025-09-24T08:25:24.963Z",
"expires_at": "2025-09-25T08:25:24Z"
}
}, {
"model": "token_blacklist.outstandingtoken",
"pk": 42,
"fields": {
"user": 1,
"jti": "368172fac3e64ce9a802fb0ce23ac283",
"token": "eyJhbGciOiJIUzI1NiIsInR5cCI6IkpXVCJ9.eyJ0b2tlbl90eXBlIjoicmVmcmVzaCIsImV4cCI6MTc1ODc4ODcyNCwiaWF0IjoxNzU4NzAyMzI0LCJqdGkiOiIzNjgxNzJmYWMzZTY0Y2U5YTgwMmZiMGNlMjNhYzI4MyIsInVzZXJfaWQiOjF9.wITYQrnhNmiOj-dJebBl_40EfMeAq7aJvUsyp5v3B4I",
"created_at": "2025-09-24T08:25:24.938Z",
"expires_at": "2025-09-25T08:25:24Z"
}
}, {
"model": "token_blacklist.outstandingtoken",
"pk": 43,
"fields": {
"user": 1,
"jti": "aa188664ce4845e2a6252c339bf84273",
"token": "eyJhbGciOiJIUzI1NiIsInR5cCI6IkpXVCJ9.eyJ0b2tlbl90eXBlIjoicmVmcmVzaCIsImV4cCI6MTc1ODc4ODczOCwiaWF0IjoxNzU4NzAyMzM4LCJqdGkiOiJhYTE4ODY2NGNlNDg0NWUyYTYyNTJjMzM5YmY4NDI3MyIsInVzZXJfaWQiOjF9.uNkeyrnuxByIytKrnZI9Dqaunq4mgDrzASV28OmwCAA",
"created_at": "2025-09-24T08:25:38.836Z",
"expires_at": "2025-09-25T08:25:38Z"
}
}, {
"model": "token_blacklist.outstandingtoken",
"pk": 44,
"fields": {
"user": 1,
"jti": "2e5b59c727d34429bb716adad923730f",
"token": "eyJhbGciOiJIUzI1NiIsInR5cCI6IkpXVCJ9.eyJ0b2tlbl90eXBlIjoicmVmcmVzaCIsImV4cCI6MTc1ODc4OTA1MywiaWF0IjoxNzU4NzAyNjUzLCJqdGkiOiIyZTViNTljNzI3ZDM0NDI5YmI3MTZhZGFkOTIzNzMwZiIsInVzZXJfaWQiOjF9.Nahc4MQiSCqwMmCsqFjkaCibtjPGTW8utPHw92GlBYs",
"created_at": "2025-09-24T08:30:53.605Z",
"expires_at": "2025-09-25T08:30:53Z"
}
}, {
"model": "token_blacklist.outstandingtoken",
"pk": 45,
"fields": {
"user": 1,
"jti": "d308de3331244b03a527aa26638f0046",
"token": "eyJhbGciOiJIUzI1NiIsInR5cCI6IkpXVCJ9.eyJ0b2tlbl90eXBlIjoicmVmcmVzaCIsImV4cCI6MTc1ODc4OTUyMywiaWF0IjoxNzU4NzAzMTIzLCJqdGkiOiJkMzA4ZGUzMzMxMjQ0YjAzYTUyN2FhMjY2MzhmMDA0NiIsInVzZXJfaWQiOjF9.xG5JxdI5AmFvebhveD2ObXP6rKfWSky2dibF72Ux4-w",
"created_at": "2025-09-24T08:38:43.869Z",
"expires_at": "2025-09-25T08:38:43Z"
}
}, {
"model": "token_blacklist.outstandingtoken",
"pk": 46,
"fields": {
"user": 1,
"jti": "e57017b68c1d4d60ae093874ead218c7",
"token": "eyJhbGciOiJIUzI1NiIsInR5cCI6IkpXVCJ9.eyJ0b2tlbl90eXBlIjoicmVmcmVzaCIsImV4cCI6MTc1OTIzMDQ4NywiaWF0IjoxNzU5MTQ0MDg3LCJqdGkiOiJlNTcwMTdiNjhjMWQ0ZDYwYWUwOTM4NzRlYWQyMThjNyIsInVzZXJfaWQiOjF9.YvkUxPsmgeL6c3xE3ZFTCyhW40avvJAR612SBnqpNFQ",
"created_at": "2025-09-29T11:08:07.550Z",
"expires_at": "2025-09-30T11:08:07Z"
}
}, {
"model": "token_blacklist.outstandingtoken",
"pk": 47,
"fields": {
"user": 1,
"jti": "b07ce3bc4e8241499426db69b9dfeb44",
"token": "eyJhbGciOiJIUzI1NiIsInR5cCI6IkpXVCJ9.eyJ0b2tlbl90eXBlIjoicmVmcmVzaCIsImV4cCI6MTc1OTIzMTQxNCwiaWF0IjoxNzU5MTQ1MDE0LCJqdGkiOiJiMDdjZTNiYzRlODI0MTQ5OTQyNmRiNjliOWRmZWI0NCIsInVzZXJfaWQiOjF9.mQUByHYmpBmpS4j60L-1Kg4kcBD40tgytVeEUPiIZwQ",
"created_at": "2025-09-29T11:23:34.757Z",
"expires_at": "2025-09-30T11:23:34Z"
}
}, {
"model": "token_blacklist.outstandingtoken",
"pk": 48,
"fields": {
"user": 1,
"jti": "d33be826d131468680e076baa0d582b7",
"token": "eyJhbGciOiJIUzI1NiIsInR5cCI6IkpXVCJ9.eyJ0b2tlbl90eXBlIjoicmVmcmVzaCIsImV4cCI6MTc1OTIzMjIxNywiaWF0IjoxNzU5MTQ1ODE3LCJqdGkiOiJkMzNiZTgyNmQxMzE0Njg2ODBlMDc2YmFhMGQ1ODJiNyIsInVzZXJfaWQiOjF9.I_ZySLDNnM5aUY9vnJX9-nanoMwpg-kATxTqfpBH-W0",
"created_at": "2025-09-29T11:36:57.654Z",
"expires_at": "2025-09-30T11:36:57Z"
}
}, {
"model": "token_blacklist.outstandingtoken",
"pk": 49,
"fields": {
"user": 1,
"jti": "59e490cf13ba4cfab371577a87020aac",
"token": "eyJhbGciOiJIUzI1NiIsInR5cCI6IkpXVCJ9.eyJ0b2tlbl90eXBlIjoicmVmcmVzaCIsImV4cCI6MTc1OTIzMjQxNCwiaWF0IjoxNzU5MTQ2MDE0LCJqdGkiOiI1OWU0OTBjZjEzYmE0Y2ZhYjM3MTU3N2E4NzAyMGFhYyIsInVzZXJfaWQiOjF9.InRcnO7W2SxjGPA4DEwJMGEjq3MlfI1MJoAvVpGMy_U",
"created_at": "2025-09-29T11:40:14.035Z",
"expires_at": "2025-09-30T11:40:14Z"
}
}, {
"model": "token_blacklist.outstandingtoken",
"pk": 50,
"fields": {
"user": 1,
"jti": "9722feea93144102ac4bd4fc573d88e7",
"token": "eyJhbGciOiJIUzI1NiIsInR5cCI6IkpXVCJ9.eyJ0b2tlbl90eXBlIjoicmVmcmVzaCIsImV4cCI6MTc1OTIzMjUwOSwiaWF0IjoxNzU5MTQ2MTA5LCJqdGkiOiI5NzIyZmVlYTkzMTQ0MTAyYWM0YmQ0ZmM1NzNkODhlNyIsInVzZXJfaWQiOjF9.aWsP9eGVewwOwxbS5HYpskcxHpG99NLUfmRUDuH_Hsc",
"created_at": "2025-09-29T11:41:49.188Z",
"expires_at": "2025-09-30T11:41:49Z"
}
}, {
"model": "token_blacklist.outstandingtoken",
"pk": 51,
"fields": {
"user": 1,
"jti": "04f22e80b304411daf9c069dbffb905e",
"token": "eyJhbGciOiJIUzI1NiIsInR5cCI6IkpXVCJ9.eyJ0b2tlbl90eXBlIjoicmVmcmVzaCIsImV4cCI6MTc1OTIzMjUyNCwiaWF0IjoxNzU5MTQ2MTI0LCJqdGkiOiIwNGYyMmU4MGIzMDQ0MTFkYWY5YzA2OWRiZmZiOTA1ZSIsInVzZXJfaWQiOjF9.Tmu4SlDojGMBU2UnPlcYOBACLJNs7hUDN7k7LI1diXk",
"created_at": "2025-09-29T11:42:04.113Z",
"expires_at": "2025-09-30T11:42:04Z"
}
}, {
"model": "token_blacklist.outstandingtoken",
"pk": 52,
"fields": {
"user": 1,
"jti": "7cfbe837cd9141a0a92bb99a33843f44",
"token": "eyJhbGciOiJIUzI1NiIsInR5cCI6IkpXVCJ9.eyJ0b2tlbl90eXBlIjoicmVmcmVzaCIsImV4cCI6MTc1OTI5NDU5OCwiaWF0IjoxNzU5MjA4MTk4LCJqdGkiOiI3Y2ZiZTgzN2NkOTE0MWEwYTkyYmI5OWEzMzg0M2Y0NCIsInVzZXJfaWQiOjF9.dfNMzMbv79jplvIYlmNlHBmGY2op7I5ms__uRVRt7r0",
"created_at": "2025-09-30T04:56:38.627Z",
"expires_at": "2025-10-01T04:56:38Z"
}
}, {
"model": "token_blacklist.outstandingtoken",
"pk": 53,
"fields": {
"user": 1,
"jti": "b4dedd0d675d4dd389efd906c2c9d93c",
"token": "eyJhbGciOiJIUzI1NiIsInR5cCI6IkpXVCJ9.eyJ0b2tlbl90eXBlIjoicmVmcmVzaCIsImV4cCI6MTc1OTI5NjI1MSwiaWF0IjoxNzU5MjA5ODUxLCJqdGkiOiJiNGRlZGQwZDY3NWQ0ZGQzODllZmQ5MDZjMmM5ZDkzYyIsInVzZXJfaWQiOjF9.TyiMvwPeNq7qSBjhbSaA6clcvxdp8GEy1qu4i9X9ib4",
"created_at": "2025-09-30T05:24:11.442Z",
"expires_at": "2025-10-01T05:24:11Z"
}
}, {
"model": "token_blacklist.outstandingtoken",
"pk": 54,
"fields": {
"user": 1,
"jti": "eaf094c12b51441b94925841dc4634f3",
"token": "eyJhbGciOiJIUzI1NiIsInR5cCI6IkpXVCJ9.eyJ0b2tlbl90eXBlIjoicmVmcmVzaCIsImV4cCI6MTc1OTI5NzI1NCwiaWF0IjoxNzU5MjEwODU0LCJqdGkiOiJlYWYwOTRjMTJiNTE0NDFiOTQ5MjU4NDFkYzQ2MzRmMyIsInVzZXJfaWQiOjF9.idriY-NMvoP4Aescj1iAP4-QpAGLsaSVHAnFT3lI57w",
"created_at": "2025-09-30T05:40:54.196Z",
"expires_at": "2025-10-01T05:40:54Z"
}
}, {
"model": "token_blacklist.outstandingtoken",
"pk": 55,
"fields": {
"user": 1,
"jti": "71948dcad1524a38b43a6ffd04e8dc35",
"token": "eyJhbGciOiJIUzI1NiIsInR5cCI6IkpXVCJ9.eyJ0b2tlbl90eXBlIjoicmVmcmVzaCIsImV4cCI6MTc1OTI5NzM5NSwiaWF0IjoxNzU5MjEwOTk1LCJqdGkiOiI3MTk0OGRjYWQxNTI0YTM4YjQzYTZmZmQwNGU4ZGMzNSIsInVzZXJfaWQiOjF9.xk0ogMl_DwIqjlP4cqLYZ7B8LY3_b01vG8o4XoovbVQ",
"created_at": "2025-09-30T05:43:15.539Z",
"expires_at": "2025-10-01T05:43:15Z"
}
}, {
"model": "token_blacklist.outstandingtoken",
"pk": 56,
"fields": {
"user": 1,
"jti": "6cba16d5be71419eb43ada05fe01f1f6",
"token": "eyJhbGciOiJIUzI1NiIsInR5cCI6IkpXVCJ9.eyJ0b2tlbl90eXBlIjoicmVmcmVzaCIsImV4cCI6MTc1OTI5NzQxNSwiaWF0IjoxNzU5MjExMDE1LCJqdGkiOiI2Y2JhMTZkNWJlNzE0MTllYjQzYWRhMDVmZTAxZjFmNiIsInVzZXJfaWQiOjF9.pOiL3XBIcV7MVLLUWwsPp3dyqif63KkGsEUYHbXp_w8",
"created_at": "2025-09-30T05:43:35.065Z",
"expires_at": "2025-10-01T05:43:35Z"
}
}, {
"model": "token_blacklist.outstandingtoken",
"pk": 57,
"fields": {
"user": 1,
"jti": "a24631bd9eb248a7af045b88f5f73bd1",
"token": "eyJhbGciOiJIUzI1NiIsInR5cCI6IkpXVCJ9.eyJ0b2tlbl90eXBlIjoicmVmcmVzaCIsImV4cCI6MTc1OTI5NzY3MCwiaWF0IjoxNzU5MjExMjcwLCJqdGkiOiJhMjQ2MzFiZDllYjI0OGE3YWYwNDViODhmNWY3M2JkMSIsInVzZXJfaWQiOjF9.tRzavlfgypKKJv4EO62bSY9blFhe2QkY8fDlAePA0Bw",
"created_at": "2025-09-30T05:47:50.487Z",
"expires_at": "2025-10-01T05:47:50Z"
}
}, {
"model": "token_blacklist.outstandingtoken",
"pk": 58,
"fields": {
"user": 1,
"jti": "4b6f075262f44e7d95fdb56b0a9dc72d",
"token": "eyJhbGciOiJIUzI1NiIsInR5cCI6IkpXVCJ9.eyJ0b2tlbl90eXBlIjoicmVmcmVzaCIsImV4cCI6MTc1OTI5NzY3MiwiaWF0IjoxNzU5MjExMjcyLCJqdGkiOiI0YjZmMDc1MjYyZjQ0ZTdkOTVmZGI1NmIwYTlkYzcyZCIsInVzZXJfaWQiOjF9.S32wpgGYM6xvkRoB2gL0VtzjZThi3VXst0Vn30CSsSI",
"created_at": "2025-09-30T05:47:52.931Z",
"expires_at": "2025-10-01T05:47:52Z"
}
}, {
"model": "token_blacklist.outstandingtoken",
"pk": 59,
"fields": {
"user": 1,
"jti": "f4d60088f21549e0b52c4230867d2525",
"token": "eyJhbGciOiJIUzI1NiIsInR5cCI6IkpXVCJ9.eyJ0b2tlbl90eXBlIjoicmVmcmVzaCIsImV4cCI6MTc1OTI5Nzk2MiwiaWF0IjoxNzU5MjExNTYyLCJqdGkiOiJmNGQ2MDA4OGYyMTU0OWUwYjUyYzQyMzA4NjdkMjUyNSIsInVzZXJfaWQiOjF9.co5bGMLgLEgxgIH6Pi_WV92cuYAxLbiKUAs9yIYVWe8",
"created_at": "2025-09-30T05:52:42.094Z",
"expires_at": "2025-10-01T05:52:42Z"
}
}, {
"model": "token_blacklist.outstandingtoken",
"pk": 60,
"fields": {
"user": 1,
"jti": "6fd1bb037f0b4c9aa1bb68315e5c79bb",
"token": "eyJhbGciOiJIUzI1NiIsInR5cCI6IkpXVCJ9.eyJ0b2tlbl90eXBlIjoicmVmcmVzaCIsImV4cCI6MTc1OTI5Nzk2NCwiaWF0IjoxNzU5MjExNTY0LCJqdGkiOiI2ZmQxYmIwMzdmMGI0YzlhYTFiYjY4MzE1ZTVjNzliYiIsInVzZXJfaWQiOjF9.M5e3fxe2IwGAJkvuCIHXTscRmlNfC5nM9bFkAlGNgxo",
"created_at": "2025-09-30T05:52:44.533Z",
"expires_at": "2025-10-01T05:52:44Z"
}
}, {
"model": "token_blacklist.outstandingtoken",
"pk": 61,
"fields": {
"user": 1,
"jti": "14a2b16f20e542579bcd6c1c373f66e3",
"token": "eyJhbGciOiJIUzI1NiIsInR5cCI6IkpXVCJ9.eyJ0b2tlbl90eXBlIjoicmVmcmVzaCIsImV4cCI6MTc1OTI5ODY3MywiaWF0IjoxNzU5MjEyMjczLCJqdGkiOiIxNGEyYjE2ZjIwZTU0MjU3OWJjZDZjMWMzNzNmNjZlMyIsInVzZXJfaWQiOjF9.aOq4tJQBtdtTNMCYL8VEAtZ8E_7UXGNgP9MKzNIWYvs",
"created_at": "2025-09-30T06:04:33.909Z",
"expires_at": "2025-10-01T06:04:33Z"
}
}, {
"model": "token_blacklist.outstandingtoken",
"pk": 62,
"fields": {
"user": 1,
"jti": "5ab1dec658f64563b511153a1bd21a9b",
"token": "eyJhbGciOiJIUzI1NiIsInR5cCI6IkpXVCJ9.eyJ0b2tlbl90eXBlIjoicmVmcmVzaCIsImV4cCI6MTc1OTI5OTA2MSwiaWF0IjoxNzU5MjEyNjYxLCJqdGkiOiI1YWIxZGVjNjU4ZjY0NTYzYjUxMTE1M2ExYmQyMWE5YiIsInVzZXJfaWQiOjF9.Yk4LxBh-aI77f7x8YPPYjRXSx_Fp74UeXNMCXZNWfB4",
"created_at": "2025-09-30T06:11:01.719Z",
"expires_at": "2025-10-01T06:11:01Z"
}
}, {
"model": "token_blacklist.outstandingtoken",
"pk": 63,
"fields": {
"user": 1,
"jti": "c3032ef3941449bb8a4e97dd2710f315",
"token": "eyJhbGciOiJIUzI1NiIsInR5cCI6IkpXVCJ9.eyJ0b2tlbl90eXBlIjoicmVmcmVzaCIsImV4cCI6MTc1OTI5OTMyMCwiaWF0IjoxNzU5MjEyOTIwLCJqdGkiOiJjMzAzMmVmMzk0MTQ0OWJiOGE0ZTk3ZGQyNzEwZjMxNSIsInVzZXJfaWQiOjF9.h4G7S0zjfe8eR_ZElOsg90Cw5Gj4rkOOUptz4edH_hY",
"created_at": "2025-09-30T06:15:20.265Z",
"expires_at": "2025-10-01T06:15:20Z"
}
}, {
"model": "token_blacklist.outstandingtoken",
"pk": 64,
"fields": {
"user": 1,
"jti": "8c7189c4bf63432bae503c46be9edeb0",
"token": "eyJhbGciOiJIUzI1NiIsInR5cCI6IkpXVCJ9.eyJ0b2tlbl90eXBlIjoicmVmcmVzaCIsImV4cCI6MTc1OTI5OTMyMywiaWF0IjoxNzU5MjEyOTIzLCJqdGkiOiI4YzcxODljNGJmNjM0MzJiYWU1MDNjNDZiZTllZGViMCIsInVzZXJfaWQiOjF9.PaNi-f0gcLDn7IBWgRH_CRqo2p_AY_PdaSgO12E-oaw",
"created_at": "2025-09-30T06:15:23.161Z",
"expires_at": "2025-10-01T06:15:23Z"
}
}, {
"model": "token_blacklist.outstandingtoken",
"pk": 65,
"fields": {
"user": 1,
"jti": "c96be9aaf3904887bf0dffbeff485766",
"token": "eyJhbGciOiJIUzI1NiIsInR5cCI6IkpXVCJ9.eyJ0b2tlbl90eXBlIjoicmVmcmVzaCIsImV4cCI6MTc1OTI5OTU0MywiaWF0IjoxNzU5MjEzMTQzLCJqdGkiOiJjOTZiZTlhYWYzOTA0ODg3YmYwZGZmYmVmZjQ4NTc2NiIsInVzZXJfaWQiOjF9.75rJH9p1z99dn9vbmqCsUcmZiYEtTOi4nhMV3C8Hwt0",
"created_at": "2025-09-30T06:19:03.170Z",
"expires_at": "2025-10-01T06:19:03Z"
}
}, {
"model": "token_blacklist.outstandingtoken",
"pk": 66,
"fields": {
"user": 1,
"jti": "84ae981d4ad94ec49dfb598fd430f5d1",
"token": "eyJhbGciOiJIUzI1NiIsInR5cCI6IkpXVCJ9.eyJ0b2tlbl90eXBlIjoicmVmcmVzaCIsImV4cCI6MTc1OTI5OTU1MywiaWF0IjoxNzU5MjEzMTUzLCJqdGkiOiI4NGFlOTgxZDRhZDk0ZWM0OWRmYjU5OGZkNDMwZjVkMSIsInVzZXJfaWQiOjF9.pV4shtghXspnVxXsRmalKoBFuDp8ccxM_Egaq1nPz2Y",
"created_at": "2025-09-30T06:19:13.512Z",
"expires_at": "2025-10-01T06:19:13Z"
}
}, {
"model": "token_blacklist.outstandingtoken",
"pk": 67,
"fields": {
"user": 1,
"jti": "ea6116ddb9bf4ad58961f5f6b8bce462",
"token": "eyJhbGciOiJIUzI1NiIsInR5cCI6IkpXVCJ9.eyJ0b2tlbl90eXBlIjoicmVmcmVzaCIsImV4cCI6MTc1OTI5OTU4NCwiaWF0IjoxNzU5MjEzMTg0LCJqdGkiOiJlYTYxMTZkZGI5YmY0YWQ1ODk2MWY1ZjZiOGJjZTQ2MiIsInVzZXJfaWQiOjF9.DHIrTIF9jkiizUaTQwzXPuhF2BC2DlYEPVR-WpmU4_E",
"created_at": "2025-09-30T06:19:44.879Z",
"expires_at": "2025-10-01T06:19:44Z"
}
}, {
"model": "token_blacklist.outstandingtoken",
"pk": 68,
"fields": {
"user": 1,
"jti": "86e1727633d04850be04c9250a966229",
"token": "eyJhbGciOiJIUzI1NiIsInR5cCI6IkpXVCJ9.eyJ0b2tlbl90eXBlIjoicmVmcmVzaCIsImV4cCI6MTc1OTI5OTYyMiwiaWF0IjoxNzU5MjEzMjIyLCJqdGkiOiI4NmUxNzI3NjMzZDA0ODUwYmUwNGM5MjUwYTk2NjIyOSIsInVzZXJfaWQiOjF9.CK2bNDidvK4nlPqbltsLngopYUU4cXvST9ES8BGJJFc",
"created_at": "2025-09-30T06:20:22.981Z",
"expires_at": "2025-10-01T06:20:22Z"
}
}, {
"model": "token_blacklist.outstandingtoken",
"pk": 69,
"fields": {
"user": 1,
"jti": "e8018f93d5014fdab33029fb0bc8ee4a",
"token": "eyJhbGciOiJIUzI1NiIsInR5cCI6IkpXVCJ9.eyJ0b2tlbl90eXBlIjoicmVmcmVzaCIsImV4cCI6MTc1OTI5OTc1NywiaWF0IjoxNzU5MjEzMzU3LCJqdGkiOiJlODAxOGY5M2Q1MDE0ZmRhYjMzMDI5ZmIwYmM4ZWU0YSIsInVzZXJfaWQiOjF9.JhaiM9iyvl8cqQMyeB1gqR5MqLrX-4li43PTN9D88Y8",
"created_at": "2025-09-30T06:22:37.850Z",
"expires_at": "2025-10-01T06:22:37Z"
}
}, {
"model": "token_blacklist.outstandingtoken",
"pk": 70,
"fields": {
"user": 1,
"jti": "64bc1783d50c4033abb162064ecdb4f7",
"token": "eyJhbGciOiJIUzI1NiIsInR5cCI6IkpXVCJ9.eyJ0b2tlbl90eXBlIjoicmVmcmVzaCIsImV4cCI6MTc1OTI5OTc5NywiaWF0IjoxNzU5MjEzMzk3LCJqdGkiOiI2NGJjMTc4M2Q1MGM0MDMzYWJiMTYyMDY0ZWNkYjRmNyIsInVzZXJfaWQiOjF9.sotgZDRrdvjXmIHwgVWX5c-4gpc3PsZmtKheyYTm8YQ",
"created_at": "2025-09-30T06:23:17.547Z",
"expires_at": "2025-10-01T06:23:17Z"
}
}, {
"model": "token_blacklist.outstandingtoken",
"pk": 71,
"fields": {
"user": 1,
"jti": "498b3c70e3e848849c04e644012fd1dc",
"token": "eyJhbGciOiJIUzI1NiIsInR5cCI6IkpXVCJ9.eyJ0b2tlbl90eXBlIjoicmVmcmVzaCIsImV4cCI6MTc1OTI5OTg3OCwiaWF0IjoxNzU5MjEzNDc4LCJqdGkiOiI0OThiM2M3MGUzZTg0ODg0OWMwNGU2NDQwMTJmZDFkYyIsInVzZXJfaWQiOjF9.K44YxgBsT5e273V2SkKPqyN2bNSAHMZoHS6se0DiKYY",
"created_at": "2025-09-30T06:24:38.141Z",
"expires_at": "2025-10-01T06:24:38Z"
}
}, {
"model": "token_blacklist.outstandingtoken",
"pk": 72,
"fields": {
"user": 1,
"jti": "60e8806b52d4420bbeabfab2ee36cec0",
"token": "eyJhbGciOiJIUzI1NiIsInR5cCI6IkpXVCJ9.eyJ0b2tlbl90eXBlIjoicmVmcmVzaCIsImV4cCI6MTc1OTI5OTk4OCwiaWF0IjoxNzU5MjEzNTg4LCJqdGkiOiI2MGU4ODA2YjUyZDQ0MjBiYmVhYmZhYjJlZTM2Y2VjMCIsInVzZXJfaWQiOjF9.FFKPRmJP6kyB9m4atXwLkx0xI11OQewDHJMcVxO6-2s",
"created_at": "2025-09-30T06:26:28.435Z",
"expires_at": "2025-10-01T06:26:28Z"
}
}, {
"model": "token_blacklist.outstandingtoken",
"pk": 73,
"fields": {
"user": 1,
"jti": "5d6f124d096b496f8fcee0741c2aa7b1",
"token": "eyJhbGciOiJIUzI1NiIsInR5cCI6IkpXVCJ9.eyJ0b2tlbl90eXBlIjoicmVmcmVzaCIsImV4cCI6MTc1OTMwMDA3NCwiaWF0IjoxNzU5MjEzNjc0LCJqdGkiOiI1ZDZmMTI0ZDA5NmI0OTZmOGZjZWUwNzQxYzJhYTdiMSIsInVzZXJfaWQiOjF9.IVxw-317kS6eULBWETaayzJ2n8RJTEwR-z9Jmc6PVeY",
"created_at": "2025-09-30T06:27:54.676Z",
"expires_at": "2025-10-01T06:27:54Z"
}
}, {
"model": "token_blacklist.outstandingtoken",
"pk": 74,
"fields": {
"user": 1,
"jti": "eb5b26481ffe446aad6dee5520d07184",
"token": "eyJhbGciOiJIUzI1NiIsInR5cCI6IkpXVCJ9.eyJ0b2tlbl90eXBlIjoicmVmcmVzaCIsImV4cCI6MTc1OTMwMDIzNCwiaWF0IjoxNzU5MjEzODM0LCJqdGkiOiJlYjViMjY0ODFmZmU0NDZhYWQ2ZGVlNTUyMGQwNzE4NCIsInVzZXJfaWQiOjF9.3AlL3rw-RYiReZ50yHl77MD_5HUEDOXOw4L0WPnlxRo",
"created_at": "2025-09-30T06:30:34.762Z",
"expires_at": "2025-10-01T06:30:34Z"
}
}, {
"model": "token_blacklist.outstandingtoken",
"pk": 75,
"fields": {
"user": 1,
"jti": "61ebeb5f62ed46c7a54dcf96d9491ef6",
"token": "eyJhbGciOiJIUzI1NiIsInR5cCI6IkpXVCJ9.eyJ0b2tlbl90eXBlIjoicmVmcmVzaCIsImV4cCI6MTc1OTMwMDMxOSwiaWF0IjoxNzU5MjEzOTE5LCJqdGkiOiI2MWViZWI1ZjYyZWQ0NmM3YTU0ZGNmOTZkOTQ5MWVmNiIsInVzZXJfaWQiOjF9.xj-XL4l2_dEwL5lcrR46tRYJusxL6PUjKOioYVP3jF0",
"created_at": "2025-09-30T06:31:59.567Z",
"expires_at": "2025-10-01T06:31:59Z"
}
}, {
"model": "token_blacklist.outstandingtoken",
"pk": 76,
"fields": {
"user": 1,
"jti": "c355edc78f3b456c89bdc905749b3f53",
"token": "eyJhbGciOiJIUzI1NiIsInR5cCI6IkpXVCJ9.eyJ0b2tlbl90eXBlIjoicmVmcmVzaCIsImV4cCI6MTc1OTMwMzY1NywiaWF0IjoxNzU5MjE3MjU3LCJqdGkiOiJjMzU1ZWRjNzhmM2I0NTZjODliZGM5MDU3NDliM2Y1MyIsInVzZXJfaWQiOjF9.YmtvuCeN5y_w5Z_ZBJXg96TA5J0SvVZ7EoauJycevP0",
"created_at": "2025-09-30T07:27:37.101Z",
"expires_at": "2025-10-01T07:27:37Z"
}
}, {
"model": "token_blacklist.outstandingtoken",
"pk": 77,
"fields": {
"user": 1,
"jti": "3533717ca9be4cfeb04611217c6c625f",
"token": "eyJhbGciOiJIUzI1NiIsInR5cCI6IkpXVCJ9.eyJ0b2tlbl90eXBlIjoicmVmcmVzaCIsImV4cCI6MTc1OTMwMzcxOSwiaWF0IjoxNzU5MjE3MzE5LCJqdGkiOiIzNTMzNzE3Y2E5YmU0Y2ZlYjA0NjExMjE3YzZjNjI1ZiIsInVzZXJfaWQiOjF9.lnSLw8nNi1dcpOxax1MIwkcEc10ucENh4tiTaG85TAY",
"created_at": "2025-09-30T07:28:39.644Z",
"expires_at": "2025-10-01T07:28:39Z"
}
}, {
"model": "token_blacklist.outstandingtoken",
"pk": 78,
"fields": {
"user": 1,
"jti": "c2c6b7a63f5a4b6fb5a8702ba9cdff0f",
"token": "eyJhbGciOiJIUzI1NiIsInR5cCI6IkpXVCJ9.eyJ0b2tlbl90eXBlIjoicmVmcmVzaCIsImV4cCI6MTc1OTMwMzc2NCwiaWF0IjoxNzU5MjE3MzY0LCJqdGkiOiJjMmM2YjdhNjNmNWE0YjZmYjVhODcwMmJhOWNkZmYwZiIsInVzZXJfaWQiOjF9.PiP5mU4ALdFb8LcZM8xaFKs3vtPHDbxz2OMMbWBq37w",
"created_at": "2025-09-30T07:29:24.102Z",
"expires_at": "2025-10-01T07:29:24Z"
}
}, {
"model": "token_blacklist.outstandingtoken",
"pk": 79,
"fields": {
"user": 1,
"jti": "29a28a3a61f946799f0fb218c8fd7035",
"token": "eyJhbGciOiJIUzI1NiIsInR5cCI6IkpXVCJ9.eyJ0b2tlbl90eXBlIjoicmVmcmVzaCIsImV4cCI6MTc1OTMwNTc5MCwiaWF0IjoxNzU5MjE5MzkwLCJqdGkiOiIyOWEyOGEzYTYxZjk0Njc5OWYwZmIyMThjOGZkNzAzNSIsInVzZXJfaWQiOjF9.nag14xW_S_TJer7Ov8dbB3-voeEpORQQeg66uQf7N0M",
"created_at": "2025-09-30T08:03:10.138Z",
"expires_at": "2025-10-01T08:03:10Z"
}
}, {
"model": "token_blacklist.outstandingtoken",
"pk": 80,
"fields": {
"user": 1,
"jti": "192b2043f1e24af684091a28eed02a8c",
"token": "eyJhbGciOiJIUzI1NiIsInR5cCI6IkpXVCJ9.eyJ0b2tlbl90eXBlIjoicmVmcmVzaCIsImV4cCI6MTc1OTMwNTkyNywiaWF0IjoxNzU5MjE5NTI3LCJqdGkiOiIxOTJiMjA0M2YxZTI0YWY2ODQwOTFhMjhlZWQwMmE4YyIsInVzZXJfaWQiOjF9.ctNYjdSirxiRgsagcFY5AYIl-B6zJD6tCm7xXDRy6Ek",
"created_at": "2025-09-30T08:05:27.170Z",
"expires_at": "2025-10-01T08:05:27Z"
}
}, {
"model": "token_blacklist.outstandingtoken",
"pk": 81,
"fields": {
"user": 1,
"jti": "8e8f27c7c2554f7cb661ebdd00216fa8",
"token": "eyJhbGciOiJIUzI1NiIsInR5cCI6IkpXVCJ9.eyJ0b2tlbl90eXBlIjoicmVmcmVzaCIsImV4cCI6MTc1OTMwNjA2MSwiaWF0IjoxNzU5MjE5NjYxLCJqdGkiOiI4ZThmMjdjN2MyNTU0ZjdjYjY2MWViZGQwMDIxNmZhOCIsInVzZXJfaWQiOjF9.15cWNhATO32miwvS2igRB_R-Ok9519_Bw9xPOntnSCs",
"created_at": "2025-09-30T08:07:41.251Z",
"expires_at": "2025-10-01T08:07:41Z"
}
}, {
"model": "token_blacklist.outstandingtoken",
"pk": 82,
"fields": {
"user": 1,
"jti": "682e643363e8449592a7d2115840be20",
"token": "eyJhbGciOiJIUzI1NiIsInR5cCI6IkpXVCJ9.eyJ0b2tlbl90eXBlIjoicmVmcmVzaCIsImV4cCI6MTc1OTMwNzI2NiwiaWF0IjoxNzU5MjIwODY2LCJqdGkiOiI2ODJlNjQzMzYzZTg0NDk1OTJhN2QyMTE1ODQwYmUyMCIsInVzZXJfaWQiOjF9.UKUuw_6KBQ4_TBhX47E0WwsjTKjqkdI5SZFffqpZIg8",
"created_at": "2025-09-30T08:27:46.361Z",
"expires_at": "2025-10-01T08:27:46Z"
}
}, {
"model": "token_blacklist.outstandingtoken",
"pk": 83,
"fields": {
"user": 1,
"jti": "6973a0a584244d6196a0c39189833798",
"token": "eyJhbGciOiJIUzI1NiIsInR5cCI6IkpXVCJ9.eyJ0b2tlbl90eXBlIjoicmVmcmVzaCIsImV4cCI6MTc1OTMwNzQ5OCwiaWF0IjoxNzU5MjIxMDk4LCJqdGkiOiI2OTczYTBhNTg0MjQ0ZDYxOTZhMGMzOTE4OTgzMzc5OCIsInVzZXJfaWQiOjF9.xjz0lIUL14WVKBLMHbxPN4p_tXPDW_gVmkcnBFaCg-w",
"created_at": "2025-09-30T08:31:38.139Z",
"expires_at": "2025-10-01T08:31:38Z"
}
}, {
"model": "token_blacklist.outstandingtoken",
"pk": 84,
"fields": {
"user": 1,
"jti": "2168927ad0184430865286d76009a42f",
"token": "eyJhbGciOiJIUzI1NiIsInR5cCI6IkpXVCJ9.eyJ0b2tlbl90eXBlIjoicmVmcmVzaCIsImV4cCI6MTc1OTMwNzYyNywiaWF0IjoxNzU5MjIxMjI3LCJqdGkiOiIyMTY4OTI3YWQwMTg0NDMwODY1Mjg2ZDc2MDA5YTQyZiIsInVzZXJfaWQiOjF9.Gwn75svCQZhXIfvnZwZ5NsztGbt2SyOpJ6H1exJ6h1w",
"created_at": "2025-09-30T08:33:47.773Z",
"expires_at": "2025-10-01T08:33:47Z"
}
}, {
"model": "token_blacklist.outstandingtoken",
"pk": 85,
"fields": {
"user": 1,
"jti": "ac7a2a1ddb22426eb94ffd7018f78e6a",
"token": "eyJhbGciOiJIUzI1NiIsInR5cCI6IkpXVCJ9.eyJ0b2tlbl90eXBlIjoicmVmcmVzaCIsImV4cCI6MTc1OTMwNzgzNCwiaWF0IjoxNzU5MjIxNDM0LCJqdGkiOiJhYzdhMmExZGRiMjI0MjZlYjk0ZmZkNzAxOGY3OGU2YSIsInVzZXJfaWQiOjF9.PFEzB3jO2RZL__B66FWRp4cWffbjKZid19Y2S8ChAW0",
"created_at": "2025-09-30T08:37:14.105Z",
"expires_at": "2025-10-01T08:37:14Z"
}
}, {
"model": "token_blacklist.outstandingtoken",
"pk": 86,
"fields": {
"user": 1,
"jti": "473ecafcdf1a4e2da8af2a9a2b303bdf",
"token": "eyJhbGciOiJIUzI1NiIsInR5cCI6IkpXVCJ9.eyJ0b2tlbl90eXBlIjoicmVmcmVzaCIsImV4cCI6MTc1OTMwODA3OCwiaWF0IjoxNzU5MjIxNjc4LCJqdGkiOiI0NzNlY2FmY2RmMWE0ZTJkYThhZjJhOWEyYjMwM2JkZiIsInVzZXJfaWQiOjF9.KO5upqv0tiI5aK2eWJzU3vxGiS7FZVfh16sDaKzRzGM",
"created_at": "2025-09-30T08:41:18.159Z",
"expires_at": "2025-10-01T08:41:18Z"
}
}, {
"model": "token_blacklist.outstandingtoken",
"pk": 87,
"fields": {
"user": 1,
"jti": "741bedd26a644e36939beae601e75342",
"token": "eyJhbGciOiJIUzI1NiIsInR5cCI6IkpXVCJ9.eyJ0b2tlbl90eXBlIjoicmVmcmVzaCIsImV4cCI6MTc1OTMwODA3OCwiaWF0IjoxNzU5MjIxNjc4LCJqdGkiOiI3NDFiZWRkMjZhNjQ0ZTM2OTM5YmVhZTYwMWU3NTM0MiIsInVzZXJfaWQiOjF9.WmPwhjNBzmMSVuiuIVnubi3sWGQV01IursdP2ofPH-k",
"created_at": "2025-09-30T08:41:18.152Z",
"expires_at": "2025-10-01T08:41:18Z"
}
}, {
"model": "token_blacklist.outstandingtoken",
"pk": 88,
"fields": {
"user": 1,
"jti": "1904e32f852a40d4b0edf477d3cdefea",
"token": "eyJhbGciOiJIUzI1NiIsInR5cCI6IkpXVCJ9.eyJ0b2tlbl90eXBlIjoicmVmcmVzaCIsImV4cCI6MTc1OTMwODA3OCwiaWF0IjoxNzU5MjIxNjc4LCJqdGkiOiIxOTA0ZTMyZjg1MmE0MGQ0YjBlZGY0NzdkM2NkZWZlYSIsInVzZXJfaWQiOjF9.VoXFxRVKx8n7WP_SBOrMpDy3IptUH4LwX_r3tAK3pnk",
"created_at": "2025-09-30T08:41:18.147Z",
"expires_at": "2025-10-01T08:41:18Z"
}
}, {
"model": "token_blacklist.outstandingtoken",
"pk": 89,
"fields": {
"user": 1,
"jti": "03d64f30f2d441c09cc68a8e37c9cd3d",
"token": "eyJhbGciOiJIUzI1NiIsInR5cCI6IkpXVCJ9.eyJ0b2tlbl90eXBlIjoicmVmcmVzaCIsImV4cCI6MTc1OTMwODA3OCwiaWF0IjoxNzU5MjIxNjc4LCJqdGkiOiIwM2Q2NGYzMGYyZDQ0MWMwOWNjNjhhOGUzN2M5Y2QzZCIsInVzZXJfaWQiOjF9.f6z7dnHHbIdpip9J6ZLnKQsfuDwNHlR3t0zn2kPFEnE",
"created_at": "2025-09-30T08:41:18.208Z",
"expires_at": "2025-10-01T08:41:18Z"
}
}, {
"model": "token_blacklist.outstandingtoken",
"pk": 90,
"fields": {
"user": 1,
"jti": "9a49f624a6f64065b16d28e9b6055552",
"token": "eyJhbGciOiJIUzI1NiIsInR5cCI6IkpXVCJ9.eyJ0b2tlbl90eXBlIjoicmVmcmVzaCIsImV4cCI6MTc1OTMwODA3OCwiaWF0IjoxNzU5MjIxNjc4LCJqdGkiOiI5YTQ5ZjYyNGE2ZjY0MDY1YjE2ZDI4ZTliNjA1NTU1MiIsInVzZXJfaWQiOjF9.r4-VXkmjKZihuVXBUoFd_rYfcK-m5lI6AN9OV5-vm2E",
"created_at": "2025-09-30T08:41:18.155Z",
"expires_at": "2025-10-01T08:41:18Z"
}
}, {
"model": "token_blacklist.outstandingtoken",
"pk": 91,
"fields": {
"user": 1,
"jti": "782217316f8048529157f0ecf4b33820",
"token": "eyJhbGciOiJIUzI1NiIsInR5cCI6IkpXVCJ9.eyJ0b2tlbl90eXBlIjoicmVmcmVzaCIsImV4cCI6MTc1OTMwODA3OCwiaWF0IjoxNzU5MjIxNjc4LCJqdGkiOiI3ODIyMTczMTZmODA0ODUyOTE1N2YwZWNmNGIzMzgyMCIsInVzZXJfaWQiOjF9.n9Vlw81vTJGnpb8wVbP_eYGfvJ2uSpRvfOLuO-8zITA",
"created_at": "2025-09-30T08:41:18.204Z",
"expires_at": "2025-10-01T08:41:18Z"
}
}, {
"model": "token_blacklist.outstandingtoken",
"pk": 92,
"fields": {
"user": 1,
"jti": "a423fb232cd34da7bf8f3ef1750f8d02",
"token": "eyJhbGciOiJIUzI1NiIsInR5cCI6IkpXVCJ9.eyJ0b2tlbl90eXBlIjoicmVmcmVzaCIsImV4cCI6MTc1OTMwODA4NywiaWF0IjoxNzU5MjIxNjg3LCJqdGkiOiJhNDIzZmIyMzJjZDM0ZGE3YmY4ZjNlZjE3NTBmOGQwMiIsInVzZXJfaWQiOjF9.SffSJhlOYWJerlDZ7cIbbaeZ80NCt4d04wlQU8ApPjw",
"created_at": "2025-09-30T08:41:27.169Z",
"expires_at": "2025-10-01T08:41:27Z"
}
}, {
"model": "token_blacklist.outstandingtoken",
"pk": 93,
"fields": {
"user": 1,
"jti": "ae22107674c045838a956ffc67662314",
"token": "eyJhbGciOiJIUzI1NiIsInR5cCI6IkpXVCJ9.eyJ0b2tlbl90eXBlIjoicmVmcmVzaCIsImV4cCI6MTc1OTMxMDM2NiwiaWF0IjoxNzU5MjIzOTY2LCJqdGkiOiJhZTIyMTA3Njc0YzA0NTgzOGE5NTZmZmM2NzY2MjMxNCIsInVzZXJfaWQiOjF9.avwv4bCsz-rJ7KX-sK-rnHGlRjW3aMkY_c8P5DjW-oU",
"created_at": "2025-09-30T09:19:26.087Z",
"expires_at": "2025-10-01T09:19:26Z"
}
}, {
"model": "token_blacklist.outstandingtoken",
"pk": 94,
"fields": {
"user": 1,
"jti": "b7fc67b533c443e389068431a076de49",
"token": "eyJhbGciOiJIUzI1NiIsInR5cCI6IkpXVCJ9.eyJ0b2tlbl90eXBlIjoicmVmcmVzaCIsImV4cCI6MTc1OTMxMDQ1OCwiaWF0IjoxNzU5MjI0MDU4LCJqdGkiOiJiN2ZjNjdiNTMzYzQ0M2UzODkwNjg0MzFhMDc2ZGU0OSIsInVzZXJfaWQiOjF9.kHhMAq75OB2Hphk8E8a4ojdowE1voNUQv0RNy7e7olE",
"created_at": "2025-09-30T09:20:58.384Z",
"expires_at": "2025-10-01T09:20:58Z"
}
}, {
"model": "token_blacklist.outstandingtoken",
"pk": 95,
"fields": {
"user": 1,
"jti": "7e6d17333a614267b681e58b65ec7593",
"token": "eyJhbGciOiJIUzI1NiIsInR5cCI6IkpXVCJ9.eyJ0b2tlbl90eXBlIjoicmVmcmVzaCIsImV4cCI6MTc1OTMxMDU5MSwiaWF0IjoxNzU5MjI0MTkxLCJqdGkiOiI3ZTZkMTczMzNhNjE0MjY3YjY4MWU1OGI2NWVjNzU5MyIsInVzZXJfaWQiOjF9.qhItI3PSbWXuwCy9bb52sGjA0w63gDrl9K_HUtOLrk8",
"created_at": "2025-09-30T09:23:11.448Z",
"expires_at": "2025-10-01T09:23:11Z"
}
}, {
"model": "token_blacklist.outstandingtoken",
"pk": 96,
"fields": {
"user": 1,
"jti": "884e31ff6384431185e45a5b2af169ac",
"token": "eyJhbGciOiJIUzI1NiIsInR5cCI6IkpXVCJ9.eyJ0b2tlbl90eXBlIjoicmVmcmVzaCIsImV4cCI6MTc1OTMxMDgxMywiaWF0IjoxNzU5MjI0NDEzLCJqdGkiOiI4ODRlMzFmZjYzODQ0MzExODVlNDVhNWIyYWYxNjlhYyIsInVzZXJfaWQiOjF9.oW3SQN5ZsIVNrJR3BxBoRvJoo42JlcESRTDbBrpxvzU",
"created_at": "2025-09-30T09:26:53.913Z",
"expires_at": "2025-10-01T09:26:53Z"
}
}, {
"model": "token_blacklist.outstandingtoken",
"pk": 97,
"fields": {
"user": 1,
"jti": "95ccef33149d4555bb69d104240cd872",
"token": "eyJhbGciOiJIUzI1NiIsInR5cCI6IkpXVCJ9.eyJ0b2tlbl90eXBlIjoicmVmcmVzaCIsImV4cCI6MTc1OTMxMDg2MCwiaWF0IjoxNzU5MjI0NDYwLCJqdGkiOiI5NWNjZWYzMzE0OWQ0NTU1YmI2OWQxMDQyNDBjZDg3MiIsInVzZXJfaWQiOjF9.fmiLwD5tcqsSggPRfXBNI8Qlbv-uyh-amFTP3W35RqQ",
"created_at": "2025-09-30T09:27:40.843Z",
"expires_at": "2025-10-01T09:27:40Z"
}
}, {
"model": "token_blacklist.outstandingtoken",
"pk": 98,
"fields": {
"user": 3,
"jti": "28f7a3b68fb8429298478cf7bde8bca3",
"token": "eyJhbGciOiJIUzI1NiIsInR5cCI6IkpXVCJ9.eyJ0b2tlbl90eXBlIjoicmVmcmVzaCIsImV4cCI6MTc1OTMxMTIzMiwiaWF0IjoxNzU5MjI0ODMyLCJqdGkiOiIyOGY3YTNiNjhmYjg0MjkyOTg0NzhjZjdiZGU4YmNhMyIsInVzZXJfaWQiOjN9.b2yGuZ4D9kEEs6bmEBcibba94TNAKaWMVppQBpedwzg",
"created_at": "2025-09-30T09:33:52.726Z",
"expires_at": "2025-10-01T09:33:52Z"
}
}, {
"model": "token_blacklist.outstandingtoken",
"pk": 99,
"fields": {
"user": 3,
"jti": "f24ea87af4d64175b2611cd5eabe1e66",
"token": "eyJhbGciOiJIUzI1NiIsInR5cCI6IkpXVCJ9.eyJ0b2tlbl90eXBlIjoicmVmcmVzaCIsImV4cCI6MTc1OTMxNzE2OCwiaWF0IjoxNzU5MjMwNzY4LCJqdGkiOiJmMjRlYTg3YWY0ZDY0MTc1YjI2MTFjZDVlYWJlMWU2NiIsInVzZXJfaWQiOjN9.bcDztjjILlGccHyijSfwY-U_-aVs6W2XUrafHYDee40",
"created_at": "2025-09-30T11:12:48.841Z",
"expires_at": "2025-10-01T11:12:48Z"
}
}, {
"model": "token_blacklist.outstandingtoken",
"pk": 100,
"fields": {
"user": 3,
"jti": "3d05016ec42b4355a3007a6991cc4ffa",
"token": "eyJhbGciOiJIUzI1NiIsInR5cCI6IkpXVCJ9.eyJ0b2tlbl90eXBlIjoicmVmcmVzaCIsImV4cCI6MTc1OTMyMDcxNSwiaWF0IjoxNzU5MjM0MzE1LCJqdGkiOiIzZDA1MDE2ZWM0MmI0MzU1YTMwMDdhNjk5MWNjNGZmYSIsInVzZXJfaWQiOjN9.7bUBsAeS9iRAzrpLn6xsBUXqAdSczurmLln79CmYvgM",
"created_at": "2025-09-30T12:11:55.038Z",
"expires_at": "2025-10-01T12:11:55Z"
}
}, {
"model": "token_blacklist.outstandingtoken",
"pk": 101,
"fields": {
"user": 3,
"jti": "1ab3718259ac4058b79ecbe3b0df4915",
"token": "eyJhbGciOiJIUzI1NiIsInR5cCI6IkpXVCJ9.eyJ0b2tlbl90eXBlIjoicmVmcmVzaCIsImV4cCI6MTc1OTMyNTM5MiwiaWF0IjoxNzU5MjM4OTkyLCJqdGkiOiIxYWIzNzE4MjU5YWM0MDU4Yjc5ZWNiZTNiMGRmNDkxNSIsInVzZXJfaWQiOjN9.czBv6qtbw9aEdYE-5gqlrNtiN6BGI7DbHqfkxIsj9oQ",
"created_at": "2025-09-30T13:29:52.368Z",
"expires_at": "2025-10-01T13:29:52Z"
}
}, {
"model": "token_blacklist.outstandingtoken",
"pk": 102,
"fields": {
"user": 1,
"jti": "8b4e966fd8034027847ce1785bd98446",
"token": "eyJhbGciOiJIUzI1NiIsInR5cCI6IkpXVCJ9.eyJ0b2tlbl90eXBlIjoicmVmcmVzaCIsImV4cCI6MTc1OTMyNzU3NCwiaWF0IjoxNzU5MjQxMTc0LCJqdGkiOiI4YjRlOTY2ZmQ4MDM0MDI3ODQ3Y2UxNzg1YmQ5ODQ0NiIsInVzZXJfaWQiOjF9.yy_PI6MzUuT90Y3B2FOCgAiTZ4aSEya1WMa5dI8hE74",
"created_at": "2025-09-30T14:06:14.947Z",
"expires_at": "2025-10-01T14:06:14Z"
}
}, {
"model": "token_blacklist.outstandingtoken",
"pk": 103,
"fields": {
"user": 1,
"jti": "82fb1af990324907ab057809a63c9aaa",
"token": "eyJhbGciOiJIUzI1NiIsInR5cCI6IkpXVCJ9.eyJ0b2tlbl90eXBlIjoicmVmcmVzaCIsImV4cCI6MTc1OTU2ODA5MywiaWF0IjoxNzU5NDgxNjkzLCJqdGkiOiI4MmZiMWFmOTkwMzI0OTA3YWIwNTc4MDlhNjNjOWFhYSIsInVzZXJfaWQiOjF9.V8rUzPq7AKb4r86ysgwqiur-9UWNf8NrfYEsc0g82DU",
"created_at": "2025-10-03T08:54:53.845Z",
"expires_at": "2025-10-04T08:54:53Z"
}
}, {
"model": "token_blacklist.outstandingtoken",
"pk": 104,
"fields": {
"user": 4,
"jti": "bf9097a6843e431b8d8c92945b6e8bbe",
"token": "eyJhbGciOiJIUzI1NiIsInR5cCI6IkpXVCJ9.eyJ0b2tlbl90eXBlIjoicmVmcmVzaCIsImV4cCI6MTc1OTU2ODY0OCwiaWF0IjoxNzU5NDgyMjQ4LCJqdGkiOiJiZjkwOTdhNjg0M2U0MzFiOGQ4YzkyOTQ1YjZlOGJiZSIsInVzZXJfaWQiOjR9.yavJ3_ljHEz_0CNHiCQ0Ml8vGIzB8SLuv7M7uAZhWQo",
"created_at": "2025-10-03T09:04:08.472Z",
"expires_at": "2025-10-04T09:04:08Z"
}
}, {
"model": "token_blacklist.outstandingtoken",
"pk": 105,
"fields": {
"user": 1,
"jti": "29ca664713384e5b8744793a174ccdab",
"token": "eyJhbGciOiJIUzI1NiIsInR5cCI6IkpXVCJ9.eyJ0b2tlbl90eXBlIjoicmVmcmVzaCIsImV4cCI6MTc1OTU3MDkxMSwiaWF0IjoxNzU5NDg0NTExLCJqdGkiOiIyOWNhNjY0NzEzMzg0ZTViODc0NDc5M2ExNzRjY2RhYiIsInVzZXJfaWQiOjF9.stMHNPCJhqgYdGuJIXpBVW3NT4G7UfA2QR1wj5NA6Gs",
"created_at": "2025-10-03T09:41:51.348Z",
"expires_at": "2025-10-04T09:41:51Z"
}
}, {
"model": "token_blacklist.outstandingtoken",
"pk": 106,
"fields": {
"user": 4,
"jti": "c5d38c5a0f144f108a5662e9e79b204a",
"token": "eyJhbGciOiJIUzI1NiIsInR5cCI6IkpXVCJ9.eyJ0b2tlbl90eXBlIjoicmVmcmVzaCIsImV4cCI6MTc1OTU3MDkyNSwiaWF0IjoxNzU5NDg0NTI1LCJqdGkiOiJjNWQzOGM1YTBmMTQ0ZjEwOGE1NjYyZTllNzliMjA0YSIsInVzZXJfaWQiOjR9.Nhdm5djBes65QP_WqLc9o_qdqE6qEg74TluBgkk8piA",
"created_at": "2025-10-03T09:42:05.740Z",
"expires_at": "2025-10-04T09:42:05Z"
}
}, {
"model": "token_blacklist.outstandingtoken",
"pk": 107,
"fields": {
"user": 1,
"jti": "99befe2248d2450293404aa3b98df6c8",
"token": "eyJhbGciOiJIUzI1NiIsInR5cCI6IkpXVCJ9.eyJ0b2tlbl90eXBlIjoicmVmcmVzaCIsImV4cCI6MTc1OTU3MjA2MCwiaWF0IjoxNzU5NDg1NjYwLCJqdGkiOiI5OWJlZmUyMjQ4ZDI0NTAyOTM0MDRhYTNiOThkZjZjOCIsInVzZXJfaWQiOjF9.4VKxIu99Qhr4YnMky14DjrYjzwHIqUnbtSew4wxgGqY",
"created_at": "2025-10-03T10:01:00.404Z",
"expires_at": "2025-10-04T10:01:00Z"
}
}, {
"model": "token_blacklist.outstandingtoken",
"pk": 108,
"fields": {
"user": 4,
"jti": "991d14b13fd84547aeac3d8abe0be76c",
"token": "eyJhbGciOiJIUzI1NiIsInR5cCI6IkpXVCJ9.eyJ0b2tlbl90eXBlIjoicmVmcmVzaCIsImV4cCI6MTc1OTU3MjA3NCwiaWF0IjoxNzU5NDg1Njc0LCJqdGkiOiI5OTFkMTRiMTNmZDg0NTQ3YWVhYzNkOGFiZTBiZTc2YyIsInVzZXJfaWQiOjR9.7ApFdbdojNYp4dvMY7YtrLvxYcT0Fi05Yf7HPEPgEtU",
"created_at": "2025-10-03T10:01:14.338Z",
"expires_at": "2025-10-04T10:01:14Z"
}
}, {
"model": "token_blacklist.outstandingtoken",
"pk": 109,
"fields": {
"user": 4,
"jti": "12551be60f934b13bc80f924de2a9b42",
"token": "eyJhbGciOiJIUzI1NiIsInR5cCI6IkpXVCJ9.eyJ0b2tlbl90eXBlIjoicmVmcmVzaCIsImV4cCI6MTc1OTU3MjE2NCwiaWF0IjoxNzU5NDg1NzY0LCJqdGkiOiIxMjU1MWJlNjBmOTM0YjEzYmM4MGY5MjRkZTJhOWI0MiIsInVzZXJfaWQiOjR9.yLUpR60Q3uKVGnN9zxcw9s4_uCjZsvGrqxv6UD0ulLY",
"created_at": "2025-10-03T10:02:44.315Z",
"expires_at": "2025-10-04T10:02:44Z"
}
}, {
"model": "token_blacklist.outstandingtoken",
"pk": 110,
"fields": {
"user": 1,
"jti": "f3c745c820854d5f906e44dc58d679f0",
"token": "eyJhbGciOiJIUzI1NiIsInR5cCI6IkpXVCJ9.eyJ0b2tlbl90eXBlIjoicmVmcmVzaCIsImV4cCI6MTc1OTU3MjY1OSwiaWF0IjoxNzU5NDg2MjU5LCJqdGkiOiJmM2M3NDVjODIwODU0ZDVmOTA2ZTQ0ZGM1OGQ2NzlmMCIsInVzZXJfaWQiOjF9.fVi2oPL6EMXjoJD9IVrkRlNaXHcticXW2SXxhAOou00",
"created_at": "2025-10-03T10:10:59.546Z",
"expires_at": "2025-10-04T10:10:59Z"
}
}, {
"model": "token_blacklist.outstandingtoken",
"pk": 111,
"fields": {
"user": 4,
"jti": "d863c3ff2ff74056b9c89f24a02fb4ff",
"token": "eyJhbGciOiJIUzI1NiIsInR5cCI6IkpXVCJ9.eyJ0b2tlbl90eXBlIjoicmVmcmVzaCIsImV4cCI6MTc1OTU3MjY3MSwiaWF0IjoxNzU5NDg2MjcxLCJqdGkiOiJkODYzYzNmZjJmZjc0MDU2YjljODlmMjRhMDJmYjRmZiIsInVzZXJfaWQiOjR9.1fb0KJptcsF0RDDfOoD0fxbxmDKxzOHEY4srS7klng4",
"created_at": "2025-10-03T10:11:11.369Z",
"expires_at": "2025-10-04T10:11:11Z"
}
}, {
"model": "token_blacklist.outstandingtoken",
"pk": 112,
"fields": {
"user": 4,
"jti": "bfcd6efb7fb0484c90da0f7c2cb114a5",
"token": "eyJhbGciOiJIUzI1NiIsInR5cCI6IkpXVCJ9.eyJ0b2tlbl90eXBlIjoicmVmcmVzaCIsImV4cCI6MTc1OTU3Mjg1OSwiaWF0IjoxNzU5NDg2NDU5LCJqdGkiOiJiZmNkNmVmYjdmYjA0ODRjOTBkYTBmN2MyY2IxMTRhNSIsInVzZXJfaWQiOjR9.XridhX3goVMNCeX40gaTTjisjzGl8Z5vs2SF5cz0NG0",
"created_at": "2025-10-03T10:14:19.878Z",
"expires_at": "2025-10-04T10:14:19Z"
}
}, {
"model": "token_blacklist.outstandingtoken",
"pk": 113,
"fields": {
"user": 4,
"jti": "11e42546a49c490d977c56acce8eba29",
"token": "eyJhbGciOiJIUzI1NiIsInR5cCI6IkpXVCJ9.eyJ0b2tlbl90eXBlIjoicmVmcmVzaCIsImV4cCI6MTc1OTU3MzA5NiwiaWF0IjoxNzU5NDg2Njk2LCJqdGkiOiIxMWU0MjU0NmE0OWM0OTBkOTc3YzU2YWNjZThlYmEyOSIsInVzZXJfaWQiOjR9.h5splGCA4_fDH0HnLwhD6xNwpl96NXLCEVcnobo0yAQ",
"created_at": "2025-10-03T10:18:16.960Z",
"expires_at": "2025-10-04T10:18:16Z"
}
}, {
"model": "token_blacklist.outstandingtoken",
"pk": 114,
"fields": {
"user": 4,
"jti": "28fe7c061a77443aa96fb3f9396984f1",
"token": "eyJhbGciOiJIUzI1NiIsInR5cCI6IkpXVCJ9.eyJ0b2tlbl90eXBlIjoicmVmcmVzaCIsImV4cCI6MTc1OTU3MzI5MSwiaWF0IjoxNzU5NDg2ODkxLCJqdGkiOiIyOGZlN2MwNjFhNzc0NDNhYTk2ZmIzZjkzOTY5ODRmMSIsInVzZXJfaWQiOjR9.xdOpPZ_fhDYwtSGlk7tbNafY9sf0Ux4s7aU85Uy4NoU",
"created_at": "2025-10-03T10:21:31.471Z",
"expires_at": "2025-10-04T10:21:31Z"
}
}, {
"model": "token_blacklist.outstandingtoken",
"pk": 115,
"fields": {
"user": 4,
"jti": "2c7b1987c4c84da4ad8909373ca0412d",
"token": "eyJhbGciOiJIUzI1NiIsInR5cCI6IkpXVCJ9.eyJ0b2tlbl90eXBlIjoicmVmcmVzaCIsImV4cCI6MTc1OTU3MzQyNCwiaWF0IjoxNzU5NDg3MDI0LCJqdGkiOiIyYzdiMTk4N2M0Yzg0ZGE0YWQ4OTA5MzczY2EwNDEyZCIsInVzZXJfaWQiOjR9._IVF7qtJIsmpnCKcpBC02Xoo9Q8uh2q0ppZKi0Rfp9s",
"created_at": "2025-10-03T10:23:44.993Z",
"expires_at": "2025-10-04T10:23:44Z"
}
}, {
"model": "token_blacklist.outstandingtoken",
"pk": 116,
"fields": {
"user": 1,
"jti": "82b3301b814c4d6dbdaeb767d78c3e7e",
"token": "eyJhbGciOiJIUzI1NiIsInR5cCI6IkpXVCJ9.eyJ0b2tlbl90eXBlIjoicmVmcmVzaCIsImV4cCI6MTc1OTU3MzQ2NCwiaWF0IjoxNzU5NDg3MDY0LCJqdGkiOiI4MmIzMzAxYjgxNGM0ZDZkYmRhZWI3NjdkNzhjM2U3ZSIsInVzZXJfaWQiOjF9.ilQpwZCN3g-ypEwSciMJ33m0MPVcq1XEeQ5Xcs5J7F8",
"created_at": "2025-10-03T10:24:24.533Z",
"expires_at": "2025-10-04T10:24:24Z"
}
}, {
"model": "token_blacklist.outstandingtoken",
"pk": 117,
"fields": {
"user": 4,
"jti": "64504e890d8f4678b2fe80eb560a86b2",
"token": "eyJhbGciOiJIUzI1NiIsInR5cCI6IkpXVCJ9.eyJ0b2tlbl90eXBlIjoicmVmcmVzaCIsImV4cCI6MTc1OTU3MzQ5NiwiaWF0IjoxNzU5NDg3MDk2LCJqdGkiOiI2NDUwNGU4OTBkOGY0Njc4YjJmZTgwZWI1NjBhODZiMiIsInVzZXJfaWQiOjR9.x_b04737eMz4fBPIab8lSIsWZip7rZEHeRLtz2VPlLw",
"created_at": "2025-10-03T10:24:56.025Z",
"expires_at": "2025-10-04T10:24:56Z"
}
}, {
"model": "token_blacklist.outstandingtoken",
"pk": 118,
"fields": {
"user": 1,
"jti": "5fd69432e84c4e3dbb111b7fc397e0d3",
"token": "eyJhbGciOiJIUzI1NiIsInR5cCI6IkpXVCJ9.eyJ0b2tlbl90eXBlIjoicmVmcmVzaCIsImV4cCI6MTc1OTU3Mzg3NywiaWF0IjoxNzU5NDg3NDc3LCJqdGkiOiI1ZmQ2OTQzMmU4NGM0ZTNkYmIxMTFiN2ZjMzk3ZTBkMyIsInVzZXJfaWQiOjF9.Pf3S7foD99uaOvADCUyOKm8L3I4uRPpcYRRNRwcr4nw",
"created_at": "2025-10-03T10:31:17.669Z",
"expires_at": "2025-10-04T10:31:17Z"
}
}, {
"model": "token_blacklist.outstandingtoken",
"pk": 119,
"fields": {
"user": 4,
"jti": "94d98015b7134c65b64bd07b65d035f8",
"token": "eyJhbGciOiJIUzI1NiIsInR5cCI6IkpXVCJ9.eyJ0b2tlbl90eXBlIjoicmVmcmVzaCIsImV4cCI6MTc1OTU3Mzg5NiwiaWF0IjoxNzU5NDg3NDk2LCJqdGkiOiI5NGQ5ODAxNWI3MTM0YzY1YjY0YmQwN2I2NWQwMzVmOCIsInVzZXJfaWQiOjR9.VkjMyktX4mSA4Qn5Pzf7PrMpaue4ZQHPO0vnQUno4MM",
"created_at": "2025-10-03T10:31:36.234Z",
"expires_at": "2025-10-04T10:31:36Z"
}
}, {
"model": "token_blacklist.outstandingtoken",
"pk": 120,
"fields": {
"user": 4,
"jti": "8378a9da5d9549ee8c49149eeaf97ab4",
"token": "eyJhbGciOiJIUzI1NiIsInR5cCI6IkpXVCJ9.eyJ0b2tlbl90eXBlIjoicmVmcmVzaCIsImV4cCI6MTc1OTU3NjUzNiwiaWF0IjoxNzU5NDkwMTM2LCJqdGkiOiI4Mzc4YTlkYTVkOTU0OWVlOGM0OTE0OWVlYWY5N2FiNCIsInVzZXJfaWQiOjR9.O99Dyukptcmm7XZFPhaVZ2eq1PfcgEUNTXNP-KTl_ME",
"created_at": "2025-10-03T11:15:36.766Z",
"expires_at": "2025-10-04T11:15:36Z"
}
}, {
"model": "token_blacklist.outstandingtoken",
"pk": 121,
"fields": {
"user": 4,
"jti": "affe9a51188345c8ab57e4843389d3bb",
"token": "eyJhbGciOiJIUzI1NiIsInR5cCI6IkpXVCJ9.eyJ0b2tlbl90eXBlIjoicmVmcmVzaCIsImV4cCI6MTc1OTU3NzIxMCwiaWF0IjoxNzU5NDkwODEwLCJqdGkiOiJhZmZlOWE1MTE4ODM0NWM4YWI1N2U0ODQzMzg5ZDNiYiIsInVzZXJfaWQiOjR9.bJtAq6JlBa8wM7uKRyIaUAhGJj3rEY54bKwWeNizJp8",
"created_at": "2025-10-03T11:26:50.204Z",
"expires_at": "2025-10-04T11:26:50Z"
}
}, {
"model": "token_blacklist.outstandingtoken",
"pk": 122,
"fields": {
"user": 1,
"jti": "270b6a5f814b414faf3fe231e25d169b",
"token": "eyJhbGciOiJIUzI1NiIsInR5cCI6IkpXVCJ9.eyJ0b2tlbl90eXBlIjoicmVmcmVzaCIsImV4cCI6MTc1OTU3NzI5MSwiaWF0IjoxNzU5NDkwODkxLCJqdGkiOiIyNzBiNmE1ZjgxNGI0MTRmYWYzZmUyMzFlMjVkMTY5YiIsInVzZXJfaWQiOjF9.s6LnG10GItCKozIHvVQr2nGfIfDci9TGsMVT7NEZ3Bc",
"created_at": "2025-10-03T11:28:11.969Z",
"expires_at": "2025-10-04T11:28:11Z"
}
}, {
"model": "token_blacklist.outstandingtoken",
"pk": 123,
"fields": {
"user": 4,
"jti": "5e7c5210156545879025f10b329af76c",
"token": "eyJhbGciOiJIUzI1NiIsInR5cCI6IkpXVCJ9.eyJ0b2tlbl90eXBlIjoicmVmcmVzaCIsImV4cCI6MTc1OTU3NzMwMiwiaWF0IjoxNzU5NDkwOTAyLCJqdGkiOiI1ZTdjNTIxMDE1NjU0NTg3OTAyNWYxMGIzMjlhZjc2YyIsInVzZXJfaWQiOjR9.kK12D3__iUu-F0A2sW_Pp8zcmsSANTp-2huz80JcvoI",
"created_at": "2025-10-03T11:28:22.432Z",
"expires_at": "2025-10-04T11:28:22Z"
}
}, {
"model": "token_blacklist.outstandingtoken",
"pk": 124,
"fields": {
"user": 1,
"jti": "defd931dee5145eda5ae5842d7bd1957",
"token": "eyJhbGciOiJIUzI1NiIsInR5cCI6IkpXVCJ9.eyJ0b2tlbl90eXBlIjoicmVmcmVzaCIsImV4cCI6MTc1OTU3ODYwOCwiaWF0IjoxNzU5NDkyMjA4LCJqdGkiOiJkZWZkOTMxZGVlNTE0NWVkYTVhZTU4NDJkN2JkMTk1NyIsInVzZXJfaWQiOjF9.EaqPjm3bXB0dMokaH3RzNn-HuPmGZDXm3HGWQuIGWZ8",
"created_at": "2025-10-03T11:50:08.534Z",
"expires_at": "2025-10-04T11:50:08Z"
}
}, {
"model": "token_blacklist.outstandingtoken",
"pk": 125,
"fields": {
"user": 4,
"jti": "60013d411ce541229ad56ef926fa3b55",
"token": "eyJhbGciOiJIUzI1NiIsInR5cCI6IkpXVCJ9.eyJ0b2tlbl90eXBlIjoicmVmcmVzaCIsImV4cCI6MTc1OTU3ODYyMCwiaWF0IjoxNzU5NDkyMjIwLCJqdGkiOiI2MDAxM2Q0MTFjZTU0MTIyOWFkNTZlZjkyNmZhM2I1NSIsInVzZXJfaWQiOjR9.JT0halZ1vIn_eSNGy882HtmN--XqqBIQrI-l4caQ5ns",
"created_at": "2025-10-03T11:50:20.145Z",
"expires_at": "2025-10-04T11:50:20Z"
}
}, {
"model": "token_blacklist.outstandingtoken",
"pk": 126,
"fields": {
"user": 4,
"jti": "a30aa783da984c90a69ba3a25e989724",
"token": "eyJhbGciOiJIUzI1NiIsInR5cCI6IkpXVCJ9.eyJ0b2tlbl90eXBlIjoicmVmcmVzaCIsImV4cCI6MTc1OTU3ODY1MywiaWF0IjoxNzU5NDkyMjUzLCJqdGkiOiJhMzBhYTc4M2RhOTg0YzkwYTY5YmEzYTI1ZTk4OTcyNCIsInVzZXJfaWQiOjR9.zr-OFGg-7D3BsoEih1NFASojLOuKJwSWUAOF04eaPXs",
"created_at": "2025-10-03T11:50:53.336Z",
"expires_at": "2025-10-04T11:50:53Z"
}
}, {
"model": "token_blacklist.outstandingtoken",
"pk": 127,
"fields": {
"user": 4,
"jti": "4881310d25e94b19b580417c3f2ce88d",
"token": "eyJhbGciOiJIUzI1NiIsInR5cCI6IkpXVCJ9.eyJ0b2tlbl90eXBlIjoicmVmcmVzaCIsImV4cCI6MTc1OTU3ODY1OSwiaWF0IjoxNzU5NDkyMjU5LCJqdGkiOiI0ODgxMzEwZDI1ZTk0YjE5YjU4MDQxN2MzZjJjZTg4ZCIsInVzZXJfaWQiOjR9.9B1_dqn9cxkLW-U9fkIWCf33vmu_eJcCOX1IgJ1NA58",
"created_at": "2025-10-03T11:50:59.965Z",
"expires_at": "2025-10-04T11:50:59Z"
}
}, {
"model": "token_blacklist.outstandingtoken",
"pk": 128,
"fields": {
"user": 4,
"jti": "02d39f30c0bf439294ecc64bd04a66e6",
"token": "eyJhbGciOiJIUzI1NiIsInR5cCI6IkpXVCJ9.eyJ0b2tlbl90eXBlIjoicmVmcmVzaCIsImV4cCI6MTc1OTU4MDU4NiwiaWF0IjoxNzU5NDk0MTg2LCJqdGkiOiIwMmQzOWYzMGMwYmY0MzkyOTRlY2M2NGJkMDRhNjZlNiIsInVzZXJfaWQiOjR9.Wy6nl2E4hHOplqWoKldT8NC8vgshO7R8dQ4PsroO4LI",
"created_at": "2025-10-03T12:23:06.907Z",
"expires_at": "2025-10-04T12:23:06Z"
}
}, {
"model": "token_blacklist.outstandingtoken",
"pk": 129,
"fields": {
"user": 4,
"jti": "5c2a9b61c8c143d9a102b06eda3a2069",
"token": "eyJhbGciOiJIUzI1NiIsInR5cCI6IkpXVCJ9.eyJ0b2tlbl90eXBlIjoicmVmcmVzaCIsImV4cCI6MTc1OTU4NDU2OSwiaWF0IjoxNzU5NDk4MTY5LCJqdGkiOiI1YzJhOWI2MWM4YzE0M2Q5YTEwMmIwNmVkYTNhMjA2OSIsInVzZXJfaWQiOjR9.oViVLlnulO1qgJGHQR5qWSwMn7LQDGUiJXfFmHyPx_Y",
"created_at": "2025-10-03T13:29:29.538Z",
"expires_at": "2025-10-04T13:29:29Z"
}
}, {
"model": "token_blacklist.outstandingtoken",
"pk": 130,
"fields": {
"user": 1,
"jti": "195dc7c771794d7c894cbe713948417e",
"token": "eyJhbGciOiJIUzI1NiIsInR5cCI6IkpXVCJ9.eyJ0b2tlbl90eXBlIjoicmVmcmVzaCIsImV4cCI6MTc1OTU4NzAwNCwiaWF0IjoxNzU5NTAwNjA0LCJqdGkiOiIxOTVkYzdjNzcxNzk0ZDdjODk0Y2JlNzEzOTQ4NDE3ZSIsInVzZXJfaWQiOjF9.SyavvNkAriY47ZTtyNgwsb2wUT-pTWq508fOlz3Z-hg",
"created_at": "2025-10-03T14:10:04.168Z",
"expires_at": "2025-10-04T14:10:04Z"
}
}, {
"model": "token_blacklist.outstandingtoken",
"pk": 131,
"fields": {
"user": 4,
"jti": "13723b1db15d45ed8294f0cf6fe1e3b2",
"token": "eyJhbGciOiJIUzI1NiIsInR5cCI6IkpXVCJ9.eyJ0b2tlbl90eXBlIjoicmVmcmVzaCIsImV4cCI6MTc1OTY0NjE4OCwiaWF0IjoxNzU5NTU5Nzg4LCJqdGkiOiIxMzcyM2IxZGIxNWQ0NWVkODI5NGYwY2Y2ZmUxZTNiMiIsInVzZXJfaWQiOjR9.V3kI1bGIJxzsaK27DkqtnwqDve70g2Hvav2Ut1LBNVA",
"created_at": "2025-10-04T06:36:28.726Z",
"expires_at": "2025-10-05T06:36:28Z"
}
}, {
"model": "token_blacklist.outstandingtoken",
"pk": 132,
"fields": {
"user": 1,
"jti": "e8923983dcfd456d81fdaa3621e0eecb",
"token": "eyJhbGciOiJIUzI1NiIsInR5cCI6IkpXVCJ9.eyJ0b2tlbl90eXBlIjoicmVmcmVzaCIsImV4cCI6MTc1OTY1MTMzMSwiaWF0IjoxNzU5NTY0OTMxLCJqdGkiOiJlODkyMzk4M2RjZmQ0NTZkODFmZGFhMzYyMWUwZWVjYiIsInVzZXJfaWQiOjF9.ntUUFV2My5NkPMklHPOAxiev8biEwEIagnOow3NKKnE",
"created_at": "2025-10-04T08:02:11.221Z",
"expires_at": "2025-10-05T08:02:11Z"
}
}, {
"model": "token_blacklist.outstandingtoken",
"pk": 133,
"fields": {
"user": 4,
"jti": "be36af15f3a943619b27a63b57fa7714",
"token": "eyJhbGciOiJIUzI1NiIsInR5cCI6IkpXVCJ9.eyJ0b2tlbl90eXBlIjoicmVmcmVzaCIsImV4cCI6MTc1OTY1MTUwOSwiaWF0IjoxNzU5NTY1MTA5LCJqdGkiOiJiZTM2YWYxNWYzYTk0MzYxOWIyN2E2M2I1N2ZhNzcxNCIsInVzZXJfaWQiOjR9.DIhZ2DOFN9Axp455esoAeoBS5nKm19XvWQC6ZrIb_K0",
"created_at": "2025-10-04T08:05:09.821Z",
"expires_at": "2025-10-05T08:05:09Z"
}
}, {
"model": "token_blacklist.outstandingtoken",
"pk": 134,
"fields": {
"user": 1,
"jti": "01e1fa90e747409d8c8a498705f7e84c",
"token": "eyJhbGciOiJIUzI1NiIsInR5cCI6IkpXVCJ9.eyJ0b2tlbl90eXBlIjoicmVmcmVzaCIsImV4cCI6MTc1OTY1NTkzNSwiaWF0IjoxNzU5NTY5NTM1LCJqdGkiOiIwMWUxZmE5MGU3NDc0MDlkOGM4YTQ5ODcwNWY3ZTg0YyIsInVzZXJfaWQiOjF9.HlBWgp87P9DKXAZdoE6PSr138cPLkrJXvdWHbzTIX-M",
"created_at": "2025-10-04T09:18:55.159Z",
"expires_at": "2025-10-05T09:18:55Z"
}
}, {
"model": "token_blacklist.outstandingtoken",
"pk": 135,
"fields": {
"user": 4,
"jti": "8321c8b142124329a9be585edc2447d2",
"token": "eyJhbGciOiJIUzI1NiIsInR5cCI6IkpXVCJ9.eyJ0b2tlbl90eXBlIjoicmVmcmVzaCIsImV4cCI6MTc1OTY1NTk0NiwiaWF0IjoxNzU5NTY5NTQ2LCJqdGkiOiI4MzIxYzhiMTQyMTI0MzI5YTliZTU4NWVkYzI0NDdkMiIsInVzZXJfaWQiOjR9.qTnnqkAHnpF_u9E4TpuZQMbdp6eOZSfpX8KXjvWAF0A",
"created_at": "2025-10-04T09:19:06.039Z",
"expires_at": "2025-10-05T09:19:06Z"
}
}, {
"model": "token_blacklist.outstandingtoken",
"pk": 136,
"fields": {
"user": 4,
"jti": "a9325b0e2cee4dbd86e865b0bbd91f53",
"token": "eyJhbGciOiJIUzI1NiIsInR5cCI6IkpXVCJ9.eyJ0b2tlbl90eXBlIjoicmVmcmVzaCIsImV4cCI6MTc1OTY1ODU1NywiaWF0IjoxNzU5NTcyMTU3LCJqdGkiOiJhOTMyNWIwZTJjZWU0ZGJkODZlODY1YjBiYmQ5MWY1MyIsInVzZXJfaWQiOjR9.6G9APIswfUA2q0V9Nn2HZf8NBWLIc3fmMEktBoU0ve4",
"created_at": "2025-10-04T10:02:37.260Z",
"expires_at": "2025-10-05T10:02:37Z"
}
}, {
"model": "token_blacklist.outstandingtoken",
"pk": 137,
"fields": {
"user": 4,
"jti": "dadc4547ae3e46ccba494d881dbef81e",
"token": "eyJhbGciOiJIUzI1NiIsInR5cCI6IkpXVCJ9.eyJ0b2tlbl90eXBlIjoicmVmcmVzaCIsImV4cCI6MTc1OTY2MzYxNSwiaWF0IjoxNzU5NTc3MjE1LCJqdGkiOiJkYWRjNDU0N2FlM2U0NmNjYmE0OTRkODgxZGJlZjgxZSIsInVzZXJfaWQiOjR9.9qJnFnk3KIo9e4NS4AjTcITxRK3vc9tL_x2RJpkMCvo",
"created_at": "2025-10-04T11:26:55.978Z",
"expires_at": "2025-10-05T11:26:55Z"
}
}, {
"model": "token_blacklist.outstandingtoken",
"pk": 138,
"fields": {
"user": 4,
"jti": "58eef86aac084335b9f00b2b33dbaba8",
"token": "eyJhbGciOiJIUzI1NiIsInR5cCI6IkpXVCJ9.eyJ0b2tlbl90eXBlIjoicmVmcmVzaCIsImV4cCI6MTc1OTY2NzQyMCwiaWF0IjoxNzU5NTgxMDIwLCJqdGkiOiI1OGVlZjg2YWFjMDg0MzM1YjlmMDBiMmIzM2RiYWJhOCIsInVzZXJfaWQiOjR9.gIu355W-AqcGOQx_5JnmIvNWPveGIi5tldfAvLV-600",
"created_at": "2025-10-04T12:30:20.503Z",
"expires_at": "2025-10-05T12:30:20Z"
}
}, {
"model": "token_blacklist.outstandingtoken",
"pk": 139,
"fields": {
"user": 4,
"jti": "2a8411d3d89c42748b67f48a9f25466e",
"token": "eyJhbGciOiJIUzI1NiIsInR5cCI6IkpXVCJ9.eyJ0b2tlbl90eXBlIjoicmVmcmVzaCIsImV4cCI6MTc1OTY3MDkwNSwiaWF0IjoxNzU5NTg0NTA1LCJqdGkiOiIyYTg0MTFkM2Q4OWM0Mjc0OGI2N2Y0OGE5ZjI1NDY2ZSIsInVzZXJfaWQiOjR9.t8XO_AyJnIweExUVXQf9sXP1lVk8ZAvOiebnhxox1_Q",
"created_at": "2025-10-04T13:28:25.318Z",
"expires_at": "2025-10-05T13:28:25Z"
}
}, {
"model": "token_blacklist.outstandingtoken",
"pk": 140,
"fields": {
"user": 1,
"jti": "9caf557492c64c6fac5f8c04f7a867f1",
"token": "eyJhbGciOiJIUzI1NiIsInR5cCI6IkpXVCJ9.eyJ0b2tlbl90eXBlIjoicmVmcmVzaCIsImV4cCI6MTc1OTY3MTM2MSwiaWF0IjoxNzU5NTg0OTYxLCJqdGkiOiI5Y2FmNTU3NDkyYzY0YzZmYWM1ZjhjMDRmN2E4NjdmMSIsInVzZXJfaWQiOjF9.Jy7skkBjdSwKe6lFATWys1GaTg52zYgfSXKrkYEPLac",
"created_at": "2025-10-04T13:36:01.777Z",
"expires_at": "2025-10-05T13:36:01Z"
}
}, {
"model": "token_blacklist.outstandingtoken",
"pk": 141,
"fields": {
"user": 1,
"jti": "fbc62ad800944f52b5db2f2bf46175a3",
"token": "eyJhbGciOiJIUzI1NiIsInR5cCI6IkpXVCJ9.eyJ0b2tlbl90eXBlIjoicmVmcmVzaCIsImV4cCI6MTc1OTY3MTgxNCwiaWF0IjoxNzU5NTg1NDE0LCJqdGkiOiJmYmM2MmFkODAwOTQ0ZjUyYjVkYjJmMmJmNDYxNzVhMyIsInVzZXJfaWQiOjF9.WY0gp1q_6p-bzg-oqrCO0-bB0lxAyHG4mQwdTBaZclY",
"created_at": "2025-10-04T13:43:34.367Z",
"expires_at": "2025-10-05T13:43:34Z"
}
}, {
"model": "token_blacklist.outstandingtoken",
"pk": 142,
"fields": {
"user": 4,
"jti": "3ea4c88681954d4bbefb775fae7ab10e",
"token": "eyJhbGciOiJIUzI1NiIsInR5cCI6IkpXVCJ9.eyJ0b2tlbl90eXBlIjoicmVmcmVzaCIsImV4cCI6MTc1OTY3MTg4NSwiaWF0IjoxNzU5NTg1NDg1LCJqdGkiOiIzZWE0Yzg4NjgxOTU0ZDRiYmVmYjc3NWZhZTdhYjEwZSIsInVzZXJfaWQiOjR9.QwLnfZQkOy4ZiOQmVGxJ_kLh3autBVVcHXyLbzqAh58",
"created_at": "2025-10-04T13:44:45.511Z",
"expires_at": "2025-10-05T13:44:45Z"
}
}, {
"model": "token_blacklist.outstandingtoken",
"pk": 143,
"fields": {
"user": 1,
"jti": "711f0decdb614c87b36caf8922123e8f",
"token": "eyJhbGciOiJIUzI1NiIsInR5cCI6IkpXVCJ9.eyJ0b2tlbl90eXBlIjoicmVmcmVzaCIsImV4cCI6MTc1OTY3MzIwNSwiaWF0IjoxNzU5NTg2ODA1LCJqdGkiOiI3MTFmMGRlY2RiNjE0Yzg3YjM2Y2FmODkyMjEyM2U4ZiIsInVzZXJfaWQiOjF9.LI1PaOLrRkJYbJo99ZC1Brvtm6-Cy2RyZx_4a8Q6BjM",
"created_at": "2025-10-04T14:06:45.357Z",
"expires_at": "2025-10-05T14:06:45Z"
}
}, {
"model": "token_blacklist.outstandingtoken",
"pk": 144,
"fields": {
"user": 4,
"jti": "b99f4dd09b14496191c636f24ee556b5",
"token": "eyJhbGciOiJIUzI1NiIsInR5cCI6IkpXVCJ9.eyJ0b2tlbl90eXBlIjoicmVmcmVzaCIsImV4cCI6MTc1OTY3NjkxMCwiaWF0IjoxNzU5NTkwNTEwLCJqdGkiOiJiOTlmNGRkMDliMTQ0OTYxOTFjNjM2ZjI0ZWU1NTZiNSIsInVzZXJfaWQiOjR9.OF1alY38HWrelmzTF8fYTC7X6KsFPliUMKH0IEk1sSg",
"created_at": "2025-10-04T15:08:30.749Z",
"expires_at": "2025-10-05T15:08:30Z"
}
}, {
"model": "token_blacklist.outstandingtoken",
"pk": 145,
"fields": {
"user": 1,
"jti": "16c5885b58434f3ca7b38eccf535fc81",
"token": "eyJhbGciOiJIUzI1NiIsInR5cCI6IkpXVCJ9.eyJ0b2tlbl90eXBlIjoicmVmcmVzaCIsImV4cCI6MTc1OTY3NzQwMCwiaWF0IjoxNzU5NTkxMDAwLCJqdGkiOiIxNmM1ODg1YjU4NDM0ZjNjYTdiMzhlY2NmNTM1ZmM4MSIsInVzZXJfaWQiOjF9.TULhabaVYAWqgkDJMSTX986gpenejRa6R9ZvoJzw_ic",
"created_at": "2025-10-04T15:16:40.387Z",
"expires_at": "2025-10-05T15:16:40Z"
}
}, {
"model": "token_blacklist.outstandingtoken",
"pk": 146,
"fields": {
"user": 1,
"jti": "c267d6fa8b6945e29ac434de576e7eca",
"token": "eyJhbGciOiJIUzI1NiIsInR5cCI6IkpXVCJ9.eyJ0b2tlbl90eXBlIjoicmVmcmVzaCIsImV4cCI6MTc1OTc0OTkxNCwiaWF0IjoxNzU5NjYzNTE0LCJqdGkiOiJjMjY3ZDZmYThiNjk0NWUyOWFjNDM0ZGU1NzZlN2VjYSIsInVzZXJfaWQiOjF9.Jiv-U5PEHqFvn49-Vb0gsrxmFqB692Rs5gKvvZgNa-4",
"created_at": "2025-10-05T11:25:14.001Z",
"expires_at": "2025-10-06T11:25:14Z"
}
}, {
"model": "token_blacklist.outstandingtoken",
"pk": 147,
"fields": {
"user": 1,
"jti": "9da303078c404ed79e93ea9febcdde11",
"token": "eyJhbGciOiJIUzI1NiIsInR5cCI6IkpXVCJ9.eyJ0b2tlbl90eXBlIjoicmVmcmVzaCIsImV4cCI6MTc1OTc1MzQ2MCwiaWF0IjoxNzU5NjY3MDYwLCJqdGkiOiI5ZGEzMDMwNzhjNDA0ZWQ3OWU5M2VhOWZlYmNkZGUxMSIsInVzZXJfaWQiOjF9.jbwN0sS4cs8bdVy_HttwlvMYuJhyI-OCoR6rmqQpcIY",
"created_at": "2025-10-05T12:24:20.341Z",
"expires_at": "2025-10-06T12:24:20Z"
}
}, {
"model": "token_blacklist.outstandingtoken",
"pk": 148,
"fields": {
"user": 4,
"jti": "b827137303074069b91e2812d11a4cb3",
"token": "eyJhbGciOiJIUzI1NiIsInR5cCI6IkpXVCJ9.eyJ0b2tlbl90eXBlIjoicmVmcmVzaCIsImV4cCI6MTc1OTc1NjE5NCwiaWF0IjoxNzU5NjY5Nzk0LCJqdGkiOiJiODI3MTM3MzAzMDc0MDY5YjkxZTI4MTJkMTFhNGNiMyIsInVzZXJfaWQiOjR9.cS1cH3IfZWKxT0GPwKYs9JOCLszhIhZfDOwR3neMaR0",
"created_at": "2025-10-05T13:09:54.598Z",
"expires_at": "2025-10-06T13:09:54Z"
}
}, {
"model": "token_blacklist.outstandingtoken",
"pk": 149,
"fields": {
"user": 4,
"jti": "5ea13b5a0eb441a5acaa912d375fd923",
"token": "eyJhbGciOiJIUzI1NiIsInR5cCI6IkpXVCJ9.eyJ0b2tlbl90eXBlIjoicmVmcmVzaCIsImV4cCI6MTc1OTgyMzk3MCwiaWF0IjoxNzU5NzM3NTcwLCJqdGkiOiI1ZWExM2I1YTBlYjQ0MWE1YWNhYTkxMmQzNzVmZDkyMyIsInVzZXJfaWQiOjR9.gxrZWY62Zl7rtaYrE7UJwf7VlaIgg0Aw3HPfQdTzhMo",
"created_at": "2025-10-06T07:59:30.200Z",
"expires_at": "2025-10-07T07:59:30Z"
}
}, {
"model": "token_blacklist.outstandingtoken",
"pk": 150,
"fields": {
"user": 4,
"jti": "75f274e2c3034a67a4e69ced0f02d049",
"token": "eyJhbGciOiJIUzI1NiIsInR5cCI6IkpXVCJ9.eyJ0b2tlbl90eXBlIjoicmVmcmVzaCIsImV4cCI6MTc1OTgyNzkzMSwiaWF0IjoxNzU5NzQxNTMxLCJqdGkiOiI3NWYyNzRlMmMzMDM0YTY3YTRlNjljZWQwZjAyZDA0OSIsInVzZXJfaWQiOjR9.YHGkGEWsYtptvpqtZF4gLDoGvhnB9-PSM86t4-1Yx6c",
"created_at": "2025-10-06T09:05:31.274Z",
"expires_at": "2025-10-07T09:05:31Z"
}
}, {
"model": "token_blacklist.outstandingtoken",
"pk": 151,
"fields": {
"user": 4,
"jti": "71931d32478340a7aca7f9425420c26c",
"token": "eyJhbGciOiJIUzI1NiIsInR5cCI6IkpXVCJ9.eyJ0b2tlbl90eXBlIjoicmVmcmVzaCIsImV4cCI6MTc1OTgzMTYyNiwiaWF0IjoxNzU5NzQ1MjI2LCJqdGkiOiI3MTkzMWQzMjQ3ODM0MGE3YWNhN2Y5NDI1NDIwYzI2YyIsInVzZXJfaWQiOjR9.NKI7YqOoOezzG8yE3Ab_zUg5-wIQqiaCZpBsCEJEFW8",
"created_at": "2025-10-06T10:07:06.465Z",
"expires_at": "2025-10-07T10:07:06Z"
}
}, {
"model": "token_blacklist.outstandingtoken",
"pk": 152,
"fields": {
"user": 4,
"jti": "be35d05188cc46c09a0209984d8d03bb",
"token": "eyJhbGciOiJIUzI1NiIsInR5cCI6IkpXVCJ9.eyJ0b2tlbl90eXBlIjoicmVmcmVzaCIsImV4cCI6MTc1OTgzNTUzNSwiaWF0IjoxNzU5NzQ5MTM1LCJqdGkiOiJiZTM1ZDA1MTg4Y2M0NmMwOWEwMjA5OTg0ZDhkMDNiYiIsInVzZXJfaWQiOjR9.BXkMOGLWN6IQVOKNuDh5o5w04Vr_KKvzkJ4T3C6HSFE",
"created_at": "2025-10-06T11:12:15.256Z",
"expires_at": "2025-10-07T11:12:15Z"
}
}, {
"model": "token_blacklist.outstandingtoken",
"pk": 153,
"fields": {
"user": 1,
"jti": "82792087163644d7a7b12bc489c5543c",
"token": "eyJhbGciOiJIUzI1NiIsInR5cCI6IkpXVCJ9.eyJ0b2tlbl90eXBlIjoicmVmcmVzaCIsImV4cCI6MTc1OTgzNzQxMCwiaWF0IjoxNzU5NzUxMDEwLCJqdGkiOiI4Mjc5MjA4NzE2MzY0NGQ3YTdiMTJiYzQ4OWM1NTQzYyIsInVzZXJfaWQiOjF9.PEoXc_Vova2xkO6LLUFfywsYKchcFBHj-RYuMcanaFw",
"created_at": "2025-10-06T11:43:30.027Z",
"expires_at": "2025-10-07T11:43:30Z"
}
}, {
"model": "token_blacklist.outstandingtoken",
"pk": 154,
"fields": {
"user": 1,
"jti": "d64861785fe84e63bdf311b61117ddc9",
"token": "eyJhbGciOiJIUzI1NiIsInR5cCI6IkpXVCJ9.eyJ0b2tlbl90eXBlIjoicmVmcmVzaCIsImV4cCI6MTc1OTgzODY1NSwiaWF0IjoxNzU5NzUyMjU1LCJqdGkiOiJkNjQ4NjE3ODVmZTg0ZTYzYmRmMzExYjYxMTE3ZGRjOSIsInVzZXJfaWQiOjF9.AIdqnrxGLgBsvYKIkP6khpjIaRgE4MVHiJTSxLQrOTw",
"created_at": "2025-10-06T12:04:15.857Z",
"expires_at": "2025-10-07T12:04:15Z"
}
}, {
"model": "token_blacklist.outstandingtoken",
"pk": 155,
"fields": {
"user": 4,
"jti": "32d658659a1640d199c1c4dd14873b1c",
"token": "eyJhbGciOiJIUzI1NiIsInR5cCI6IkpXVCJ9.eyJ0b2tlbl90eXBlIjoicmVmcmVzaCIsImV4cCI6MTc1OTg0MTM2NCwiaWF0IjoxNzU5NzU0OTY0LCJqdGkiOiIzMmQ2NTg2NTlhMTY0MGQxOTljMWM0ZGQxNDg3M2IxYyIsInVzZXJfaWQiOjR9.H0x__HPb6T9xqonKN8ItqwPw2yZ1rgwpOy9QlR8flW4",
"created_at": "2025-10-06T12:49:24.101Z",
"expires_at": "2025-10-07T12:49:24Z"
}
}, {
"model": "token_blacklist.outstandingtoken",
"pk": 156,
"fields": {
"user": 1,
"jti": "7581a9ef583546f78cb82e4899d45701",
"token": "eyJhbGciOiJIUzI1NiIsInR5cCI6IkpXVCJ9.eyJ0b2tlbl90eXBlIjoicmVmcmVzaCIsImV4cCI6MTc1OTg0MTk0OCwiaWF0IjoxNzU5NzU1NTQ4LCJqdGkiOiI3NTgxYTllZjU4MzU0NmY3OGNiODJlNDg5OWQ0NTcwMSIsInVzZXJfaWQiOjF9.VCimGvfZxAkNfa8BdblbVgdzbGYce04B4EU0z-Cf1NY",
"created_at": "2025-10-06T12:59:08.500Z",
"expires_at": "2025-10-07T12:59:08Z"
}
}, {
"model": "token_blacklist.outstandingtoken",
"pk": 157,
"fields": {
"user": 1,
"jti": "6b625b683a5f4d9a9d612da858db53ff",
"token": "eyJhbGciOiJIUzI1NiIsInR5cCI6IkpXVCJ9.eyJ0b2tlbl90eXBlIjoicmVmcmVzaCIsImV4cCI6MTc1OTg0MjAxOSwiaWF0IjoxNzU5NzU1NjE5LCJqdGkiOiI2YjYyNWI2ODNhNWY0ZDlhOWQ2MTJkYTg1OGRiNTNmZiIsInVzZXJfaWQiOjF9.JDYp3xvc_wA991ZGxLVLLsAnOuMkRaysK_8GTDpsJjM",
"created_at": "2025-10-06T13:00:19.952Z",
"expires_at": "2025-10-07T13:00:19Z"
}
}, {
"model": "token_blacklist.outstandingtoken",
"pk": 158,
"fields": {
"user": 4,
"jti": "1790d26028c543dab452cd3eae2d1aef",
"token": "eyJhbGciOiJIUzI1NiIsInR5cCI6IkpXVCJ9.eyJ0b2tlbl90eXBlIjoicmVmcmVzaCIsImV4cCI6MTc1OTg0MjAzMCwiaWF0IjoxNzU5NzU1NjMwLCJqdGkiOiIxNzkwZDI2MDI4YzU0M2RhYjQ1MmNkM2VhZTJkMWFlZiIsInVzZXJfaWQiOjR9.5kpGENME_34litvQoIiiMXgip9IueRGwX39psVe6VOc",
"created_at": "2025-10-06T13:00:30.322Z",
"expires_at": "2025-10-07T13:00:30Z"
}
}, {
"model": "token_blacklist.outstandingtoken",
"pk": 159,
"fields": {
"user": 1,
"jti": "11479f25844d4047a93a7705a5a7d952",
"token": "eyJhbGciOiJIUzI1NiIsInR5cCI6IkpXVCJ9.eyJ0b2tlbl90eXBlIjoicmVmcmVzaCIsImV4cCI6MTc1OTg0MjQ4OCwiaWF0IjoxNzU5NzU2MDg4LCJqdGkiOiIxMTQ3OWYyNTg0NGQ0MDQ3YTkzYTc3MDVhNWE3ZDk1MiIsInVzZXJfaWQiOjF9.Oy7zNMz8Ws4qsCrvtHZ2XDSnEI9KgreVy6FeWA3GZJg",
"created_at": "2025-10-06T13:08:08.675Z",
"expires_at": "2025-10-07T13:08:08Z"
}
}, {
"model": "token_blacklist.outstandingtoken",
"pk": 160,
"fields": {
"user": 4,
"jti": "5476d2c12b9142fcbe9b4f0ccce3a1e8",
"token": "eyJhbGciOiJIUzI1NiIsInR5cCI6IkpXVCJ9.eyJ0b2tlbl90eXBlIjoicmVmcmVzaCIsImV4cCI6MTc1OTg0MzI5MywiaWF0IjoxNzU5NzU2ODkzLCJqdGkiOiI1NDc2ZDJjMTJiOTE0MmZjYmU5YjRmMGNjY2UzYTFlOCIsInVzZXJfaWQiOjR9.A8yy0Up5XGXIHQVUtAS7zjPEJckuJCz1DfIvtABAPX4",
"created_at": "2025-10-06T13:21:33.034Z",
"expires_at": "2025-10-07T13:21:33Z"
}
}, {
"model": "token_blacklist.outstandingtoken",
"pk": 161,
"fields": {
"user": 1,
"jti": "78846b56b91049d0aaebc2305e667f3e",
"token": "eyJhbGciOiJIUzI1NiIsInR5cCI6IkpXVCJ9.eyJ0b2tlbl90eXBlIjoicmVmcmVzaCIsImV4cCI6MTc1OTg0MzU0OSwiaWF0IjoxNzU5NzU3MTQ5LCJqdGkiOiI3ODg0NmI1NmI5MTA0OWQwYWFlYmMyMzA1ZTY2N2YzZSIsInVzZXJfaWQiOjF9.crT-Cy9iLjTcidBZhP7UC7QGmL6P2_S508MThrfiwhI",
"created_at": "2025-10-06T13:25:49.815Z",
"expires_at": "2025-10-07T13:25:49Z"
}
}, {
"model": "token_blacklist.outstandingtoken",
"pk": 162,
"fields": {
"user": 4,
"jti": "e3c1d2bc36994afe954972c94e371b50",
"token": "eyJhbGciOiJIUzI1NiIsInR5cCI6IkpXVCJ9.eyJ0b2tlbl90eXBlIjoicmVmcmVzaCIsImV4cCI6MTc1OTg0MzY0MiwiaWF0IjoxNzU5NzU3MjQyLCJqdGkiOiJlM2MxZDJiYzM2OTk0YWZlOTU0OTcyYzk0ZTM3MWI1MCIsInVzZXJfaWQiOjR9.noqIPxu_BtjPdX-Dpd5rmCrH1aRlPnG5iAlO9AuytNE",
"created_at": "2025-10-06T13:27:22.490Z",
"expires_at": "2025-10-07T13:27:22Z"
}
}, {
"model": "token_blacklist.outstandingtoken",
"pk": 163,
"fields": {
"user": 4,
"jti": "b35e6084c82d40a09e52e0453d853345",
"token": "eyJhbGciOiJIUzI1NiIsInR5cCI6IkpXVCJ9.eyJ0b2tlbl90eXBlIjoicmVmcmVzaCIsImV4cCI6MTc1OTg0NjUyMSwiaWF0IjoxNzU5NzYwMTIxLCJqdGkiOiJiMzVlNjA4NGM4MmQ0MGEwOWU1MmUwNDUzZDg1MzM0NSIsInVzZXJfaWQiOjR9.hf4FDmGqTp7FeQM0Bkb0he76HFKjwDy-yHmA__0iuJg",
"created_at": "2025-10-06T14:15:21.202Z",
"expires_at": "2025-10-07T14:15:21Z"
}
}, {
"model": "token_blacklist.outstandingtoken",
"pk": 164,
"fields": {
"user": 1,
"jti": "f13eaa7187444d21a447b3b4159c166e",
"token": "eyJhbGciOiJIUzI1NiIsInR5cCI6IkpXVCJ9.eyJ0b2tlbl90eXBlIjoicmVmcmVzaCIsImV4cCI6MTc1OTg0NjUzNCwiaWF0IjoxNzU5NzYwMTM0LCJqdGkiOiJmMTNlYWE3MTg3NDQ0ZDIxYTQ0N2IzYjQxNTljMTY2ZSIsInVzZXJfaWQiOjF9.dnTMKxuaxjfdMut17H-dB5uj969aEvaPNjOX034HR28",
"created_at": "2025-10-06T14:15:34.814Z",
"expires_at": "2025-10-07T14:15:34Z"
}
}, {
"model": "token_blacklist.outstandingtoken",
"pk": 165,
"fields": {
"user": 4,
"jti": "c4160ef7945843e8bf049e72e51cb090",
"token": "eyJhbGciOiJIUzI1NiIsInR5cCI6IkpXVCJ9.eyJ0b2tlbl90eXBlIjoicmVmcmVzaCIsImV4cCI6MTc1OTg0NjY5NSwiaWF0IjoxNzU5NzYwMjk1LCJqdGkiOiJjNDE2MGVmNzk0NTg0M2U4YmYwNDllNzJlNTFjYjA5MCIsInVzZXJfaWQiOjR9.Umc5IfaZJT8dRZY5ai0CSlOyn3Cu5q6HAyU9dYoHGys",
"created_at": "2025-10-06T14:18:15.488Z",
"expires_at": "2025-10-07T14:18:15Z"
}
}, {
"model": "token_blacklist.outstandingtoken",
"pk": 166,
"fields": {
"user": 4,
"jti": "b61af530a30345d99b3fa8780ebbd848",
"token": "eyJhbGciOiJIUzI1NiIsInR5cCI6IkpXVCJ9.eyJ0b2tlbl90eXBlIjoicmVmcmVzaCIsImV4cCI6MTc1OTg0NzU4NSwiaWF0IjoxNzU5NzYxMTg1LCJqdGkiOiJiNjFhZjUzMGEzMDM0NWQ5OWIzZmE4NzgwZWJiZDg0OCIsInVzZXJfaWQiOjR9.VAMb0eutSmsU4wgd4xAg_jH-ZQsDiIi6tS9JZOR4k8Y",
"created_at": "2025-10-06T14:33:05.971Z",
"expires_at": "2025-10-07T14:33:05Z"
}
}, {
"model": "token_blacklist.outstandingtoken",
"pk": 167,
"fields": {
"user": 1,
"jti": "becdfcd8f8bb4a1f825fbed21fc66c0b",
"token": "eyJhbGciOiJIUzI1NiIsInR5cCI6IkpXVCJ9.eyJ0b2tlbl90eXBlIjoicmVmcmVzaCIsImV4cCI6MTc1OTg0NzU5NCwiaWF0IjoxNzU5NzYxMTk0LCJqdGkiOiJiZWNkZmNkOGY4YmI0YTFmODI1ZmJlZDIxZmM2NmMwYiIsInVzZXJfaWQiOjF9.qaj6852gIvN-2242KxMCsS-00Y-6W6dxCQlJTNWxUCw",
"created_at": "2025-10-06T14:33:14.412Z",
"expires_at": "2025-10-07T14:33:14Z"
}
}, {
"model": "token_blacklist.outstandingtoken",
"pk": 168,
"fields": {
"user": 1,
"jti": "ab1463a6fa2040a291f7352f3c46ccd8",
"token": "eyJhbGciOiJIUzI1NiIsInR5cCI6IkpXVCJ9.eyJ0b2tlbl90eXBlIjoicmVmcmVzaCIsImV4cCI6MTc1OTg0NzYwOSwiaWF0IjoxNzU5NzYxMjA5LCJqdGkiOiJhYjE0NjNhNmZhMjA0MGEyOTFmNzM1MmYzYzQ2Y2NkOCIsInVzZXJfaWQiOjF9.yp8Z43jlMe58-cnfTnOfr9k3HOIf5QWxem8rc9DGSdE",
"created_at": "2025-10-06T14:33:29.004Z",
"expires_at": "2025-10-07T14:33:29Z"
}
}, {
"model": "token_blacklist.outstandingtoken",
"pk": 169,
"fields": {
"user": 4,
"jti": "4a8d0bc016a54803be8939f07d32b754",
"token": "eyJhbGciOiJIUzI1NiIsInR5cCI6IkpXVCJ9.eyJ0b2tlbl90eXBlIjoicmVmcmVzaCIsImV4cCI6MTc1OTg0ODk5OSwiaWF0IjoxNzU5NzYyNTk5LCJqdGkiOiI0YThkMGJjMDE2YTU0ODAzYmU4OTM5ZjA3ZDMyYjc1NCIsInVzZXJfaWQiOjR9.fUGa60cHfo1_Qm7sz5i9pTZqZoUqkfPjKEGv2hAJEGw",
"created_at": "2025-10-06T14:56:39.786Z",
"expires_at": "2025-10-07T14:56:39Z"
}
}, {
"model": "token_blacklist.outstandingtoken",
"pk": 170,
"fields": {
"user": 1,
"jti": "9c02aad4aecb4b61b9f7b37849c50aa6",
"token": "eyJhbGciOiJIUzI1NiIsInR5cCI6IkpXVCJ9.eyJ0b2tlbl90eXBlIjoicmVmcmVzaCIsImV4cCI6MTc1OTg0OTMyNSwiaWF0IjoxNzU5NzYyOTI1LCJqdGkiOiI5YzAyYWFkNGFlY2I0YjYxYjlmN2IzNzg0OWM1MGFhNiIsInVzZXJfaWQiOjF9.B6JT0GqkFu-vooxR3m4tIR9e6qZm6O58CIP7gCkT6r0",
"created_at": "2025-10-06T15:02:05.564Z",
"expires_at": "2025-10-07T15:02:05Z"
}
}, {
"model": "token_blacklist.outstandingtoken",
"pk": 171,
"fields": {
"user": 4,
"jti": "c01bca5b68fe4b9bb181899cdff995f4",
"token": "eyJhbGciOiJIUzI1NiIsInR5cCI6IkpXVCJ9.eyJ0b2tlbl90eXBlIjoicmVmcmVzaCIsImV4cCI6MTc1OTg1MDUwNywiaWF0IjoxNzU5NzY0MTA3LCJqdGkiOiJjMDFiY2E1YjY4ZmU0YjliYjE4MTg5OWNkZmY5OTVmNCIsInVzZXJfaWQiOjR9.txR-9i2LQadxnW-n2un8SzfMiimdK0OV8SCK_oXHTGA",
"created_at": "2025-10-06T15:21:47.989Z",
"expires_at": "2025-10-07T15:21:47Z"
}
}, {
"model": "token_blacklist.outstandingtoken",
"pk": 172,
"fields": {
"user": 4,
"jti": "2d4f467c2569456faa5068e4cb3eb444",
"token": "eyJhbGciOiJIUzI1NiIsInR5cCI6IkpXVCJ9.eyJ0b2tlbl90eXBlIjoicmVmcmVzaCIsImV4cCI6MTc1OTkxMTkzMCwiaWF0IjoxNzU5ODI1NTMwLCJqdGkiOiIyZDRmNDY3YzI1Njk0NTZmYWE1MDY4ZTRjYjNlYjQ0NCIsInVzZXJfaWQiOjR9.igPDTnXN3TpDOKJnco4pp26rAeXE0jmYRn0hwSUEwmA",
"created_at": "2025-10-07T08:25:30.190Z",
"expires_at": "2025-10-08T08:25:30Z"
}
}, {
"model": "token_blacklist.outstandingtoken",
"pk": 173,
"fields": {
"user": 4,
"jti": "463dac5791b8480299df9ca4503e609b",
"token": "eyJhbGciOiJIUzI1NiIsInR5cCI6IkpXVCJ9.eyJ0b2tlbl90eXBlIjoicmVmcmVzaCIsImV4cCI6MTc1OTkxNTYxMCwiaWF0IjoxNzU5ODI5MjEwLCJqdGkiOiI0NjNkYWM1NzkxYjg0ODAyOTlkZjljYTQ1MDNlNjA5YiIsInVzZXJfaWQiOjR9.6IzSMXpGPq45wclOvwzXvM4v54ud3uSFKqgr2dXoz_w",
"created_at": "2025-10-07T09:26:50.489Z",
"expires_at": "2025-10-08T09:26:50Z"
}
}, {
"model": "token_blacklist.outstandingtoken",
"pk": 174,
"fields": {
"user": 4,
"jti": "dcaab1a4c2e24b698c4663d3b2397959",
"token": "eyJhbGciOiJIUzI1NiIsInR5cCI6IkpXVCJ9.eyJ0b2tlbl90eXBlIjoicmVmcmVzaCIsImV4cCI6MTc1OTkxNjU1MiwiaWF0IjoxNzU5ODMwMTUyLCJqdGkiOiJkY2FhYjFhNGMyZTI0YjY5OGM0NjYzZDNiMjM5Nzk1OSIsInVzZXJfaWQiOjR9.QabXkn-g0cEiYajnyZPMaCXsLKqCnpQbAXpgs7A1w0Y",
"created_at": "2025-10-07T09:42:32.101Z",
"expires_at": "2025-10-08T09:42:32Z"
}
}, {
"model": "token_blacklist.outstandingtoken",
"pk": 175,
"fields": {
"user": 4,
"jti": "5c5067d235424bff805ef3aad7ac0f39",
"token": "eyJhbGciOiJIUzI1NiIsInR5cCI6IkpXVCJ9.eyJ0b2tlbl90eXBlIjoicmVmcmVzaCIsImV4cCI6MTc1OTkxNjU2MSwiaWF0IjoxNzU5ODMwMTYxLCJqdGkiOiI1YzUwNjdkMjM1NDI0YmZmODA1ZWYzYWFkN2FjMGYzOSIsInVzZXJfaWQiOjR9.CI7WLAVCYpaUX7YevqjcwuOrG0WZfvvp-6hpPH6lNJc",
"created_at": "2025-10-07T09:42:41.721Z",
"expires_at": "2025-10-08T09:42:41Z"
}
}, {
"model": "token_blacklist.outstandingtoken",
"pk": 176,
"fields": {
"user": 4,
"jti": "298389cd7b1d46b18ef89dfd18e2173a",
"token": "eyJhbGciOiJIUzI1NiIsInR5cCI6IkpXVCJ9.eyJ0b2tlbl90eXBlIjoicmVmcmVzaCIsImV4cCI6MTc1OTkxOTY5MSwiaWF0IjoxNzU5ODMzMjkxLCJqdGkiOiIyOTgzODljZDdiMWQ0NmIxOGVmODlkZmQxOGUyMTczYSIsInVzZXJfaWQiOjR9.FUGlb9-ctt9HqG4u8i3QaIkr8MVmvjV-adHmxSZlDLo",
"created_at": "2025-10-07T10:34:51.006Z",
"expires_at": "2025-10-08T10:34:51Z"
}
}, {
"model": "token_blacklist.outstandingtoken",
"pk": 177,
"fields": {
"user": 4,
"jti": "ab2cd607e2424e24a24c24caaa74f227",
"token": "eyJhbGciOiJIUzI1NiIsInR5cCI6IkpXVCJ9.eyJ0b2tlbl90eXBlIjoicmVmcmVzaCIsImV4cCI6MTc1OTkyMzcyMCwiaWF0IjoxNzU5ODM3MzIwLCJqdGkiOiJhYjJjZDYwN2UyNDI0ZTI0YTI0YzI0Y2FhYTc0ZjIyNyIsInVzZXJfaWQiOjR9.FWMnYRI6-rrPscTzDuHor3GOK2IDCs5gmQyOTIwYrvQ",
"created_at": "2025-10-07T11:42:00.027Z",
"expires_at": "2025-10-08T11:42:00Z"
}
}, {
"model": "token_blacklist.outstandingtoken",
"pk": 178,
"fields": {
"user": 4,
"jti": "14093fd22c514356a94916c283a3fe27",
"token": "eyJhbGciOiJIUzI1NiIsInR5cCI6IkpXVCJ9.eyJ0b2tlbl90eXBlIjoicmVmcmVzaCIsImV4cCI6MTc1OTkyMzk1OCwiaWF0IjoxNzU5ODM3NTU4LCJqdGkiOiIxNDA5M2ZkMjJjNTE0MzU2YTk0OTE2YzI4M2EzZmUyNyIsInVzZXJfaWQiOjR9.VqV36PKwk6GS8oBbTjZk77TZ2mBaYwRDTFuln7tASrs",
"created_at": "2025-10-07T11:45:58.905Z",
"expires_at": "2025-10-08T11:45:58Z"
}
}, {
"model": "token_blacklist.outstandingtoken",
"pk": 179,
"fields": {
"user": 4,
"jti": "f9732fbe07d44d52bce1bc21dbf444eb",
"token": "eyJhbGciOiJIUzI1NiIsInR5cCI6IkpXVCJ9.eyJ0b2tlbl90eXBlIjoicmVmcmVzaCIsImV4cCI6MTc1OTkyNzU2NiwiaWF0IjoxNzU5ODQxMTY2LCJqdGkiOiJmOTczMmZiZTA3ZDQ0ZDUyYmNlMWJjMjFkYmY0NDRlYiIsInVzZXJfaWQiOjR9.jPya64-t7irRcEfWlTJPNMDwHSZ1v1rRECX3HayYY48",
"created_at": "2025-10-07T12:46:06.309Z",
"expires_at": "2025-10-08T12:46:06Z"
}
}, {
"model": "token_blacklist.outstandingtoken",
"pk": 180,
"fields": {
"user": 4,
"jti": "7f7552583d4540e2a9574e8ce8a85f46",
"token": "eyJhbGciOiJIUzI1NiIsInR5cCI6IkpXVCJ9.eyJ0b2tlbl90eXBlIjoicmVmcmVzaCIsImV4cCI6MTc1OTkyNzYxMCwiaWF0IjoxNzU5ODQxMjEwLCJqdGkiOiI3Zjc1NTI1ODNkNDU0MGUyYTk1NzRlOGNlOGE4NWY0NiIsInVzZXJfaWQiOjR9.KB-iCyHHuVSHlK9p5P9kFQMlPTO-rJUxyS_YhOciJBQ",
"created_at": "2025-10-07T12:46:50.393Z",
"expires_at": "2025-10-08T12:46:50Z"
}
}, {
"model": "token_blacklist.outstandingtoken",
"pk": 181,
"fields": {
"user": 4,
"jti": "7d8c362ce8b447a1afa9adfed7b98376",
"token": "eyJhbGciOiJIUzI1NiIsInR5cCI6IkpXVCJ9.eyJ0b2tlbl90eXBlIjoicmVmcmVzaCIsImV4cCI6MTc1OTkzMTE2NSwiaWF0IjoxNzU5ODQ0NzY1LCJqdGkiOiI3ZDhjMzYyY2U4YjQ0N2ExYWZhOWFkZmVkN2I5ODM3NiIsInVzZXJfaWQiOjR9.CcsWdQpew82ZcRyFjzzkevdQ0uhG8vDMJs6ZL0Gk1yI",
"created_at": "2025-10-07T13:46:05.355Z",
"expires_at": "2025-10-08T13:46:05Z"
}
}, {
"model": "token_blacklist.outstandingtoken",
"pk": 182,
"fields": {
"user": 4,
"jti": "e748e09481914c0b8e1bb1c2def33680",
"token": "eyJhbGciOiJIUzI1NiIsInR5cCI6IkpXVCJ9.eyJ0b2tlbl90eXBlIjoicmVmcmVzaCIsImV4cCI6MTc1OTkzMTE2NSwiaWF0IjoxNzU5ODQ0NzY1LCJqdGkiOiJlNzQ4ZTA5NDgxOTE0YzBiOGUxYmIxYzJkZWYzMzY4MCIsInVzZXJfaWQiOjR9.-5cnRJqkJqJ1leiDOwlnwSu1ajojaVD9ZUwPkVpr6p8",
"created_at": "2025-10-07T13:46:05.352Z",
"expires_at": "2025-10-08T13:46:05Z"
}
}, {
"model": "token_blacklist.outstandingtoken",
"pk": 183,
"fields": {
"user": 4,
"jti": "f9a1453a3e8e4a77ba932c2089b670b3",
"token": "eyJhbGciOiJIUzI1NiIsInR5cCI6IkpXVCJ9.eyJ0b2tlbl90eXBlIjoicmVmcmVzaCIsImV4cCI6MTc1OTkzMTE2NSwiaWF0IjoxNzU5ODQ0NzY1LCJqdGkiOiJmOWExNDUzYTNlOGU0YTc3YmE5MzJjMjA4OWI2NzBiMyIsInVzZXJfaWQiOjR9.6EI6UVKk3FxcleYyRB7fmRFXfVuyMSY11KjqsaWTdIQ",
"created_at": "2025-10-07T13:46:05.353Z",
"expires_at": "2025-10-08T13:46:05Z"
}
}, {
"model": "token_blacklist.outstandingtoken",
"pk": 184,
"fields": {
"user": 4,
"jti": "516dc5660bfe4f54a362827933220f88",
"token": "eyJhbGciOiJIUzI1NiIsInR5cCI6IkpXVCJ9.eyJ0b2tlbl90eXBlIjoicmVmcmVzaCIsImV4cCI6MTc1OTkzMTE2NSwiaWF0IjoxNzU5ODQ0NzY1LCJqdGkiOiI1MTZkYzU2NjBiZmU0ZjU0YTM2MjgyNzkzMzIyMGY4OCIsInVzZXJfaWQiOjR9.zbsnQnideZ4oWTo3gdN8ClpdiNPJB7nTZUumx4kfVPw",
"created_at": "2025-10-07T13:46:05.356Z",
"expires_at": "2025-10-08T13:46:05Z"
}
}, {
"model": "token_blacklist.outstandingtoken",
"pk": 185,
"fields": {
"user": 4,
"jti": "5b70149d54f14a9f8ef7349a7c6965f1",
"token": "eyJhbGciOiJIUzI1NiIsInR5cCI6IkpXVCJ9.eyJ0b2tlbl90eXBlIjoicmVmcmVzaCIsImV4cCI6MTc1OTkzMTE2NSwiaWF0IjoxNzU5ODQ0NzY1LCJqdGkiOiI1YjcwMTQ5ZDU0ZjE0YTlmOGVmNzM0OWE3YzY5NjVmMSIsInVzZXJfaWQiOjR9.0iSIMDo-Y7vHjhCM7-LlPNQZA6L9JKcDoSl3LGf3aiw",
"created_at": "2025-10-07T13:46:05.358Z",
"expires_at": "2025-10-08T13:46:05Z"
}
}, {
"model": "token_blacklist.outstandingtoken",
"pk": 186,
"fields": {
"user": 4,
"jti": "2615084a53a94e6ba7c87d94f1159569",
"token": "eyJhbGciOiJIUzI1NiIsInR5cCI6IkpXVCJ9.eyJ0b2tlbl90eXBlIjoicmVmcmVzaCIsImV4cCI6MTc1OTkzMTE2NSwiaWF0IjoxNzU5ODQ0NzY1LCJqdGkiOiIyNjE1MDg0YTUzYTk0ZTZiYTdjODdkOTRmMTE1OTU2OSIsInVzZXJfaWQiOjR9.pFKIH0w5mAJnd5iRNy8cjp0p1nsX90VLVpzoTwcuAHw",
"created_at": "2025-10-07T13:46:05.354Z",
"expires_at": "2025-10-08T13:46:05Z"
}
}, {
"model": "token_blacklist.outstandingtoken",
"pk": 187,
"fields": {
"user": 4,
"jti": "92fc12a9b77c46d9a44c544b55dabfe5",
"token": "eyJhbGciOiJIUzI1NiIsInR5cCI6IkpXVCJ9.eyJ0b2tlbl90eXBlIjoicmVmcmVzaCIsImV4cCI6MTc1OTkzMTE3MSwiaWF0IjoxNzU5ODQ0NzcxLCJqdGkiOiI5MmZjMTJhOWI3N2M0NmQ5YTQ0YzU0NGI1NWRhYmZlNSIsInVzZXJfaWQiOjR9.XNxxiMXyPVkXnc11DJoBJ5I--IH4tIqZDyO0ih8ObvA",
"created_at": "2025-10-07T13:46:11.981Z",
"expires_at": "2025-10-08T13:46:11Z"
}
}, {
"model": "token_blacklist.outstandingtoken",
"pk": 188,
"fields": {
"user": 4,
"jti": "07ba64b606a84375899d52b1deb842b3",
"token": "eyJhbGciOiJIUzI1NiIsInR5cCI6IkpXVCJ9.eyJ0b2tlbl90eXBlIjoicmVmcmVzaCIsImV4cCI6MTc1OTkzMjk2MCwiaWF0IjoxNzU5ODQ2NTYwLCJqdGkiOiIwN2JhNjRiNjA2YTg0Mzc1ODk5ZDUyYjFkZWI4NDJiMyIsInVzZXJfaWQiOjR9.LvbYOiGcgcOjfvenjFLBdjeOA1XbcQQBaeLFK-ew1Jo",
"created_at": "2025-10-07T14:16:00.826Z",
"expires_at": "2025-10-08T14:16:00Z"
}
}, {
"model": "token_blacklist.outstandingtoken",
"pk": 189,
"fields": {
"user": 4,
"jti": "db3e979042ce4381be91bc647c45e63c",
"token": "eyJhbGciOiJIUzI1NiIsInR5cCI6IkpXVCJ9.eyJ0b2tlbl90eXBlIjoicmVmcmVzaCIsImV4cCI6MTc2MDAwMDk1MiwiaWF0IjoxNzU5OTE0NTUyLCJqdGkiOiJkYjNlOTc5MDQyY2U0MzgxYmU5MWJjNjQ3YzQ1ZTYzYyIsInVzZXJfaWQiOjR9.JFegExlGxHAB-5ZGWf2lUu36dji7U9t5lNg2nozQdt0",
"created_at": "2025-10-08T09:09:12.400Z",
"expires_at": "2025-10-09T09:09:12Z"
}
}, {
"model": "token_blacklist.outstandingtoken",
"pk": 190,
"fields": {
"user": 4,
"jti": "8bc9c62301fc4953b4e4217d6bf3571e",
"token": "eyJhbGciOiJIUzI1NiIsInR5cCI6IkpXVCJ9.eyJ0b2tlbl90eXBlIjoicmVmcmVzaCIsImV4cCI6MTc2MDAwMjAyOCwiaWF0IjoxNzU5OTE1NjI4LCJqdGkiOiI4YmM5YzYyMzAxZmM0OTUzYjRlNDIxN2Q2YmYzNTcxZSIsInVzZXJfaWQiOjR9.Kafv2-rD4pj8LqxeTBILFLUqvWHYQVTbKd6liRrIMFY",
"created_at": "2025-10-08T09:27:08.271Z",
"expires_at": "2025-10-09T09:27:08Z"
}
}, {
"model": "token_blacklist.outstandingtoken",
"pk": 191,
"fields": {
"user": 4,
"jti": "758135a95af84f09b6a6e638f0f70abe",
"token": "eyJhbGciOiJIUzI1NiIsInR5cCI6IkpXVCJ9.eyJ0b2tlbl90eXBlIjoicmVmcmVzaCIsImV4cCI6MTc2MDAwNTI2OSwiaWF0IjoxNzU5OTE4ODY5LCJqdGkiOiI3NTgxMzVhOTVhZjg0ZjA5YjZhNmU2MzhmMGY3MGFiZSIsInVzZXJfaWQiOjR9.K_Yb1GG8V5uHXLmVj8yN97AO48Lah43ovXQp7JKkzeo",
"created_at": "2025-10-08T10:21:09.835Z",
"expires_at": "2025-10-09T10:21:09Z"
}
}, {
"model": "token_blacklist.outstandingtoken",
"pk": 192,
"fields": {
"user": 4,
"jti": "c35513cec802409bb6beb32cee5617e8",
"token": "eyJhbGciOiJIUzI1NiIsInR5cCI6IkpXVCJ9.eyJ0b2tlbl90eXBlIjoicmVmcmVzaCIsImV4cCI6MTc2MDAwOTExOSwiaWF0IjoxNzU5OTIyNzE5LCJqdGkiOiJjMzU1MTNjZWM4MDI0MDliYjZiZWIzMmNlZTU2MTdlOCIsInVzZXJfaWQiOjR9.WryDZTXzgEhXb6sQ6_NEH2am4nmz9N9fE_-P3KE2R-k",
"created_at": "2025-10-08T11:25:19.354Z",
"expires_at": "2025-10-09T11:25:19Z"
}
}, {
"model": "token_blacklist.outstandingtoken",
"pk": 193,
"fields": {
"user": 4,
"jti": "2c28fac0ae4e44c491ec37128a4e3ee3",
"token": "eyJhbGciOiJIUzI1NiIsInR5cCI6IkpXVCJ9.eyJ0b2tlbl90eXBlIjoicmVmcmVzaCIsImV4cCI6MTc2MDAxNTM0MCwiaWF0IjoxNzU5OTI4OTQwLCJqdGkiOiIyYzI4ZmFjMGFlNGU0NGM0OTFlYzM3MTI4YTRlM2VlMyIsInVzZXJfaWQiOjR9.Dx7sxpJS_YEnuYJermjYO1g3mcxHQY1FJDudZWrMU3o",
"created_at": "2025-10-08T13:09:00.663Z",
"expires_at": "2025-10-09T13:09:00Z"
}
}, {
"model": "token_blacklist.outstandingtoken",
"pk": 194,
"fields": {
"user": 4,
"jti": "c54be427bf1940519a93ea991d1d154e",
"token": "eyJhbGciOiJIUzI1NiIsInR5cCI6IkpXVCJ9.eyJ0b2tlbl90eXBlIjoicmVmcmVzaCIsImV4cCI6MTc2MDAyNjI4MiwiaWF0IjoxNzU5OTM5ODgyLCJqdGkiOiJjNTRiZTQyN2JmMTk0MDUxOWE5M2VhOTkxZDFkMTU0ZSIsInVzZXJfaWQiOjR9.PM4by4l9SCvVfMJAVTca7pVdI0Cnn58SSvHdYlWQJoQ",
"created_at": "2025-10-08T16:11:22.403Z",
"expires_at": "2025-10-09T16:11:22Z"
}
}, {
"model": "token_blacklist.outstandingtoken",
"pk": 195,
"fields": {
"user": 4,
"jti": "54202534e31348b5a342fc193d4546e5",
"token": "eyJhbGciOiJIUzI1NiIsInR5cCI6IkpXVCJ9.eyJ0b2tlbl90eXBlIjoicmVmcmVzaCIsImV4cCI6MTc2MDAyNjM2MSwiaWF0IjoxNzU5OTM5OTYxLCJqdGkiOiI1NDIwMjUzNGUzMTM0OGI1YTM0MmZjMTkzZDQ1NDZlNSIsInVzZXJfaWQiOjR9.pB0uZCpOs8aYqn1aSnMGmLeJqiQ0wa0OEhsW-3_k0TA",
"created_at": "2025-10-08T16:12:41.280Z",
"expires_at": "2025-10-09T16:12:41Z"
}
}, {
"model": "token_blacklist.outstandingtoken",
"pk": 196,
"fields": {
"user": 4,
"jti": "e37a7671bb384bc88f5888a67d2b6f2f",
"token": "eyJhbGciOiJIUzI1NiIsInR5cCI6IkpXVCJ9.eyJ0b2tlbl90eXBlIjoicmVmcmVzaCIsImV4cCI6MTc2MDE2NTgyNCwiaWF0IjoxNzYwMDc5NDI0LCJqdGkiOiJlMzdhNzY3MWJiMzg0YmM4OGY1ODg4YTY3ZDJiNmYyZiIsInVzZXJfaWQiOjR9.nu76UWJeyEDGiX48JtwjaMaw3L1dksc0f5rUAD_Gb1A",
"created_at": "2025-10-10T06:57:04.565Z",
"expires_at": "2025-10-11T06:57:04Z"
}
}, {
"model": "token_blacklist.outstandingtoken",
"pk": 197,
"fields": {
"user": 4,
"jti": "b91737d878554c45bf142116d7558e3b",
"token": "eyJhbGciOiJIUzI1NiIsInR5cCI6IkpXVCJ9.eyJ0b2tlbl90eXBlIjoicmVmcmVzaCIsImV4cCI6MTc2MDE2Nzk1NSwiaWF0IjoxNzYwMDgxNTU1LCJqdGkiOiJiOTE3MzdkODc4NTU0YzQ1YmYxNDIxMTZkNzU1OGUzYiIsInVzZXJfaWQiOjR9.eQA4K64ONlfd0dZw9D8HyzE9z6EPxuJoPIsWyAoB1IA",
"created_at": "2025-10-10T07:32:35.875Z",
"expires_at": "2025-10-11T07:32:35Z"
}
}, {
"model": "token_blacklist.outstandingtoken",
"pk": 198,
"fields": {
"user": 4,
"jti": "d81addc833754faa8ce7548c15cf2daf",
"token": "eyJhbGciOiJIUzI1NiIsInR5cCI6IkpXVCJ9.eyJ0b2tlbl90eXBlIjoicmVmcmVzaCIsImV4cCI6MTc2MDE2ODIyOSwiaWF0IjoxNzYwMDgxODI5LCJqdGkiOiJkODFhZGRjODMzNzU0ZmFhOGNlNzU0OGMxNWNmMmRhZiIsInVzZXJfaWQiOjR9.CeV-akdd05h3cDv2pbq990qt1K3Dz6Ll5SjrNMshRwg",
"created_at": "2025-10-10T07:37:09.101Z",
"expires_at": "2025-10-11T07:37:09Z"
}
}, {
"model": "token_blacklist.outstandingtoken",
"pk": 199,
"fields": {
"user": 4,
"jti": "395e0712b797495694b6599c79810c1f",
"token": "eyJhbGciOiJIUzI1NiIsInR5cCI6IkpXVCJ9.eyJ0b2tlbl90eXBlIjoicmVmcmVzaCIsImV4cCI6MTc2MDE2ODI0NiwiaWF0IjoxNzYwMDgxODQ2LCJqdGkiOiIzOTVlMDcxMmI3OTc0OTU2OTRiNjU5OWM3OTgxMGMxZiIsInVzZXJfaWQiOjR9.nDtt7ZxY6UJjhBrZMwQFXiv_2jknf1aYipcwPVpPW2g",
"created_at": "2025-10-10T07:37:26.786Z",
"expires_at": "2025-10-11T07:37:26Z"
}
}, {
"model": "token_blacklist.outstandingtoken",
"pk": 200,
"fields": {
"user": 4,
"jti": "efd21043af6c451694c96766f3e97f29",
"token": "eyJhbGciOiJIUzI1NiIsInR5cCI6IkpXVCJ9.eyJ0b2tlbl90eXBlIjoicmVmcmVzaCIsImV4cCI6MTc2MDE2ODY1OSwiaWF0IjoxNzYwMDgyMjU5LCJqdGkiOiJlZmQyMTA0M2FmNmM0NTE2OTRjOTY3NjZmM2U5N2YyOSIsInVzZXJfaWQiOjR9.cv_WtG2xMpEG0Lg_Sxf8IdHQyz3lCPAU3iNjCDC4vDA",
"created_at": "2025-10-10T07:44:19.107Z",
"expires_at": "2025-10-11T07:44:19Z"
}
}, {
"model": "token_blacklist.outstandingtoken",
"pk": 201,
"fields": {
"user": 1,
"jti": "d6def9ed8c844dbfa8f077da36a97e8c",
"token": "eyJhbGciOiJIUzI1NiIsInR5cCI6IkpXVCJ9.eyJ0b2tlbl90eXBlIjoicmVmcmVzaCIsImV4cCI6MTc2MDE4NDg5NiwiaWF0IjoxNzYwMDk4NDk2LCJqdGkiOiJkNmRlZjllZDhjODQ0ZGJmYThmMDc3ZGEzNmE5N2U4YyIsInVzZXJfaWQiOjF9.btMt6W1cN0i6EkhbnZTacaq1u1qX_u-4IHhH0aBluTU",
"created_at": "2025-10-10T13:09:54.255Z",
"expires_at": "2025-10-11T12:14:56Z"
}
}, {
"model": "token_blacklist.outstandingtoken",
"pk": 202,
"fields": {
"user": 4,
"jti": "9c1ce5f64ccc42358f49f0ce0c020bd2",
"token": "eyJhbGciOiJIUzI1NiIsInR5cCI6IkpXVCJ9.eyJ0b2tlbl90eXBlIjoicmVmcmVzaCIsImV4cCI6MTc2MDE4ODIwMSwiaWF0IjoxNzYwMTAxODAxLCJqdGkiOiI5YzFjZTVmNjRjY2M0MjM1OGY0OWYwY2UwYzAyMGJkMiIsInVzZXJfaWQiOjR9.y_oPxg7r01Jk22GbgXfNPKQHI9osv6LdmQZDB_fXWBg",
"created_at": "2025-10-10T13:10:01.074Z",
"expires_at": "2025-10-11T13:10:01Z"
}
}, {
"model": "token_blacklist.outstandingtoken",
"pk": 203,
"fields": {
"user": 1,
"jti": "9fa0c571f7744d5a8bd919ab2eb99d73",
"token": "eyJhbGciOiJIUzI1NiIsInR5cCI6IkpXVCJ9.eyJ0b2tlbl90eXBlIjoicmVmcmVzaCIsImV4cCI6MTc2MDE4ODg5OCwiaWF0IjoxNzYwMTAyNDk4LCJqdGkiOiI5ZmEwYzU3MWY3NzQ0ZDVhOGJkOTE5YWIyZWI5OWQ3MyIsInVzZXJfaWQiOjF9.6oZ6n6qlN1wGs-eCbk8uXPlJPVTg-G1W07ts_FsYB5c",
"created_at": "2025-10-10T13:21:38.942Z",
"expires_at": "2025-10-11T13:21:38Z"
}
}, {
"model": "token_blacklist.outstandingtoken",
"pk": 204,
"fields": {
"user": 4,
"jti": "fc383617875843e28ea337dcc0cd5d70",
"token": "eyJhbGciOiJIUzI1NiIsInR5cCI6IkpXVCJ9.eyJ0b2tlbl90eXBlIjoicmVmcmVzaCIsImV4cCI6MTc2MDE4ODk3NCwiaWF0IjoxNzYwMTAyNTc0LCJqdGkiOiJmYzM4MzYxNzg3NTg0M2UyOGVhMzM3ZGNjMGNkNWQ3MCIsInVzZXJfaWQiOjR9.nacAg4KxBwEiDKFXEt5MImshRWoo62dD_sWyP3Vurd8",
"created_at": "2025-10-10T13:22:54.868Z",
"expires_at": "2025-10-11T13:22:54Z"
}
}, {
"model": "token_blacklist.outstandingtoken",
"pk": 205,
"fields": {
"user": 1,
"jti": "9488556c65044cbf8f7960a96ed371e3",
"token": "eyJhbGciOiJIUzI1NiIsInR5cCI6IkpXVCJ9.eyJ0b2tlbl90eXBlIjoicmVmcmVzaCIsImV4cCI6MTc2MDE4OTA4MSwiaWF0IjoxNzYwMTAyNjgxLCJqdGkiOiI5NDg4NTU2YzY1MDQ0Y2JmOGY3OTYwYTk2ZWQzNzFlMyIsInVzZXJfaWQiOjF9.Fj-LlAO-IgnryFB-bZFHmfq9hsq_aTZ40s9onstPFNE",
"created_at": "2025-10-10T13:24:41.426Z",
"expires_at": "2025-10-11T13:24:41Z"
}
}, {
"model": "token_blacklist.outstandingtoken",
"pk": 206,
"fields": {
"user": 4,
"jti": "56f4637a60f845c7a4212469a6773b87",
"token": "eyJhbGciOiJIUzI1NiIsInR5cCI6IkpXVCJ9.eyJ0b2tlbl90eXBlIjoicmVmcmVzaCIsImV4cCI6MTc2MDE4OTE3OSwiaWF0IjoxNzYwMTAyNzc5LCJqdGkiOiI1NmY0NjM3YTYwZjg0NWM3YTQyMTI0NjlhNjc3M2I4NyIsInVzZXJfaWQiOjR9.F0TrWhXzxVzVXDGtNYCRM_cV_XdxcUyC_N0THKa9LMg",
"created_at": "2025-10-10T13:26:19.313Z",
"expires_at": "2025-10-11T13:26:19Z"
}
}, {
"model": "token_blacklist.outstandingtoken",
"pk": 207,
"fields": {
"user": 1,
"jti": "4fa1c32bb9e342a4be70b41691eaa4fb",
"token": "eyJhbGciOiJIUzI1NiIsInR5cCI6IkpXVCJ9.eyJ0b2tlbl90eXBlIjoicmVmcmVzaCIsImV4cCI6MTc2MDE4OTcwNywiaWF0IjoxNzYwMTAzMzA3LCJqdGkiOiI0ZmExYzMyYmI5ZTM0MmE0YmU3MGI0MTY5MWVhYTRmYiIsInVzZXJfaWQiOjF9.rlmas0Emhio8IOcEqtpLLi9XWCtjlX5fI18jCwKAVuE",
"created_at": "2025-10-10T13:35:07.869Z",
"expires_at": "2025-10-11T13:35:07Z"
}
}, {
"model": "token_blacklist.outstandingtoken",
"pk": 208,
"fields": {
"user": 4,
"jti": "7a7361baa86e4cd98b07cccffb2bf6d1",
"token": "eyJhbGciOiJIUzI1NiIsInR5cCI6IkpXVCJ9.eyJ0b2tlbl90eXBlIjoicmVmcmVzaCIsImV4cCI6MTc2MDE5MDE1NCwiaWF0IjoxNzYwMTAzNzU0LCJqdGkiOiI3YTczNjFiYWE4NmU0Y2Q5OGIwN2NjY2ZmYjJiZjZkMSIsInVzZXJfaWQiOjR9.oquK2KnGyMziLyuo3RTBkNimtJz3QWcIH_HrnJXT3vM",
"created_at": "2025-10-10T13:42:34.760Z",
"expires_at": "2025-10-11T13:42:34Z"
}
}, {
"model": "token_blacklist.outstandingtoken",
"pk": 209,
"fields": {
"user": 1,
"jti": "5f3f839beccb4e63ab0329bae18adc59",
"token": "eyJhbGciOiJIUzI1NiIsInR5cCI6IkpXVCJ9.eyJ0b2tlbl90eXBlIjoicmVmcmVzaCIsImV4cCI6MTc2MDE5MDIxMCwiaWF0IjoxNzYwMTAzODEwLCJqdGkiOiI1ZjNmODM5YmVjY2I0ZTYzYWIwMzI5YmFlMThhZGM1OSIsInVzZXJfaWQiOjF9.F3rNautSgVYjIzbPvboL0_hm4CEtUE-9MVqOMuWx04Q",
"created_at": "2025-10-10T13:43:30.169Z",
"expires_at": "2025-10-11T13:43:30Z"
}
}, {
"model": "token_blacklist.outstandingtoken",
"pk": 210,
"fields": {
"user": 4,
"jti": "56977e93b653477382eb0bc4f14383ae",
"token": "eyJhbGciOiJIUzI1NiIsInR5cCI6IkpXVCJ9.eyJ0b2tlbl90eXBlIjoicmVmcmVzaCIsImV4cCI6MTc2MDE5MDg0OSwiaWF0IjoxNzYwMTA0NDQ5LCJqdGkiOiI1Njk3N2U5M2I2NTM0NzczODJlYjBiYzRmMTQzODNhZSIsInVzZXJfaWQiOjR9.PL7w19Qp0asMmsrwepTIWOvvC1FrUNz6Cyz6342IykE",
"created_at": "2025-10-10T13:54:09.997Z",
"expires_at": "2025-10-11T13:54:09Z"
}
}, {
"model": "token_blacklist.outstandingtoken",
"pk": 211,
"fields": {
"user": 1,
"jti": "8d45d260daf54f4f8210537a5c0f10e9",
"token": "eyJhbGciOiJIUzI1NiIsInR5cCI6IkpXVCJ9.eyJ0b2tlbl90eXBlIjoicmVmcmVzaCIsImV4cCI6MTc2MDE5MTM1NSwiaWF0IjoxNzYwMTA0OTU1LCJqdGkiOiI4ZDQ1ZDI2MGRhZjU0ZjRmODIxMDUzN2E1YzBmMTBlOSIsInVzZXJfaWQiOjF9.DEee5KffiEqmWBBo2UBxktjKOodsT5ApJ2Flsf5qTXk",
"created_at": "2025-10-10T14:02:35.056Z",
"expires_at": "2025-10-11T14:02:35Z"
}
}, {
"model": "token_blacklist.outstandingtoken",
"pk": 212,
"fields": {
"user": 1,
"jti": "18916d0f3f304f64a4681d219bd7a1b7",
"token": "eyJhbGciOiJIUzI1NiIsInR5cCI6IkpXVCJ9.eyJ0b2tlbl90eXBlIjoicmVmcmVzaCIsImV4cCI6MTc2MDI1NDQwOSwiaWF0IjoxNzYwMTY4MDA5LCJqdGkiOiIxODkxNmQwZjNmMzA0ZjY0YTQ2ODFkMjE5YmQ3YTFiNyIsInVzZXJfaWQiOjF9.W6NsI9456L2no5rONZwrq1c_AhyxQ4kQ9sNO7fUDIRo",
"created_at": "2025-10-11T07:33:29.513Z",
"expires_at": "2025-10-12T07:33:29Z"
}
}, {
"model": "token_blacklist.outstandingtoken",
"pk": 213,
"fields": {
"user": 4,
"jti": "2d92942655f44ecf8c18d503393947ac",
"token": "eyJhbGciOiJIUzI1NiIsInR5cCI6IkpXVCJ9.eyJ0b2tlbl90eXBlIjoicmVmcmVzaCIsImV4cCI6MTc2MDI1NDQ4NywiaWF0IjoxNzYwMTY4MDg3LCJqdGkiOiIyZDkyOTQyNjU1ZjQ0ZWNmOGMxOGQ1MDMzOTM5NDdhYyIsInVzZXJfaWQiOjR9.fSXnqJWxa57HTlXk4yQE-b1S4S_FwAptyLYL_SpoiMc",
"created_at": "2025-10-11T07:34:47.496Z",
"expires_at": "2025-10-12T07:34:47Z"
}
}, {
"model": "token_blacklist.outstandingtoken",
"pk": 214,
"fields": {
"user": 1,
"jti": "6d9bbea0c80944d6a3d2b4fd7d5ae287",
"token": "eyJhbGciOiJIUzI1NiIsInR5cCI6IkpXVCJ9.eyJ0b2tlbl90eXBlIjoicmVmcmVzaCIsImV4cCI6MTc2MDI1ODEyMywiaWF0IjoxNzYwMTcxNzIzLCJqdGkiOiI2ZDliYmVhMGM4MDk0NGQ2YTNkMmI0ZmQ3ZDVhZTI4NyIsInVzZXJfaWQiOjF9.ZIQ4wHzZfU9zVRlo7BWa5W66MDIzimB7HoG-veuFDRY",
"created_at": "2025-10-11T08:35:23.461Z",
"expires_at": "2025-10-12T08:35:23Z"
}
}, {
"model": "token_blacklist.outstandingtoken",
"pk": 215,
"fields": {
"user": 1,
"jti": "e5a94f7950bb4636a8cb8290b79d4914",
"token": "eyJhbGciOiJIUzI1NiIsInR5cCI6IkpXVCJ9.eyJ0b2tlbl90eXBlIjoicmVmcmVzaCIsImV4cCI6MTc2MDI1ODMyMCwiaWF0IjoxNzYwMTcxOTIwLCJqdGkiOiJlNWE5NGY3OTUwYmI0NjM2YThjYjgyOTBiNzlkNDkxNCIsInVzZXJfaWQiOjF9.lb7R1Fw5CqZtU9WAlqYs3dP4afpo6IG6ZaQIAvHKxxg",
"created_at": "2025-10-11T08:38:40.628Z",
"expires_at": "2025-10-12T08:38:40Z"
}
}, {
"model": "token_blacklist.outstandingtoken",
"pk": 216,
"fields": {
"user": 4,
"jti": "bc889c4008d64c36b85d9727411a2942",
"token": "eyJhbGciOiJIUzI1NiIsInR5cCI6IkpXVCJ9.eyJ0b2tlbl90eXBlIjoicmVmcmVzaCIsImV4cCI6MTc2MDI1ODM3NCwiaWF0IjoxNzYwMTcxOTc0LCJqdGkiOiJiYzg4OWM0MDA4ZDY0YzM2Yjg1ZDk3Mjc0MTFhMjk0MiIsInVzZXJfaWQiOjR9.ocRRrqb_VGz8MgKVnj11VDZwuFGzi_5iwaoKAc6mLko",
"created_at": "2025-10-11T08:39:34.320Z",
"expires_at": "2025-10-12T08:39:34Z"
}
}, {
"model": "token_blacklist.outstandingtoken",
"pk": 217,
"fields": {
"user": 1,
"jti": "d8989725f18d4fb1b2952ee50a891608",
"token": "eyJhbGciOiJIUzI1NiIsInR5cCI6IkpXVCJ9.eyJ0b2tlbl90eXBlIjoicmVmcmVzaCIsImV4cCI6MTc2MDI1OTI3MiwiaWF0IjoxNzYwMTcyODcyLCJqdGkiOiJkODk4OTcyNWYxOGQ0ZmIxYjI5NTJlZTUwYTg5MTYwOCIsInVzZXJfaWQiOjF9.5-MxrKQCmQGAJvXK5b9lrQ_wo2r90IbnANDtsJi0quk",
"created_at": "2025-10-11T08:54:32.464Z",
"expires_at": "2025-10-12T08:54:32Z"
}
}, {
"model": "token_blacklist.outstandingtoken",
"pk": 218,
"fields": {
"user": 4,
"jti": "a8b628bd372741cc9668f66342fef746",
"token": "eyJhbGciOiJIUzI1NiIsInR5cCI6IkpXVCJ9.eyJ0b2tlbl90eXBlIjoicmVmcmVzaCIsImV4cCI6MTc2MDI2MTkzNSwiaWF0IjoxNzYwMTc1NTM1LCJqdGkiOiJhOGI2MjhiZDM3Mjc0MWNjOTY2OGY2NjM0MmZlZjc0NiIsInVzZXJfaWQiOjR9.nHsPdDadkmwfMVhgnWvY3UW_uPhz5hALFwFpjiIhiIY",
"created_at": "2025-10-11T09:38:55.967Z",
"expires_at": "2025-10-12T09:38:55Z"
}
}, {
"model": "token_blacklist.outstandingtoken",
"pk": 219,
"fields": {
"user": 4,
"jti": "e2778cb94384469493a395d20824dab8",
"token": "eyJhbGciOiJIUzI1NiIsInR5cCI6IkpXVCJ9.eyJ0b2tlbl90eXBlIjoicmVmcmVzaCIsImV4cCI6MTc2MDI2MTkzNSwiaWF0IjoxNzYwMTc1NTM1LCJqdGkiOiJlMjc3OGNiOTQzODQ0Njk0OTNhMzk1ZDIwODI0ZGFiOCIsInVzZXJfaWQiOjR9.SlHyq6t05xvaR_t_uNriwmt5kSXuNm-jTud5U8M1MIQ",
"created_at": "2025-10-11T09:38:55.957Z",
"expires_at": "2025-10-12T09:38:55Z"
}
}, {
"model": "token_blacklist.outstandingtoken",
"pk": 220,
"fields": {
"user": 4,
"jti": "2110fe7a79e14d31aa9a552a201fd2c5",
"token": "eyJhbGciOiJIUzI1NiIsInR5cCI6IkpXVCJ9.eyJ0b2tlbl90eXBlIjoicmVmcmVzaCIsImV4cCI6MTc2MDI2MTkzNSwiaWF0IjoxNzYwMTc1NTM1LCJqdGkiOiIyMTEwZmU3YTc5ZTE0ZDMxYWE5YTU1MmEyMDFmZDJjNSIsInVzZXJfaWQiOjR9.4oKV1xNFgD3aQVcHUNDY6FaMpmtvz7AngVjAZZYKEkw",
"created_at": "2025-10-11T09:38:55.985Z",
"expires_at": "2025-10-12T09:38:55Z"
}
}, {
"model": "token_blacklist.outstandingtoken",
"pk": 221,
"fields": {
"user": 4,
"jti": "c9fcbeb795c24548ab22c23d13e0547c",
"token": "eyJhbGciOiJIUzI1NiIsInR5cCI6IkpXVCJ9.eyJ0b2tlbl90eXBlIjoicmVmcmVzaCIsImV4cCI6MTc2MDI2MTkzNSwiaWF0IjoxNzYwMTc1NTM1LCJqdGkiOiJjOWZjYmViNzk1YzI0NTQ4YWIyMmMyM2QxM2UwNTQ3YyIsInVzZXJfaWQiOjR9.XnnE3i3xCgxIyY3mI1Js3bPipB4FBQhvV_nDIzwVepo",
"created_at": "2025-10-11T09:38:55.952Z",
"expires_at": "2025-10-12T09:38:55Z"
}
}, {
"model": "token_blacklist.outstandingtoken",
"pk": 222,
"fields": {
"user": 4,
"jti": "c4786096fdb34f8a9c85d95f7b81b95f",
"token": "eyJhbGciOiJIUzI1NiIsInR5cCI6IkpXVCJ9.eyJ0b2tlbl90eXBlIjoicmVmcmVzaCIsImV4cCI6MTc2MDI2MTkzNSwiaWF0IjoxNzYwMTc1NTM1LCJqdGkiOiJjNDc4NjA5NmZkYjM0ZjhhOWM4NWQ5NWY3YjgxYjk1ZiIsInVzZXJfaWQiOjR9.96BZ_4etJHS2Rw5ibkYM_JySqzw3UjieX96KNhiNRGE",
"created_at": "2025-10-11T09:38:55.955Z",
"expires_at": "2025-10-12T09:38:55Z"
}
}, {
"model": "token_blacklist.outstandingtoken",
"pk": 223,
"fields": {
"user": 4,
"jti": "878fed1f8b884bbfa3d6642fd2c0a5d6",
"token": "eyJhbGciOiJIUzI1NiIsInR5cCI6IkpXVCJ9.eyJ0b2tlbl90eXBlIjoicmVmcmVzaCIsImV4cCI6MTc2MDI2MTk0MSwiaWF0IjoxNzYwMTc1NTQxLCJqdGkiOiI4NzhmZWQxZjhiODg0YmJmYTNkNjY0MmZkMmMwYTVkNiIsInVzZXJfaWQiOjR9.oR0ihg5LYe1UznjxiDDz_c-zMreYlRIqy0yEY_HozUE",
"created_at": "2025-10-11T09:39:01.393Z",
"expires_at": "2025-10-12T09:39:01Z"
}
}, {
"model": "token_blacklist.outstandingtoken",
"pk": 224,
"fields": {
"user": 1,
"jti": "cc09767aec2f4d2591b3f3fd13634589",
"token": "eyJhbGciOiJIUzI1NiIsInR5cCI6IkpXVCJ9.eyJ0b2tlbl90eXBlIjoicmVmcmVzaCIsImV4cCI6MTc2MDI2MzExNSwiaWF0IjoxNzYwMTc2NzE1LCJqdGkiOiJjYzA5NzY3YWVjMmY0ZDI1OTFiM2YzZmQxMzYzNDU4OSIsInVzZXJfaWQiOjF9.oBGBgcSsZtYwHuYKJGJeWU9nSktUPybnwkbMG983Qbo",
"created_at": "2025-10-11T09:58:35.958Z",
"expires_at": "2025-10-12T09:58:35Z"
}
}, {
"model": "token_blacklist.outstandingtoken",
"pk": 225,
"fields": {
"user": 4,
"jti": "a3c4825e304a4d51b19b906c0e5c025d",
"token": "eyJhbGciOiJIUzI1NiIsInR5cCI6IkpXVCJ9.eyJ0b2tlbl90eXBlIjoicmVmcmVzaCIsImV4cCI6MTc2MDI2NzQxOSwiaWF0IjoxNzYwMTgxMDE5LCJqdGkiOiJhM2M0ODI1ZTMwNGE0ZDUxYjE5YjkwNmMwZTVjMDI1ZCIsInVzZXJfaWQiOjR9.D-zsnKfurAwAHyFH7TwCGITAdro5uZJBg_eAnftefaQ",
"created_at": "2025-10-11T11:10:19.696Z",
"expires_at": "2025-10-12T11:10:19Z"
}
}, {
"model": "token_blacklist.outstandingtoken",
"pk": 226,
"fields": {
"user": 1,
"jti": "6a18a821c9b14a4ca0bbe6d24ef2f6af",
"token": "eyJhbGciOiJIUzI1NiIsInR5cCI6IkpXVCJ9.eyJ0b2tlbl90eXBlIjoicmVmcmVzaCIsImV4cCI6MTc2MDI2ODE0NywiaWF0IjoxNzYwMTgxNzQ3LCJqdGkiOiI2YTE4YTgyMWM5YjE0YTRjYTBiYmU2ZDI0ZWYyZjZhZiIsInVzZXJfaWQiOjF9.ZE88MQ-zB0vIYacCCH_YMzgHYb2QyXQNlThl1tTzvMs",
"created_at": "2025-10-11T11:22:27.540Z",
"expires_at": "2025-10-12T11:22:27Z"
}
}, {
"model": "token_blacklist.outstandingtoken",
"pk": 227,
"fields": {
"user": 1,
"jti": "c1e4a62522f04e6eb15e11b01630aad5",
"token": "eyJhbGciOiJIUzI1NiIsInR5cCI6IkpXVCJ9.eyJ0b2tlbl90eXBlIjoicmVmcmVzaCIsImV4cCI6MTc2MDI3MTkxNiwiaWF0IjoxNzYwMTg1NTE2LCJqdGkiOiJjMWU0YTYyNTIyZjA0ZTZlYjE1ZTExYjAxNjMwYWFkNSIsInVzZXJfaWQiOjF9.5JiV6mtdKD4sff3QRnleWlBamdHWttQO9-AO6-FtnU8",
"created_at": "2025-10-11T12:25:16.525Z",
"expires_at": "2025-10-12T12:25:16Z"
}
}, {
"model": "token_blacklist.outstandingtoken",
"pk": 228,
"fields": {
"user": 4,
"jti": "c39b6ebe0d334be29444bf2066889563",
"token": "eyJhbGciOiJIUzI1NiIsInR5cCI6IkpXVCJ9.eyJ0b2tlbl90eXBlIjoicmVmcmVzaCIsImV4cCI6MTc2MDI3MjI5NCwiaWF0IjoxNzYwMTg1ODk0LCJqdGkiOiJjMzliNmViZTBkMzM0YmUyOTQ0NGJmMjA2Njg4OTU2MyIsInVzZXJfaWQiOjR9.DhYH0nK1__sY3Ij7tmji4429koAZHfUls2nyx1Ppbfk",
"created_at": "2025-10-11T12:31:34.804Z",
"expires_at": "2025-10-12T12:31:34Z"
}
}, {
"model": "token_blacklist.outstandingtoken",
"pk": 229,
"fields": {
"user": 1,
"jti": "8329ca1d00ff4b06b2fa02532d28b337",
"token": "eyJhbGciOiJIUzI1NiIsInR5cCI6IkpXVCJ9.eyJ0b2tlbl90eXBlIjoicmVmcmVzaCIsImV4cCI6MTc2MDI3MzUzMiwiaWF0IjoxNzYwMTg3MTMyLCJqdGkiOiI4MzI5Y2ExZDAwZmY0YjA2YjJmYTAyNTMyZDI4YjMzNyIsInVzZXJfaWQiOjF9.FWrYS6wCq92_Sqv-ox_WfTz4Igyci76i2rSiC6SiLRQ",
"created_at": "2025-10-11T12:52:12.398Z",
"expires_at": "2025-10-12T12:52:12Z"
}
}, {
"model": "token_blacklist.outstandingtoken",
"pk": 230,
"fields": {
"user": 1,
"jti": "cac6d8eae74c4cd8ad973c996cebeda3",
"token": "eyJhbGciOiJIUzI1NiIsInR5cCI6IkpXVCJ9.eyJ0b2tlbl90eXBlIjoicmVmcmVzaCIsImV4cCI6MTc2MDM1MDc4OSwiaWF0IjoxNzYwMjY0Mzg5LCJqdGkiOiJjYWM2ZDhlYWU3NGM0Y2Q4YWQ5NzNjOTk2Y2ViZWRhMyIsInVzZXJfaWQiOjF9.H_ztIul6nLZ6VGSGVI6ZQS8-nYAgyfoaFjHXhY21MeM",
"created_at": "2025-10-12T10:19:49.817Z",
"expires_at": "2025-10-13T10:19:49Z"
}
}, {
"model": "token_blacklist.outstandingtoken",
"pk": 231,
"fields": {
"user": 1,
"jti": "c9b30671d26e497292ff0b638fe72421",
"token": "eyJhbGciOiJIUzI1NiIsInR5cCI6IkpXVCJ9.eyJ0b2tlbl90eXBlIjoicmVmcmVzaCIsImV4cCI6MTc2MDM1MTIwNiwiaWF0IjoxNzYwMjY0ODA2LCJqdGkiOiJjOWIzMDY3MWQyNmU0OTcyOTJmZjBiNjM4ZmU3MjQyMSIsInVzZXJfaWQiOjF9.axHCYKABCcjhcnyg8m_zv2rEBmmg0BYsh8pYKheTFNQ",
"created_at": "2025-10-12T10:26:46.722Z",
"expires_at": "2025-10-13T10:26:46Z"
}
}, {
"model": "token_blacklist.outstandingtoken",
"pk": 232,
"fields": {
"user": 4,
"jti": "2d1c7e1471ee470d9c607f6629d94f85",
"token": "eyJhbGciOiJIUzI1NiIsInR5cCI6IkpXVCJ9.eyJ0b2tlbl90eXBlIjoicmVmcmVzaCIsImV4cCI6MTc2MDM1MTIzNSwiaWF0IjoxNzYwMjY0ODM1LCJqdGkiOiIyZDFjN2UxNDcxZWU0NzBkOWM2MDdmNjYyOWQ5NGY4NSIsInVzZXJfaWQiOjR9.J3ZwRXzYNhgw-GXREIoPOzY0zCOB6gFJNuEUeu7quuk",
"created_at": "2025-10-12T10:27:15.654Z",
"expires_at": "2025-10-13T10:27:15Z"
}
}, {
"model": "token_blacklist.outstandingtoken",
"pk": 233,
"fields": {
"user": 1,
"jti": "690e67baa6084933972ec5cc29aaf346",
"token": "eyJhbGciOiJIUzI1NiIsInR5cCI6IkpXVCJ9.eyJ0b2tlbl90eXBlIjoicmVmcmVzaCIsImV4cCI6MTc2MDM1NDgzNywiaWF0IjoxNzYwMjY4NDM3LCJqdGkiOiI2OTBlNjdiYWE2MDg0OTMzOTcyZWM1Y2MyOWFhZjM0NiIsInVzZXJfaWQiOjF9.Qywn3PXqpl-RzV2KK_6qkRJSYlEHUMXavYBIRvkTo9s",
"created_at": "2025-10-12T11:27:17.119Z",
"expires_at": "2025-10-13T11:27:17Z"
}
}, {
"model": "token_blacklist.outstandingtoken",
"pk": 234,
"fields": {
"user": 1,
"jti": "6ce7c080e1c244299c251cfd2d296d06",
"token": "eyJhbGciOiJIUzI1NiIsInR5cCI6IkpXVCJ9.eyJ0b2tlbl90eXBlIjoicmVmcmVzaCIsImV4cCI6MTc2MDM1NTM2OCwiaWF0IjoxNzYwMjY4OTY4LCJqdGkiOiI2Y2U3YzA4MGUxYzI0NDI5OWMyNTFjZmQyZDI5NmQwNiIsInVzZXJfaWQiOjF9.CUoiH3HP_78AxAIfv8cJEgOg7rmYemYCNLiGxpZ2_1I",
"created_at": "2025-10-12T11:36:08.434Z",
"expires_at": "2025-10-13T11:36:08Z"
}
}, {
"model": "token_blacklist.outstandingtoken",
"pk": 235,
"fields": {
"user": 1,
"jti": "e1867bb4832247a192252be85e23c05c",
"token": "eyJhbGciOiJIUzI1NiIsInR5cCI6IkpXVCJ9.eyJ0b2tlbl90eXBlIjoicmVmcmVzaCIsImV4cCI6MTc2MDM1NTgyNywiaWF0IjoxNzYwMjY5NDI3LCJqdGkiOiJlMTg2N2JiNDgzMjI0N2ExOTIyNTJiZTg1ZTIzYzA1YyIsInVzZXJfaWQiOjF9.bBcq-c6LURomUun6gG-SqjOVwOXPi1G90fh-0l02QOY",
"created_at": "2025-10-12T11:43:47.596Z",
"expires_at": "2025-10-13T11:43:47Z"
}
}, {
"model": "token_blacklist.outstandingtoken",
"pk": 236,
"fields": {
"user": 1,
"jti": "30482f0deb414745acc9da6d1e0496d6",
"token": "eyJhbGciOiJIUzI1NiIsInR5cCI6IkpXVCJ9.eyJ0b2tlbl90eXBlIjoicmVmcmVzaCIsImV4cCI6MTc2MDM1NjE0MywiaWF0IjoxNzYwMjY5NzQzLCJqdGkiOiIzMDQ4MmYwZGViNDE0NzQ1YWNjOWRhNmQxZTA0OTZkNiIsInVzZXJfaWQiOjF9.iJGQPO5-AtnmDEaF3VQ6IPfZycO0n0rHVX9Ffj39QU0",
"created_at": "2025-10-12T11:49:03.986Z",
"expires_at": "2025-10-13T11:49:03Z"
}
}, {
"model": "token_blacklist.outstandingtoken",
"pk": 237,
"fields": {
"user": 1,
"jti": "f4549546b73548d1be61c8b95a6288af",
"token": "eyJhbGciOiJIUzI1NiIsInR5cCI6IkpXVCJ9.eyJ0b2tlbl90eXBlIjoicmVmcmVzaCIsImV4cCI6MTc2MDM1ODIwNSwiaWF0IjoxNzYwMjcxODA1LCJqdGkiOiJmNDU0OTU0NmI3MzU0OGQxYmU2MWM4Yjk1YTYyODhhZiIsInVzZXJfaWQiOjF9.0cVX8lf18HwRcUvhjowLou7sJzSnm74rQhLF7tAAAug",
"created_at": "2025-10-12T12:23:25.121Z",
"expires_at": "2025-10-13T12:23:25Z"
}
}, {
"model": "token_blacklist.outstandingtoken",
"pk": 238,
"fields": {
"user": 4,
"jti": "94d557e3a6e346e0924a852be09184e6",
"token": "eyJhbGciOiJIUzI1NiIsInR5cCI6IkpXVCJ9.eyJ0b2tlbl90eXBlIjoicmVmcmVzaCIsImV4cCI6MTc2MDM1OTM1NCwiaWF0IjoxNzYwMjcyOTU0LCJqdGkiOiI5NGQ1NTdlM2E2ZTM0NmUwOTI0YTg1MmJlMDkxODRlNiIsInVzZXJfaWQiOjR9.AY3dIe82s65-lvzUrYsGOtTIZckAMwdIxKdNAJbsDi4",
"created_at": "2025-10-12T12:42:34.554Z",
"expires_at": "2025-10-13T12:42:34Z"
}
}, {
"model": "token_blacklist.outstandingtoken",
"pk": 239,
"fields": {
"user": 4,
"jti": "bd091c88fca243308b0beab11a9f7d9d",
"token": "eyJhbGciOiJIUzI1NiIsInR5cCI6IkpXVCJ9.eyJ0b2tlbl90eXBlIjoicmVmcmVzaCIsImV4cCI6MTc2MDM1OTYyMiwiaWF0IjoxNzYwMjczMjIyLCJqdGkiOiJiZDA5MWM4OGZjYTI0MzMwOGIwYmVhYjExYTlmN2Q5ZCIsInVzZXJfaWQiOjR9.cbPP0pwOZSGM2PPBm0iJswbZUCb_txQiK1q57_mcY_U",
"created_at": "2025-10-12T12:47:02.985Z",
"expires_at": "2025-10-13T12:47:02Z"
}
}, {
"model": "token_blacklist.outstandingtoken",
"pk": 240,
"fields": {
"user": 1,
"jti": "936dfb4583fa4a37981711a0b1f12c70",
"token": "eyJhbGciOiJIUzI1NiIsInR5cCI6IkpXVCJ9.eyJ0b2tlbl90eXBlIjoicmVmcmVzaCIsImV4cCI6MTc2MDk1OTE5MCwiaWF0IjoxNzYwODcyNzkwLCJqdGkiOiI5MzZkZmI0NTgzZmE0YTM3OTgxNzExYTBiMWYxMmM3MCIsInVzZXJfaWQiOjF9.0jSFrFZrfN32be2yEmlaY2uFGdGQWyBncNB7DggVqhU",
"created_at": "2025-10-19T11:19:50.706Z",
"expires_at": "2025-10-20T11:19:50Z"
}
}, {
"model": "token_blacklist.outstandingtoken",
"pk": 241,
"fields": {
"user": 4,
"jti": "7c57eafc372e4a19a6532dd89840389b",
"token": "eyJhbGciOiJIUzI1NiIsInR5cCI6IkpXVCJ9.eyJ0b2tlbl90eXBlIjoicmVmcmVzaCIsImV4cCI6MTc2MDk2MDI2NCwiaWF0IjoxNzYwODczODY0LCJqdGkiOiI3YzU3ZWFmYzM3MmU0YTE5YTY1MzJkZDg5ODQwMzg5YiIsInVzZXJfaWQiOjR9.L2HxLMlaXPjB8C5hFn_3SOSM8jz0d3JUjh3B1b59ha8",
"created_at": "2025-10-19T11:37:44.600Z",
"expires_at": "2025-10-20T11:37:44Z"
}
}, {
"model": "token_blacklist.outstandingtoken",
"pk": 242,
"fields": {
"user": 1,
"jti": "e6fa24c29ada41fbb8d850dc878f132b",
"token": "eyJhbGciOiJIUzI1NiIsInR5cCI6IkpXVCJ9.eyJ0b2tlbl90eXBlIjoicmVmcmVzaCIsImV4cCI6MTc2MDk2MjU5NSwiaWF0IjoxNzYwODc2MTk1LCJqdGkiOiJlNmZhMjRjMjlhZGE0MWZiYjhkODUwZGM4NzhmMTMyYiIsInVzZXJfaWQiOjF9.B2DGWkgYc1HC1CYl7mgRRmtJvF3_itEdlTSkFez4LLE",
"created_at": "2025-10-19T12:16:35.759Z",
"expires_at": "2025-10-20T12:16:35Z"
}
}, {
"model": "token_blacklist.outstandingtoken",
"pk": 243,
"fields": {
"user": 4,
"jti": "19f776b799ed448a94c8f9a610ae67a0",
"token": "eyJhbGciOiJIUzI1NiIsInR5cCI6IkpXVCJ9.eyJ0b2tlbl90eXBlIjoicmVmcmVzaCIsImV4cCI6MTc2MDk2MjYxMCwiaWF0IjoxNzYwODc2MjEwLCJqdGkiOiIxOWY3NzZiNzk5ZWQ0NDhhOTRjOGY5YTYxMGFlNjdhMCIsInVzZXJfaWQiOjR9.iTLnorgq2A0NsAkGsFoYQYCWZz4_B2JYYPafm5CbuBg",
"created_at": "2025-10-19T12:16:50.057Z",
"expires_at": "2025-10-20T12:16:50Z"
}
}, {
"model": "token_blacklist.outstandingtoken",
"pk": 244,
"fields": {
"user": 1,
"jti": "6c0c2ee4957b4d4492eccd341d43cbab",
"token": "eyJhbGciOiJIUzI1NiIsInR5cCI6IkpXVCJ9.eyJ0b2tlbl90eXBlIjoicmVmcmVzaCIsImV4cCI6MTc2MDk2MzYyNCwiaWF0IjoxNzYwODc3MjI0LCJqdGkiOiI2YzBjMmVlNDk1N2I0ZDQ0OTJlY2NkMzQxZDQzY2JhYiIsInVzZXJfaWQiOjF9.0xKbfMBQXIowyAYDzL9eOu1cT1H-iEjWOKxVlihn7tI",
"created_at": "2025-10-19T12:33:44.438Z",
"expires_at": "2025-10-20T12:33:44Z"
}
}, {
"model": "token_blacklist.outstandingtoken",
"pk": 245,
"fields": {
"user": 4,
"jti": "bc39df34b7e4438d90a1055699fd7382",
"token": "eyJhbGciOiJIUzI1NiIsInR5cCI6IkpXVCJ9.eyJ0b2tlbl90eXBlIjoicmVmcmVzaCIsImV4cCI6MTc2MDk2MzY0NywiaWF0IjoxNzYwODc3MjQ3LCJqdGkiOiJiYzM5ZGYzNGI3ZTQ0MzhkOTBhMTA1NTY5OWZkNzM4MiIsInVzZXJfaWQiOjR9.SVjaj6Ypiuu9s03BJ99z3S0Ih2FZTKqBclt20NgQf-8",
"created_at": "2025-10-19T12:34:07.404Z",
"expires_at": "2025-10-20T12:34:07Z"
}
}, {
"model": "token_blacklist.outstandingtoken",
"pk": 246,
"fields": {
"user": 1,
"jti": "22cb028119e74b779f002ebbce1e4d81",
"token": "eyJhbGciOiJIUzI1NiIsInR5cCI6IkpXVCJ9.eyJ0b2tlbl90eXBlIjoicmVmcmVzaCIsImV4cCI6MTc2MDk2NjYwNSwiaWF0IjoxNzYwODgwMjA1LCJqdGkiOiIyMmNiMDI4MTE5ZTc0Yjc3OWYwMDJlYmJjZTFlNGQ4MSIsInVzZXJfaWQiOjF9.1AnFWpNTjscaEB1AnhKlqWvOZdF-f7yj--_MbAWZcLQ",
"created_at": "2025-10-19T13:23:25.660Z",
"expires_at": "2025-10-20T13:23:25Z"
}
}, {
"model": "token_blacklist.outstandingtoken",
"pk": 247,
"fields": {
"user": 4,
"jti": "88862d5d634846559fee85dda3bc7049",
"token": "eyJhbGciOiJIUzI1NiIsInR5cCI6IkpXVCJ9.eyJ0b2tlbl90eXBlIjoicmVmcmVzaCIsImV4cCI6MTc2MDk2NzQ2NiwiaWF0IjoxNzYwODgxMDY2LCJqdGkiOiI4ODg2MmQ1ZDYzNDg0NjU1OWZlZTg1ZGRhM2JjNzA0OSIsInVzZXJfaWQiOjR9.h5hxHfjXQZEECErXT6ScxLWbkJ5eIQhWRxfQwF1uk7k",
"created_at": "2025-10-19T13:37:46.203Z",
"expires_at": "2025-10-20T13:37:46Z"
}
}, {
"model": "token_blacklist.outstandingtoken",
"pk": 248,
"fields": {
"user": 1,
"jti": "7619290a1bba4502a03faf6fecb12dd4",
"token": "eyJhbGciOiJIUzI1NiIsInR5cCI6IkpXVCJ9.eyJ0b2tlbl90eXBlIjoicmVmcmVzaCIsImV4cCI6MTc2MDk2ODQ2MiwiaWF0IjoxNzYwODgyMDYyLCJqdGkiOiI3NjE5MjkwYTFiYmE0NTAyYTAzZmFmNmZlY2IxMmRkNCIsInVzZXJfaWQiOjF9.KDpiDcm3wxWFD-gbPL57gTno5ohYA40B25sSaib22U8",
"created_at": "2025-10-19T13:54:22.206Z",
"expires_at": "2025-10-20T13:54:22Z"
}
}, {
"model": "token_blacklist.outstandingtoken",
"pk": 249,
"fields": {
"user": 4,
"jti": "e57bdd4b1bf546f8a578ab733ce7c51a",
"token": "eyJhbGciOiJIUzI1NiIsInR5cCI6IkpXVCJ9.eyJ0b2tlbl90eXBlIjoicmVmcmVzaCIsImV4cCI6MTc2MDk2ODg4OCwiaWF0IjoxNzYwODgyNDg4LCJqdGkiOiJlNTdiZGQ0YjFiZjU0NmY4YTU3OGFiNzMzY2U3YzUxYSIsInVzZXJfaWQiOjR9.c7oPyUOHfbqOr1ZAGCwet0pfrSUyvHtIIVxxrbdae78",
"created_at": "2025-10-19T14:01:28.181Z",
"expires_at": "2025-10-20T14:01:28Z"
}
}, {
"model": "token_blacklist.outstandingtoken",
"pk": 250,
"fields": {
"user": 1,
"jti": "6f6c930a0f84452684511f37f572fe7b",
"token": "eyJhbGciOiJIUzI1NiIsInR5cCI6IkpXVCJ9.eyJ0b2tlbl90eXBlIjoicmVmcmVzaCIsImV4cCI6MTc2MDk2OTM1NywiaWF0IjoxNzYwODgyOTU3LCJqdGkiOiI2ZjZjOTMwYTBmODQ0NTI2ODQ1MTFmMzdmNTcyZmU3YiIsInVzZXJfaWQiOjF9.u_-MPnnqxKaavk7kPXhKPDWMpg1DSqI24SZh32fkvBc",
"created_at": "2025-10-19T14:09:17.028Z",
"expires_at": "2025-10-20T14:09:17Z"
}
}, {
"model": "token_blacklist.outstandingtoken",
"pk": 251,
"fields": {
"user": 4,
"jti": "d9e4986fe6b24cfc9902ac4e625bc634",
"token": "eyJhbGciOiJIUzI1NiIsInR5cCI6IkpXVCJ9.eyJ0b2tlbl90eXBlIjoicmVmcmVzaCIsImV4cCI6MTc2MDk2OTU4NCwiaWF0IjoxNzYwODgzMTg0LCJqdGkiOiJkOWU0OTg2ZmU2YjI0Y2ZjOTkwMmFjNGU2MjViYzYzNCIsInVzZXJfaWQiOjR9.nboyrWNcq5TSoaHaD2Rxs0kXZQIP2sN4tMxHiQbwfZc",
"created_at": "2025-10-19T14:13:04.481Z",
"expires_at": "2025-10-20T14:13:04Z"
}
}, {
"model": "token_blacklist.outstandingtoken",
"pk": 252,
"fields": {
"user": 1,
"jti": "ba06c929f1f84afd82fd7215f7423017",
"token": "eyJhbGciOiJIUzI1NiIsInR5cCI6IkpXVCJ9.eyJ0b2tlbl90eXBlIjoicmVmcmVzaCIsImV4cCI6MTc2MTAzOTM3OSwiaWF0IjoxNzYwOTUyOTc5LCJqdGkiOiJiYTA2YzkyOWYxZjg0YWZkODJmZDcyMTVmNzQyMzAxNyIsInVzZXJfaWQiOjF9.l3wUAzOodtBtcunqm4i7GrK4yfFpUbFuBlkSD-DTnUI",
"created_at": "2025-10-20T09:36:19.772Z",
"expires_at": "2025-10-21T09:36:19Z"
}
}, {
"model": "token_blacklist.outstandingtoken",
"pk": 253,
"fields": {
"user": 1,
"jti": "52d7e159daf24980a12f7df25593306c",
"token": "eyJhbGciOiJIUzI1NiIsInR5cCI6IkpXVCJ9.eyJ0b2tlbl90eXBlIjoicmVmcmVzaCIsImV4cCI6MTc2MTA0MTQzMiwiaWF0IjoxNzYwOTU1MDMyLCJqdGkiOiI1MmQ3ZTE1OWRhZjI0OTgwYTEyZjdkZjI1NTkzMzA2YyIsInVzZXJfaWQiOjF9.ZBTHWQXgjhmFNNdG554Xkz9krsNiYgstiAXTnVanu_c",
"created_at": "2025-10-20T10:10:32.447Z",
"expires_at": "2025-10-21T10:10:32Z"
}
}, {
"model": "token_blacklist.outstandingtoken",
"pk": 254,
"fields": {
"user": 4,
"jti": "3fada9844784478dbaf9e1dfa0a18110",
"token": "eyJhbGciOiJIUzI1NiIsInR5cCI6IkpXVCJ9.eyJ0b2tlbl90eXBlIjoicmVmcmVzaCIsImV4cCI6MTc2MTA0MTQ0OSwiaWF0IjoxNzYwOTU1MDQ5LCJqdGkiOiIzZmFkYTk4NDQ3ODQ0NzhkYmFmOWUxZGZhMGExODExMCIsInVzZXJfaWQiOjR9.6B0zPthCQ1eNKATWzZXje5OVKTSPATY5zZEdaypiRac",
"created_at": "2025-10-20T10:10:49.095Z",
"expires_at": "2025-10-21T10:10:49Z"
}
}, {
"model": "token_blacklist.outstandingtoken",
"pk": 255,
"fields": {
"user": 1,
"jti": "2adff54fe56b46b8989b5a1cbfc57d74",
"token": "eyJhbGciOiJIUzI1NiIsInR5cCI6IkpXVCJ9.eyJ0b2tlbl90eXBlIjoicmVmcmVzaCIsImV4cCI6MTc2MTA0Njk2MywiaWF0IjoxNzYwOTYwNTYzLCJqdGkiOiIyYWRmZjU0ZmU1NmI0NmI4OTg5YjVhMWNiZmM1N2Q3NCIsInVzZXJfaWQiOjF9.i6ItNYMcDsjnEOBzJOgoKpKEpREsCQRuQRt-U--1ZmA",
"created_at": "2025-10-20T11:42:43.549Z",
"expires_at": "2025-10-21T11:42:43Z"
}
}, {
"model": "token_blacklist.blacklistedtoken",
"pk": 1,
"fields": {
"token": 7,
"blacklisted_at": "2025-09-22T13:42:25.071Z"
}
}, {
"model": "token_blacklist.blacklistedtoken",
"pk": 2,
"fields": {
"token": 8,
"blacklisted_at": "2025-09-22T13:43:47.180Z"
}
}, {
"model": "token_blacklist.blacklistedtoken",
"pk": 3,
"fields": {
"token": 10,
"blacklisted_at": "2025-09-22T13:51:06.728Z"
}
}, {
"model": "token_blacklist.blacklistedtoken",
"pk": 4,
"fields": {
"token": 11,
"blacklisted_at": "2025-09-22T13:51:40.550Z"
}
}, {
"model": "token_blacklist.blacklistedtoken",
"pk": 5,
"fields": {
"token": 12,
"blacklisted_at": "2025-09-22T13:52:58.662Z"
}
}, {
"model": "token_blacklist.blacklistedtoken",
"pk": 6,
"fields": {
"token": 13,
"blacklisted_at": "2025-09-22T13:54:19.287Z"
}
}, {
"model": "token_blacklist.blacklistedtoken",
"pk": 7,
"fields": {
"token": 14,
"blacklisted_at": "2025-09-22T13:54:45.118Z"
}
}, {
"model": "token_blacklist.blacklistedtoken",
"pk": 8,
"fields": {
"token": 15,
"blacklisted_at": "2025-09-22T13:59:38.029Z"
}
}, {
"model": "token_blacklist.blacklistedtoken",
"pk": 9,
"fields": {
"token": 16,
"blacklisted_at": "2025-09-22T13:59:45.307Z"
}
}, {
"model": "token_blacklist.blacklistedtoken",
"pk": 10,
"fields": {
"token": 17,
"blacklisted_at": "2025-09-22T14:01:56.592Z"
}
}, {
"model": "token_blacklist.blacklistedtoken",
"pk": 11,
"fields": {
"token": 18,
"blacklisted_at": "2025-09-22T14:02:51.714Z"
}
}, {
"model": "token_blacklist.blacklistedtoken",
"pk": 12,
"fields": {
"token": 19,
"blacklisted_at": "2025-09-22T14:03:00.298Z"
}
}, {
"model": "token_blacklist.blacklistedtoken",
"pk": 13,
"fields": {
"token": 20,
"blacklisted_at": "2025-09-22T14:05:46.702Z"
}
}, {
"model": "token_blacklist.blacklistedtoken",
"pk": 14,
"fields": {
"token": 22,
"blacklisted_at": "2025-09-22T14:25:50.983Z"
}
}, {
"model": "token_blacklist.blacklistedtoken",
"pk": 15,
"fields": {
"token": 25,
"blacklisted_at": "2025-09-23T05:23:55.315Z"
}
}, {
"model": "token_blacklist.blacklistedtoken",
"pk": 16,
"fields": {
"token": 27,
"blacklisted_at": "2025-09-23T05:28:45.777Z"
}
}, {
"model": "token_blacklist.blacklistedtoken",
"pk": 17,
"fields": {
"token": 30,
"blacklisted_at": "2025-09-23T05:42:39.843Z"
}
}, {
"model": "token_blacklist.blacklistedtoken",
"pk": 18,
"fields": {
"token": 35,
"blacklisted_at": "2025-09-24T07:46:06.432Z"
}
}, {
"model": "token_blacklist.blacklistedtoken",
"pk": 19,
"fields": {
"token": 40,
"blacklisted_at": "2025-09-24T08:25:25.003Z"
}
}, {
"model": "token_blacklist.blacklistedtoken",
"pk": 20,
"fields": {
"token": 48,
"blacklisted_at": "2025-09-29T11:40:11.789Z"
}
}, {
"model": "token_blacklist.blacklistedtoken",
"pk": 21,
"fields": {
"token": 49,
"blacklisted_at": "2025-09-29T11:41:46.903Z"
}
}, {
"model": "token_blacklist.blacklistedtoken",
"pk": 22,
"fields": {
"token": 50,
"blacklisted_at": "2025-09-29T11:42:01.443Z"
}
}, {
"model": "token_blacklist.blacklistedtoken",
"pk": 23,
"fields": {
"token": 54,
"blacklisted_at": "2025-09-30T05:43:13.251Z"
}
}, {
"model": "token_blacklist.blacklistedtoken",
"pk": 24,
"fields": {
"token": 55,
"blacklisted_at": "2025-09-30T05:43:32.472Z"
}
}, {
"model": "token_blacklist.blacklistedtoken",
"pk": 25,
"fields": {
"token": 56,
"blacklisted_at": "2025-09-30T05:47:50.511Z"
}
}, {
"model": "token_blacklist.blacklistedtoken",
"pk": 26,
"fields": {
"token": 58,
"blacklisted_at": "2025-09-30T05:52:42.102Z"
}
}, {
"model": "token_blacklist.blacklistedtoken",
"pk": 27,
"fields": {
"token": 64,
"blacklisted_at": "2025-09-30T06:19:00.523Z"
}
}, {
"model": "token_blacklist.blacklistedtoken",
"pk": 28,
"fields": {
"token": 65,
"blacklisted_at": "2025-09-30T06:19:07.426Z"
}
}, {
"model": "token_blacklist.blacklistedtoken",
"pk": 29,
"fields": {
"token": 66,
"blacklisted_at": "2025-09-30T06:19:31.754Z"
}
}, {
"model": "token_blacklist.blacklistedtoken",
"pk": 30,
"fields": {
"token": 67,
"blacklisted_at": "2025-09-30T06:19:49.633Z"
}
}, {
"model": "token_blacklist.blacklistedtoken",
"pk": 31,
"fields": {
"token": 68,
"blacklisted_at": "2025-09-30T06:22:34.963Z"
}
}, {
"model": "token_blacklist.blacklistedtoken",
"pk": 32,
"fields": {
"token": 69,
"blacklisted_at": "2025-09-30T06:23:15.220Z"
}
}, {
"model": "token_blacklist.blacklistedtoken",
"pk": 33,
"fields": {
"token": 70,
"blacklisted_at": "2025-09-30T06:24:34.253Z"
}
}, {
"model": "token_blacklist.blacklistedtoken",
"pk": 34,
"fields": {
"token": 71,
"blacklisted_at": "2025-09-30T06:26:25.982Z"
}
}, {
"model": "token_blacklist.blacklistedtoken",
"pk": 35,
"fields": {
"token": 73,
"blacklisted_at": "2025-09-30T06:30:31.244Z"
}
}, {
"model": "token_blacklist.blacklistedtoken",
"pk": 36,
"fields": {
"token": 74,
"blacklisted_at": "2025-09-30T06:30:38.747Z"
}
}, {
"model": "token_blacklist.blacklistedtoken",
"pk": 37,
"fields": {
"token": 77,
"blacklisted_at": "2025-09-30T07:28:54.776Z"
}
}, {
"model": "token_blacklist.blacklistedtoken",
"pk": 38,
"fields": {
"token": 80,
"blacklisted_at": "2025-09-30T08:07:38.851Z"
}
}, {
"model": "token_blacklist.blacklistedtoken",
"pk": 39,
"fields": {
"token": 83,
"blacklisted_at": "2025-09-30T08:33:45.690Z"
}
}, {
"model": "token_blacklist.blacklistedtoken",
"pk": 40,
"fields": {
"token": 84,
"blacklisted_at": "2025-09-30T08:37:11.862Z"
}
}, {
"model": "token_blacklist.blacklistedtoken",
"pk": 41,
"fields": {
"token": 85,
"blacklisted_at": "2025-09-30T08:41:18.220Z"
}
}, {
"model": "token_blacklist.blacklistedtoken",
"pk": 42,
"fields": {
"token": 92,
"blacklisted_at": "2025-09-30T09:19:22.102Z"
}
}, {
"model": "token_blacklist.blacklistedtoken",
"pk": 43,
"fields": {
"token": 93,
"blacklisted_at": "2025-09-30T09:19:40.851Z"
}
}, {
"model": "token_blacklist.blacklistedtoken",
"pk": 44,
"fields": {
"token": 95,
"blacklisted_at": "2025-09-30T09:26:28.987Z"
}
}, {
"model": "token_blacklist.blacklistedtoken",
"pk": 45,
"fields": {
"token": 96,
"blacklisted_at": "2025-09-30T09:27:04.664Z"
}
}, {
"model": "token_blacklist.blacklistedtoken",
"pk": 46,
"fields": {
"token": 97,
"blacklisted_at": "2025-09-30T09:33:41.368Z"
}
}, {
"model": "token_blacklist.blacklistedtoken",
"pk": 47,
"fields": {
"token": 99,
"blacklisted_at": "2025-09-30T12:11:55.055Z"
}
}, {
"model": "token_blacklist.blacklistedtoken",
"pk": 48,
"fields": {
"token": 101,
"blacklisted_at": "2025-09-30T14:06:04.500Z"
}
}, {
"model": "token_blacklist.blacklistedtoken",
"pk": 49,
"fields": {
"token": 103,
"blacklisted_at": "2025-10-03T08:55:06.610Z"
}
}, {
"model": "token_blacklist.blacklistedtoken",
"pk": 50,
"fields": {
"token": 104,
"blacklisted_at": "2025-10-03T09:41:49.239Z"
}
}, {
"model": "token_blacklist.blacklistedtoken",
"pk": 51,
"fields": {
"token": 105,
"blacklisted_at": "2025-10-03T09:41:55.284Z"
}
}, {
"model": "token_blacklist.blacklistedtoken",
"pk": 52,
"fields": {
"token": 106,
"blacklisted_at": "2025-10-03T10:00:57.482Z"
}
}, {
"model": "token_blacklist.blacklistedtoken",
"pk": 53,
"fields": {
"token": 107,
"blacklisted_at": "2025-10-03T10:01:03.242Z"
}
}, {
"model": "token_blacklist.blacklistedtoken",
"pk": 54,
"fields": {
"token": 108,
"blacklisted_at": "2025-10-03T10:02:31.849Z"
}
}, {
"model": "token_blacklist.blacklistedtoken",
"pk": 55,
"fields": {
"token": 110,
"blacklisted_at": "2025-10-03T10:11:02.025Z"
}
}, {
"model": "token_blacklist.blacklistedtoken",
"pk": 56,
"fields": {
"token": 111,
"blacklisted_at": "2025-10-03T10:14:12.450Z"
}
}, {
"model": "token_blacklist.blacklistedtoken",
"pk": 57,
"fields": {
"token": 112,
"blacklisted_at": "2025-10-03T10:18:07.393Z"
}
}, {
"model": "token_blacklist.blacklistedtoken",
"pk": 58,
"fields": {
"token": 113,
"blacklisted_at": "2025-10-03T10:21:02.778Z"
}
}, {
"model": "token_blacklist.blacklistedtoken",
"pk": 59,
"fields": {
"token": 114,
"blacklisted_at": "2025-10-03T10:23:39.664Z"
}
}, {
"model": "token_blacklist.blacklistedtoken",
"pk": 60,
"fields": {
"token": 115,
"blacklisted_at": "2025-10-03T10:23:52.533Z"
}
}, {
"model": "token_blacklist.blacklistedtoken",
"pk": 61,
"fields": {
"token": 116,
"blacklisted_at": "2025-10-03T10:24:50.350Z"
}
}, {
"model": "token_blacklist.blacklistedtoken",
"pk": 62,
"fields": {
"token": 117,
"blacklisted_at": "2025-10-03T10:31:16.007Z"
}
}, {
"model": "token_blacklist.blacklistedtoken",
"pk": 63,
"fields": {
"token": 118,
"blacklisted_at": "2025-10-03T10:31:23.928Z"
}
}, {
"model": "token_blacklist.blacklistedtoken",
"pk": 64,
"fields": {
"token": 119,
"blacklisted_at": "2025-10-03T11:15:19.940Z"
}
}, {
"model": "token_blacklist.blacklistedtoken",
"pk": 65,
"fields": {
"token": 120,
"blacklisted_at": "2025-10-03T11:18:11.082Z"
}
}, {
"model": "token_blacklist.blacklistedtoken",
"pk": 66,
"fields": {
"token": 121,
"blacklisted_at": "2025-10-03T11:28:04.123Z"
}
}, {
"model": "token_blacklist.blacklistedtoken",
"pk": 67,
"fields": {
"token": 122,
"blacklisted_at": "2025-10-03T11:28:16.284Z"
}
}, {
"model": "token_blacklist.blacklistedtoken",
"pk": 68,
"fields": {
"token": 123,
"blacklisted_at": "2025-10-03T11:50:06.596Z"
}
}, {
"model": "token_blacklist.blacklistedtoken",
"pk": 69,
"fields": {
"token": 124,
"blacklisted_at": "2025-10-03T11:50:11.040Z"
}
}, {
"model": "token_blacklist.blacklistedtoken",
"pk": 70,
"fields": {
"token": 125,
"blacklisted_at": "2025-10-03T11:50:50.845Z"
}
}, {
"model": "token_blacklist.blacklistedtoken",
"pk": 71,
"fields": {
"token": 126,
"blacklisted_at": "2025-10-03T11:50:58.581Z"
}
}, {
"model": "token_blacklist.blacklistedtoken",
"pk": 72,
"fields": {
"token": 127,
"blacklisted_at": "2025-10-03T12:23:05.158Z"
}
}, {
"model": "token_blacklist.blacklistedtoken",
"pk": 73,
"fields": {
"token": 132,
"blacklisted_at": "2025-10-04T08:05:01.062Z"
}
}, {
"model": "token_blacklist.blacklistedtoken",
"pk": 74,
"fields": {
"token": 134,
"blacklisted_at": "2025-10-04T09:18:59.533Z"
}
}, {
"model": "token_blacklist.blacklistedtoken",
"pk": 75,
"fields": {
"token": 139,
"blacklisted_at": "2025-10-04T13:29:00.896Z"
}
}, {
"model": "token_blacklist.blacklistedtoken",
"pk": 76,
"fields": {
"token": 141,
"blacklisted_at": "2025-10-04T13:44:35.683Z"
}
}, {
"model": "token_blacklist.blacklistedtoken",
"pk": 77,
"fields": {
"token": 142,
"blacklisted_at": "2025-10-04T14:06:37.454Z"
}
}, {
"model": "token_blacklist.blacklistedtoken",
"pk": 78,
"fields": {
"token": 144,
"blacklisted_at": "2025-10-04T15:16:33.275Z"
}
}, {
"model": "token_blacklist.blacklistedtoken",
"pk": 79,
"fields": {
"token": 146,
"blacklisted_at": "2025-10-05T12:24:20.353Z"
}
}, {
"model": "token_blacklist.blacklistedtoken",
"pk": 80,
"fields": {
"token": 152,
"blacklisted_at": "2025-10-06T11:43:21.080Z"
}
}, {
"model": "token_blacklist.blacklistedtoken",
"pk": 81,
"fields": {
"token": 153,
"blacklisted_at": "2025-10-06T12:04:11.689Z"
}
}, {
"model": "token_blacklist.blacklistedtoken",
"pk": 82,
"fields": {
"token": 154,
"blacklisted_at": "2025-10-06T12:49:20.569Z"
}
}, {
"model": "token_blacklist.blacklistedtoken",
"pk": 83,
"fields": {
"token": 155,
"blacklisted_at": "2025-10-06T12:59:04.146Z"
}
}, {
"model": "token_blacklist.blacklistedtoken",
"pk": 84,
"fields": {
"token": 156,
"blacklisted_at": "2025-10-06T13:00:13.740Z"
}
}, {
"model": "token_blacklist.blacklistedtoken",
"pk": 85,
"fields": {
"token": 157,
"blacklisted_at": "2025-10-06T13:00:25.744Z"
}
}, {
"model": "token_blacklist.blacklistedtoken",
"pk": 86,
"fields": {
"token": 158,
"blacklisted_at": "2025-10-06T13:08:03.890Z"
}
}, {
"model": "token_blacklist.blacklistedtoken",
"pk": 87,
"fields": {
"token": 159,
"blacklisted_at": "2025-10-06T13:21:29.313Z"
}
}, {
"model": "token_blacklist.blacklistedtoken",
"pk": 88,
"fields": {
"token": 160,
"blacklisted_at": "2025-10-06T13:25:45.338Z"
}
}, {
"model": "token_blacklist.blacklistedtoken",
"pk": 89,
"fields": {
"token": 161,
"blacklisted_at": "2025-10-06T13:27:17.852Z"
}
}, {
"model": "token_blacklist.blacklistedtoken",
"pk": 90,
"fields": {
"token": 162,
"blacklisted_at": "2025-10-06T14:15:17.985Z"
}
}, {
"model": "token_blacklist.blacklistedtoken",
"pk": 91,
"fields": {
"token": 163,
"blacklisted_at": "2025-10-06T14:15:30.074Z"
}
}, {
"model": "token_blacklist.blacklistedtoken",
"pk": 92,
"fields": {
"token": 164,
"blacklisted_at": "2025-10-06T14:18:11.717Z"
}
}, {
"model": "token_blacklist.blacklistedtoken",
"pk": 93,
"fields": {
"token": 165,
"blacklisted_at": "2025-10-06T14:33:04.327Z"
}
}, {
"model": "token_blacklist.blacklistedtoken",
"pk": 94,
"fields": {
"token": 166,
"blacklisted_at": "2025-10-06T14:33:10.379Z"
}
}, {
"model": "token_blacklist.blacklistedtoken",
"pk": 95,
"fields": {
"token": 167,
"blacklisted_at": "2025-10-06T14:33:17.779Z"
}
}, {
"model": "token_blacklist.blacklistedtoken",
"pk": 96,
"fields": {
"token": 168,
"blacklisted_at": "2025-10-06T14:56:35.600Z"
}
}, {
"model": "token_blacklist.blacklistedtoken",
"pk": 97,
"fields": {
"token": 169,
"blacklisted_at": "2025-10-06T15:02:00.206Z"
}
}, {
"model": "token_blacklist.blacklistedtoken",
"pk": 98,
"fields": {
"token": 170,
"blacklisted_at": "2025-10-06T15:21:36.089Z"
}
}, {
"model": "token_blacklist.blacklistedtoken",
"pk": 99,
"fields": {
"token": 173,
"blacklisted_at": "2025-10-07T09:41:17.804Z"
}
}, {
"model": "token_blacklist.blacklistedtoken",
"pk": 100,
"fields": {
"token": 174,
"blacklisted_at": "2025-10-07T09:42:39.695Z"
}
}, {
"model": "token_blacklist.blacklistedtoken",
"pk": 101,
"fields": {
"token": 175,
"blacklisted_at": "2025-10-07T10:34:46.160Z"
}
}, {
"model": "token_blacklist.blacklistedtoken",
"pk": 102,
"fields": {
"token": 177,
"blacklisted_at": "2025-10-07T11:45:56.312Z"
}
}, {
"model": "token_blacklist.blacklistedtoken",
"pk": 103,
"fields": {
"token": 179,
"blacklisted_at": "2025-10-07T12:46:47.820Z"
}
}, {
"model": "token_blacklist.blacklistedtoken",
"pk": 104,
"fields": {
"token": 180,
"blacklisted_at": "2025-10-07T13:46:05.367Z"
}
}, {
"model": "token_blacklist.blacklistedtoken",
"pk": 105,
"fields": {
"token": 187,
"blacklisted_at": "2025-10-07T14:15:58.401Z"
}
}, {
"model": "token_blacklist.blacklistedtoken",
"pk": 106,
"fields": {
"token": 189,
"blacklisted_at": "2025-10-08T09:27:04.450Z"
}
}, {
"model": "token_blacklist.blacklistedtoken",
"pk": 107,
"fields": {
"token": 190,
"blacklisted_at": "2025-10-08T10:21:06.541Z"
}
}, {
"model": "token_blacklist.blacklistedtoken",
"pk": 108,
"fields": {
"token": 194,
"blacklisted_at": "2025-10-08T16:12:31.308Z"
}
}, {
"model": "token_blacklist.blacklistedtoken",
"pk": 109,
"fields": {
"token": 196,
"blacklisted_at": "2025-10-10T07:37:23.218Z"
}
}, {
"model": "token_blacklist.blacklistedtoken",
"pk": 110,
"fields": {
"token": 198,
"blacklisted_at": "2025-10-10T07:44:02.373Z"
}
}, {
"model": "token_blacklist.blacklistedtoken",
"pk": 111,
"fields": {
"token": 201,
"blacklisted_at": "2025-10-10T13:09:54.267Z"
}
}, {
"model": "token_blacklist.blacklistedtoken",
"pk": 112,
"fields": {
"token": 202,
"blacklisted_at": "2025-10-10T13:21:28.126Z"
}
}, {
"model": "token_blacklist.blacklistedtoken",
"pk": 113,
"fields": {
"token": 203,
"blacklisted_at": "2025-10-10T13:22:30.252Z"
}
}, {
"model": "token_blacklist.blacklistedtoken",
"pk": 114,
"fields": {
"token": 204,
"blacklisted_at": "2025-10-10T13:24:34.789Z"
}
}, {
"model": "token_blacklist.blacklistedtoken",
"pk": 115,
"fields": {
"token": 205,
"blacklisted_at": "2025-10-10T13:26:13.136Z"
}
}, {
"model": "token_blacklist.blacklistedtoken",
"pk": 116,
"fields": {
"token": 206,
"blacklisted_at": "2025-10-10T13:35:01.067Z"
}
}, {
"model": "token_blacklist.blacklistedtoken",
"pk": 117,
"fields": {
"token": 207,
"blacklisted_at": "2025-10-10T13:42:29.334Z"
}
}, {
"model": "token_blacklist.blacklistedtoken",
"pk": 118,
"fields": {
"token": 208,
"blacklisted_at": "2025-10-10T13:43:24.418Z"
}
}, {
"model": "token_blacklist.blacklistedtoken",
"pk": 119,
"fields": {
"token": 209,
"blacklisted_at": "2025-10-10T13:54:03.569Z"
}
}, {
"model": "token_blacklist.blacklistedtoken",
"pk": 120,
"fields": {
"token": 214,
"blacklisted_at": "2025-10-11T08:38:32.982Z"
}
}, {
"model": "token_blacklist.blacklistedtoken",
"pk": 121,
"fields": {
"token": 215,
"blacklisted_at": "2025-10-11T08:39:13.987Z"
}
}, {
"model": "token_blacklist.blacklistedtoken",
"pk": 122,
"fields": {
"token": 217,
"blacklisted_at": "2025-10-11T08:54:37.202Z"
}
}, {
"model": "token_blacklist.blacklistedtoken",
"pk": 123,
"fields": {
"token": 216,
"blacklisted_at": "2025-10-11T09:38:55.990Z"
}
}, {
"model": "token_blacklist.blacklistedtoken",
"pk": 124,
"fields": {
"token": 224,
"blacklisted_at": "2025-10-11T10:23:29.400Z"
}
}, {
"model": "token_blacklist.blacklistedtoken",
"pk": 125,
"fields": {
"token": 227,
"blacklisted_at": "2025-10-11T12:27:34.896Z"
}
}, {
"model": "token_blacklist.blacklistedtoken",
"pk": 126,
"fields": {
"token": 231,
"blacklisted_at": "2025-10-12T10:27:03.467Z"
}
}, {
"model": "token_blacklist.blacklistedtoken",
"pk": 127,
"fields": {
"token": 232,
"blacklisted_at": "2025-10-12T11:27:07.036Z"
}
}, {
"model": "token_blacklist.blacklistedtoken",
"pk": 128,
"fields": {
"token": 233,
"blacklisted_at": "2025-10-12T11:35:25.755Z"
}
}, {
"model": "token_blacklist.blacklistedtoken",
"pk": 129,
"fields": {
"token": 236,
"blacklisted_at": "2025-10-12T12:23:21.920Z"
}
}, {
"model": "token_blacklist.blacklistedtoken",
"pk": 130,
"fields": {
"token": 240,
"blacklisted_at": "2025-10-19T11:37:30.882Z"
}
}, {
"model": "token_blacklist.blacklistedtoken",
"pk": 131,
"fields": {
"token": 241,
"blacklisted_at": "2025-10-19T12:07:53.873Z"
}
}, {
"model": "token_blacklist.blacklistedtoken",
"pk": 132,
"fields": {
"token": 242,
"blacklisted_at": "2025-10-19T12:16:41.650Z"
}
}, {
"model": "token_blacklist.blacklistedtoken",
"pk": 133,
"fields": {
"token": 243,
"blacklisted_at": "2025-10-19T12:19:00.991Z"
}
}, {
"model": "token_blacklist.blacklistedtoken",
"pk": 134,
"fields": {
"token": 244,
"blacklisted_at": "2025-10-19T12:33:48.360Z"
}
}, {
"model": "token_blacklist.blacklistedtoken",
"pk": 135,
"fields": {
"token": 245,
"blacklisted_at": "2025-10-19T13:23:21.832Z"
}
}, {
"model": "token_blacklist.blacklistedtoken",
"pk": 136,
"fields": {
"token": 246,
"blacklisted_at": "2025-10-19T13:37:39.807Z"
}
}, {
"model": "token_blacklist.blacklistedtoken",
"pk": 137,
"fields": {
"token": 247,
"blacklisted_at": "2025-10-19T13:54:18.266Z"
}
}, {
"model": "token_blacklist.blacklistedtoken",
"pk": 138,
"fields": {
"token": 248,
"blacklisted_at": "2025-10-19T14:01:19.653Z"
}
}, {
"model": "token_blacklist.blacklistedtoken",
"pk": 139,
"fields": {
"token": 249,
"blacklisted_at": "2025-10-19T14:09:14.630Z"
}
}, {
"model": "token_blacklist.blacklistedtoken",
"pk": 140,
"fields": {
"token": 250,
"blacklisted_at": "2025-10-19T14:12:57.223Z"
}
}, {
"model": "token_blacklist.blacklistedtoken",
"pk": 141,
"fields": {
"token": 252,
"blacklisted_at": "2025-10-20T10:10:21.395Z"
}
}, {
"model": "token_blacklist.blacklistedtoken",
"pk": 142,
"fields": {
"token": 253,
"blacklisted_at": "2025-10-20T10:10:41.043Z"
}
}, {
"model": "users.userprofile",
"pk": 3,
"fields": {
"user": 4,
"role": "cashier",
"phone": "",
"branch": null,
"is_active": true
}
}, {
"model": "inventory.category",
"pk": 27,
"fields": {
"name": "Red Wines",
"description": "Premium red wines from around the world"
}
}, {
"model": "inventory.category",
"pk": 28,
"fields": {
"name": "White Wines",
"description": "Crisp and refreshing white wines"
}
}, {
"model": "inventory.category",
"pk": 29,
"fields": {
"name": "Ros Wines",
"description": "Light and fruity ros wines"
}
}, {
"model": "inventory.category",
"pk": 30,
"fields": {
"name": "Sparkling Wines",
"description": "Champagne and sparkling wines"
}
}, {
"model": "inventory.category",
"pk": 31,
"fields": {
"name": "Whiskey",
"description": "Scotch, Irish, and American whiskeys"
}
}, {
"model": "inventory.category",
"pk": 32,
"fields": {
"name": "Vodka",
"description": "Premium vodkas from various distilleries"
}
}, {
"model": "inventory.category",
"pk": 33,
"fields": {
"name": "Gin",
"description": "London dry and flavored gins"
}
}, {
"model": "inventory.category",
"pk": 34,
"fields": {
"name": "Rum",
"description": "Light, dark, and spiced rums"
}
}, {
"model": "inventory.category",
"pk": 35,
"fields": {
"name": "Tequila",
"description": "Blanco, reposado, and aejo tequilas"
}
}, {
"model": "inventory.category",
"pk": 36,
"fields": {
"name": "Brandy",
"description": "Cognac, armagnac, and other brandies"
}
}, {
"model": "inventory.category",
"pk": 37,
"fields": {
"name": "test",
"description": "test"
}
}, {
"model": "inventory.product",
"pk": 153,
"fields": {
"sku": "RED-001",
"name": "Cabernet Sauvignon Reserve",
"serial_number": null,
"category": 27,
"cost_price": "2500.00",
"selling_price": "3200.00",
"wholesale_price": "2250.00",
"wholesale_min_qty": 6,
"stock_quantity": 18,
"low_stock_threshold": 6,
"barcode": "",
"description": "Full-bodied red wine, 750ml",
"is_active": true,
"created_at": "2025-10-08T09:19:47.849Z",
"updated_at": "2025-10-08T09:19:47.849Z"
}
}, {
"model": "inventory.product",
"pk": 154,
"fields": {
"sku": "RED-002",
"name": "Merlot Classic",
"serial_number": null,
"category": 27,
"cost_price": "2200.00",
"selling_price": "2900.00",
"wholesale_price": "1980.00",
"wholesale_min_qty": 6,
"stock_quantity": 10,
"low_stock_threshold": 6,
"barcode": "",
"description": "Smooth and velvety merlot, 750ml",
"is_active": true,
"created_at": "2025-10-08T09:19:47.853Z",
"updated_at": "2025-10-11T10:04:44.663Z"
}
}, {
"model": "inventory.product",
"pk": 155,
"fields": {
"sku": "RED-003",
"name": "Pinot Noir Estate",
"serial_number": null,
"category": 27,
"cost_price": "2800.00",
"selling_price": "3600.00",
"wholesale_price": "2520.00",
"wholesale_min_qty": 6,
"stock_quantity": 20,
"low_stock_threshold": 6,
"barcode": "",
"description": "Elegant pinot noir, 750ml",
"is_active": true,
"created_at": "2025-10-08T09:19:47.857Z",
"updated_at": "2025-10-08T09:19:47.857Z"
}
}, {
"model": "inventory.product",
"pk": 156,
"fields": {
"sku": "RED-004",
"name": "Shiraz Premium",
"serial_number": null,
"category": 27,
"cost_price": "2400.00",
"selling_price": "3100.00",
"wholesale_price": "2160.00",
"wholesale_min_qty": 6,
"stock_quantity": 16,
"low_stock_threshold": 6,
"barcode": "",
"description": "Bold and spicy shiraz, 750ml",
"is_active": true,
"created_at": "2025-10-08T09:19:47.860Z",
"updated_at": "2025-10-08T09:19:47.860Z"
}
}, {
"model": "inventory.product",
"pk": 157,
"fields": {
"sku": "RED-005",
"name": "Malbec Reserve",
"serial_number": null,
"category": 27,
"cost_price": "2600.00",
"selling_price": "3400.00",
"wholesale_price": "2340.00",
"wholesale_min_qty": 6,
"stock_quantity": 2,
"low_stock_threshold": 6,
"barcode": "",
"description": "Rich malbec from Argentina, 750ml",
"is_active": true,
"created_at": "2025-10-08T09:19:47.864Z",
"updated_at": "2025-10-11T10:01:57.158Z"
}
}, {
"model": "inventory.product",
"pk": 158,
"fields": {
"sku": "RED-006",
"name": "Zinfandel Old Vine",
"serial_number": null,
"category": 27,
"cost_price": "2700.00",
"selling_price": "3500.00",
"wholesale_price": "2430.00",
"wholesale_min_qty": 6,
"stock_quantity": 16,
"low_stock_threshold": 6,
"barcode": "",
"description": "Jammy zinfandel, 750ml",
"is_active": true,
"created_at": "2025-10-08T09:19:47.868Z",
"updated_at": "2025-10-08T09:19:47.868Z"
}
}, {
"model": "inventory.product",
"pk": 159,
"fields": {
"sku": "RED-007",
"name": "Bordeaux Blend",
"serial_number": null,
"category": 27,
"cost_price": "3500.00",
"selling_price": "4500.00",
"wholesale_price": "3150.00",
"wholesale_min_qty": 6,
"stock_quantity": 8,
"low_stock_threshold": 6,
"barcode": "",
"description": "Classic Bordeaux blend, 750ml",
"is_active": true,
"created_at": "2025-10-08T09:19:47.872Z",
"updated_at": "2025-10-11T10:04:44.623Z"
}
}, {
"model": "inventory.product",
"pk": 160,
"fields": {
"sku": "RED-008",
"name": "Sangiovese Riserva",
"serial_number": null,
"category": 27,
"cost_price": "2300.00",
"selling_price": "3000.00",
"wholesale_price": "2070.00",
"wholesale_min_qty": 6,
"stock_quantity": 19,
"low_stock_threshold": 6,
"barcode": "",
"description": "Italian sangiovese, 750ml",
"is_active": true,
"created_at": "2025-10-08T09:19:47.877Z",
"updated_at": "2025-10-08T09:19:47.877Z"
}
}, {
"model": "inventory.product",
"pk": 161,
"fields": {
"sku": "RED-009",
"name": "Tempranillo Crianza",
"serial_number": null,
"category": 27,
"cost_price": "2100.00",
"selling_price": "2800.00",
"wholesale_price": "1890.00",
"wholesale_min_qty": 6,
"stock_quantity": 13,
"low_stock_threshold": 6,
"barcode": "",
"description": "Spanish tempranillo, 750ml",
"is_active": true,
"created_at": "2025-10-08T09:19:47.881Z",
"updated_at": "2025-10-08T09:19:47.881Z"
}
}, {
"model": "inventory.product",
"pk": 162,
"fields": {
"sku": "RED-010",
"name": "Grenache Noir",
"serial_number": null,
"category": 27,
"cost_price": "2000.00",
"selling_price": "2700.00",
"wholesale_price": "1800.00",
"wholesale_min_qty": 6,
"stock_quantity": 10,
"low_stock_threshold": 6,
"barcode": "",
"description": "Fruity grenache, 750ml",
"is_active": true,
"created_at": "2025-10-08T09:19:47.884Z",
"updated_at": "2025-10-08T09:19:47.884Z"
}
}, {
"model": "inventory.product",
"pk": 163,
"fields": {
"sku": "WHT-001",
"name": "Chardonnay Reserve",
"serial_number": null,
"category": 28,
"cost_price": "2400.00",
"selling_price": "3100.00",
"wholesale_price": "2160.00",
"wholesale_min_qty": 6,
"stock_quantity": 21,
"low_stock_threshold": 6,
"barcode": "",
"description": "Buttery chardonnay, 750ml",
"is_active": true,
"created_at": "2025-10-08T09:19:47.888Z",
"updated_at": "2025-10-08T09:19:47.888Z"
}
}, {
"model": "inventory.product",
"pk": 164,
"fields": {
"sku": "WHT-002",
"name": "Sauvignon Blanc",
"serial_number": null,
"category": 28,
"cost_price": "2200.00",
"selling_price": "2900.00",
"wholesale_price": "1980.00",
"wholesale_min_qty": 6,
"stock_quantity": 24,
"low_stock_threshold": 6,
"barcode": "",
"description": "Crisp sauvignon blanc, 750ml",
"is_active": true,
"created_at": "2025-10-08T09:19:47.892Z",
"updated_at": "2025-10-08T09:19:47.892Z"
}
}, {
"model": "inventory.product",
"pk": 165,
"fields": {
"sku": "WHT-003",
"name": "Riesling Dry",
"serial_number": null,
"category": 28,
"cost_price": "2100.00",
"selling_price": "2800.00",
"wholesale_price": "1890.00",
"wholesale_min_qty": 6,
"stock_quantity": 22,
"low_stock_threshold": 6,
"barcode": "",
"description": "Off-dry riesling, 750ml",
"is_active": true,
"created_at": "2025-10-08T09:19:47.896Z",
"updated_at": "2025-10-08T09:19:47.896Z"
}
}, {
"model": "inventory.product",
"pk": 166,
"fields": {
"sku": "WHT-004",
"name": "Pinot Grigio",
"serial_number": null,
"category": 28,
"cost_price": "2000.00",
"selling_price": "2700.00",
"wholesale_price": "1800.00",
"wholesale_min_qty": 6,
"stock_quantity": 21,
"low_stock_threshold": 6,
"barcode": "",
"description": "Light pinot grigio, 750ml",
"is_active": true,
"created_at": "2025-10-08T09:19:47.900Z",
"updated_at": "2025-10-08T09:19:47.900Z"
}
}, {
"model": "inventory.product",
"pk": 167,
"fields": {
"sku": "WHT-005",
"name": "Gewrztraminer",
"serial_number": null,
"category": 28,
"cost_price": "2500.00",
"selling_price": "3300.00",
"wholesale_price": "2250.00",
"wholesale_min_qty": 6,
"stock_quantity": 20,
"low_stock_threshold": 6,
"barcode": "",
"description": "Aromatic gewrztraminer, 750ml",
"is_active": true,
"created_at": "2025-10-08T09:19:47.903Z",
"updated_at": "2025-10-08T09:19:47.903Z"
}
}, {
"model": "inventory.product",
"pk": 168,
"fields": {
"sku": "WHT-006",
"name": "Semillon",
"serial_number": null,
"category": 28,
"cost_price": "2300.00",
"selling_price": "3000.00",
"wholesale_price": "2070.00",
"wholesale_min_qty": 6,
"stock_quantity": 23,
"low_stock_threshold": 6,
"barcode": "",
"description": "Elegant semillon, 750ml",
"is_active": true,
"created_at": "2025-10-08T09:19:47.907Z",
"updated_at": "2025-10-08T09:19:47.907Z"
}
}, {
"model": "inventory.product",
"pk": 169,
"fields": {
"sku": "WHT-007",
"name": "Viognier",
"serial_number": null,
"category": 28,
"cost_price": "2600.00",
"selling_price": "3400.00",
"wholesale_price": "2340.00",
"wholesale_min_qty": 6,
"stock_quantity": 24,
"low_stock_threshold": 6,
"barcode": "",
"description": "Floral viognier, 750ml",
"is_active": true,
"created_at": "2025-10-08T09:19:47.911Z",
"updated_at": "2025-10-08T09:19:47.911Z"
}
}, {
"model": "inventory.product",
"pk": 170,
"fields": {
"sku": "WHT-008",
"name": "Albario",
"serial_number": null,
"category": 28,
"cost_price": "2400.00",
"selling_price": "3200.00",
"wholesale_price": "2160.00",
"wholesale_min_qty": 6,
"stock_quantity": 22,
"low_stock_threshold": 6,
"barcode": "",
"description": "Spanish albario, 750ml",
"is_active": true,
"created_at": "2025-10-08T09:19:47.915Z",
"updated_at": "2025-10-08T09:19:47.915Z"
}
}, {
"model": "inventory.product",
"pk": 171,
"fields": {
"sku": "WHT-009",
"name": "Verdicchio",
"serial_number": null,
"category": 28,
"cost_price": "2200.00",
"selling_price": "2900.00",
"wholesale_price": "1980.00",
"wholesale_min_qty": 6,
"stock_quantity": 24,
"low_stock_threshold": 6,
"barcode": "",
"description": "Italian verdicchio, 750ml",
"is_active": true,
"created_at": "2025-10-08T09:19:47.919Z",
"updated_at": "2025-10-08T09:19:47.919Z"
}
}, {
"model": "inventory.product",
"pk": 172,
"fields": {
"sku": "WHT-010",
"name": "Grner Veltliner",
"serial_number": null,
"category": 28,
"cost_price": "2300.00",
"selling_price": "3100.00",
"wholesale_price": "2070.00",
"wholesale_min_qty": 6,
"stock_quantity": 21,
"low_stock_threshold": 6,
"barcode": "",
"description": "Austrian grner veltliner, 750ml",
"is_active": true,
"created_at": "2025-10-08T09:19:47.925Z",
"updated_at": "2025-10-08T09:19:47.925Z"
}
}, {
"model": "inventory.product",
"pk": 173,
"fields": {
"sku": "ROS-001",
"name": "Provence Ros",
"serial_number": null,
"category": 29,
"cost_price": "2200.00",
"selling_price": "2900.00",
"wholesale_price": "1980.00",
"wholesale_min_qty": 6,
"stock_quantity": 24,
"low_stock_threshold": 6,
"barcode": "",
"description": "Classic Provence ros, 750ml",
"is_active": true,
"created_at": "2025-10-08T09:19:47.932Z",
"updated_at": "2025-10-08T09:19:47.932Z"
}
}, {
"model": "inventory.product",
"pk": 174,
"fields": {
"sku": "ROS-002",
"name": "Grenache Ros",
"serial_number": null,
"category": 29,
"cost_price": "2000.00",
"selling_price": "2700.00",
"wholesale_price": "1800.00",
"wholesale_min_qty": 6,
"stock_quantity": 17,
"low_stock_threshold": 6,
"barcode": "",
"description": "Fruity grenache ros, 750ml",
"is_active": true,
"created_at": "2025-10-08T09:19:47.938Z",
"updated_at": "2025-10-08T09:19:47.938Z"
}
}, {
"model": "inventory.product",
"pk": 175,
"fields": {
"sku": "ROS-003",
"name": "Syrah Ros",
"serial_number": null,
"category": 29,
"cost_price": "2100.00",
"selling_price": "2800.00",
"wholesale_price": "1890.00",
"wholesale_min_qty": 6,
"stock_quantity": 15,
"low_stock_threshold": 6,
"barcode": "",
"description": "Bold syrah ros, 750ml",
"is_active": true,
"created_at": "2025-10-08T09:19:47.945Z",
"updated_at": "2025-10-08T09:19:47.945Z"
}
}, {
"model": "inventory.product",
"pk": 176,
"fields": {
"sku": "ROS-004",
"name": "Tempranillo Ros",
"serial_number": null,
"category": 29,
"cost_price": "1900.00",
"selling_price": "2600.00",
"wholesale_price": "1710.00",
"wholesale_min_qty": 6,
"stock_quantity": 18,
"low_stock_threshold": 6,
"barcode": "",
"description": "Spanish tempranillo ros, 750ml",
"is_active": true,
"created_at": "2025-10-08T09:19:47.950Z",
"updated_at": "2025-10-08T09:19:47.950Z"
}
}, {
"model": "inventory.product",
"pk": 177,
"fields": {
"sku": "ROS-005",
"name": "Zinfandel Ros",
"serial_number": null,
"category": 29,
"cost_price": "2300.00",
"selling_price": "3000.00",
"wholesale_price": "2070.00",
"wholesale_min_qty": 6,
"stock_quantity": 17,
"low_stock_threshold": 6,
"barcode": "",
"description": "Blush zinfandel, 750ml",
"is_active": true,
"created_at": "2025-10-08T09:19:47.955Z",
"updated_at": "2025-10-08T09:19:47.955Z"
}
}, {
"model": "inventory.product",
"pk": 178,
"fields": {
"sku": "ROS-006",
"name": "Sangiovese Ros",
"serial_number": null,
"category": 29,
"cost_price": "2000.00",
"selling_price": "2700.00",
"wholesale_price": "1800.00",
"wholesale_min_qty": 6,
"stock_quantity": 24,
"low_stock_threshold": 6,
"barcode": "",
"description": "Italian sangiovese ros, 750ml",
"is_active": true,
"created_at": "2025-10-08T09:19:47.962Z",
"updated_at": "2025-10-08T09:19:47.962Z"
}
}, {
"model": "inventory.product",
"pk": 179,
"fields": {
"sku": "ROS-007",
"name": "Cabernet Ros",
"serial_number": null,
"category": 29,
"cost_price": "2100.00",
"selling_price": "2800.00",
"wholesale_price": "1890.00",
"wholesale_min_qty": 6,
"stock_quantity": 18,
"low_stock_threshold": 6,
"barcode": "",
"description": "Light cabernet ros, 750ml",
"is_active": true,
"created_at": "2025-10-08T09:19:47.966Z",
"updated_at": "2025-10-08T09:19:47.966Z"
}
}, {
"model": "inventory.product",
"pk": 180,
"fields": {
"sku": "ROS-008",
"name": "Pinot Noir Ros",
"serial_number": null,
"category": 29,
"cost_price": "2400.00",
"selling_price": "3200.00",
"wholesale_price": "2160.00",
"wholesale_min_qty": 6,
"stock_quantity": 18,
"low_stock_threshold": 6,
"barcode": "",
"description": "Elegant pinot noir ros, 750ml",
"is_active": true,
"created_at": "2025-10-08T09:19:47.970Z",
"updated_at": "2025-10-08T09:19:47.970Z"
}
}, {
"model": "inventory.product",
"pk": 181,
"fields": {
"sku": "ROS-009",
"name": "Malbec Ros",
"serial_number": null,
"category": 29,
"cost_price": "2000.00",
"selling_price": "2700.00",
"wholesale_price": "1800.00",
"wholesale_min_qty": 6,
"stock_quantity": 17,
"low_stock_threshold": 6,
"barcode": "",
"description": "Argentinian malbec ros, 750ml",
"is_active": true,
"created_at": "2025-10-08T09:19:47.975Z",
"updated_at": "2025-10-08T09:19:47.975Z"
}
}, {
"model": "inventory.product",
"pk": 182,
"fields": {
"sku": "ROS-010",
"name": "Merlot Ros",
"serial_number": null,
"category": 29,
"cost_price": "1900.00",
"selling_price": "2600.00",
"wholesale_price": "1710.00",
"wholesale_min_qty": 6,
"stock_quantity": 17,
"low_stock_threshold": 6,
"barcode": "",
"description": "Smooth merlot ros, 750ml",
"is_active": true,
"created_at": "2025-10-08T09:19:47.979Z",
"updated_at": "2025-10-08T09:19:47.979Z"
}
}, {
"model": "inventory.product",
"pk": 183,
"fields": {
"sku": "SPK-001",
"name": "Champagne Brut",
"serial_number": null,
"category": 30,
"cost_price": "5000.00",
"selling_price": "6500.00",
"wholesale_price": "4500.00",
"wholesale_min_qty": 6,
"stock_quantity": 23,
"low_stock_threshold": 6,
"barcode": "",
"description": "French champagne brut, 750ml",
"is_active": true,
"created_at": "2025-10-08T09:19:47.983Z",
"updated_at": "2025-10-08T09:19:47.983Z"
}
}, {
"model": "inventory.product",
"pk": 184,
"fields": {
"sku": "SPK-002",
"name": "Cava Brut",
"serial_number": null,
"category": 30,
"cost_price": "2500.00",
"selling_price": "3300.00",
"wholesale_price": "2250.00",
"wholesale_min_qty": 6,
"stock_quantity": 24,
"low_stock_threshold": 6,
"barcode": "",
"description": "Spanish cava brut, 750ml",
"is_active": true,
"created_at": "2025-10-08T09:19:47.988Z",
"updated_at": "2025-10-10T14:35:20.304Z"
}
}, {
"model": "inventory.product",
"pk": 185,
"fields": {
"sku": "SPK-003",
"name": "Prosecco Extra Dry",
"serial_number": null,
"category": 30,
"cost_price": "2200.00",
"selling_price": "2900.00",
"wholesale_price": "1980.00",
"wholesale_min_qty": 6,
"stock_quantity": 23,
"low_stock_threshold": 6,
"barcode": "",
"description": "Italian prosecco, 750ml",
"is_active": true,
"created_at": "2025-10-08T09:19:47.993Z",
"updated_at": "2025-10-08T09:19:47.993Z"
}
}, {
"model": "inventory.product",
"pk": 186,
"fields": {
"sku": "SPK-004",
"name": "Crmant d'Alsace",
"serial_number": null,
"category": 30,
"cost_price": "2800.00",
"selling_price": "3700.00",
"wholesale_price": "2520.00",
"wholesale_min_qty": 6,
"stock_quantity": 23,
"low_stock_threshold": 6,
"barcode": "",
"description": "French crmant, 750ml",
"is_active": true,
"created_at": "2025-10-08T09:19:47.997Z",
"updated_at": "2025-10-08T09:19:47.997Z"
}
}, {
"model": "inventory.product",
"pk": 187,
"fields": {
"sku": "SPK-005",
"name": "Asti Spumante",
"serial_number": null,
"category": 30,
"cost_price": "2000.00",
"selling_price": "2700.00",
"wholesale_price": "1800.00",
"wholesale_min_qty": 6,
"stock_quantity": 22,
"low_stock_threshold": 6,
"barcode": "",
"description": "Sweet Italian sparkling, 750ml",
"is_active": true,
"created_at": "2025-10-08T09:19:48.002Z",
"updated_at": "2025-10-08T09:19:48.002Z"
}
}, {
"model": "inventory.product",
"pk": 188,
"fields": {
"sku": "SPK-006",
"name": "Franciacorta",
"serial_number": null,
"category": 30,
"cost_price": "3500.00",
"selling_price": "4600.00",
"wholesale_price": "3150.00",
"wholesale_min_qty": 6,
"stock_quantity": 23,
"low_stock_threshold": 6,
"barcode": "",
"description": "Italian metodo classico, 750ml",
"is_active": true,
"created_at": "2025-10-08T09:19:48.007Z",
"updated_at": "2025-10-08T09:19:48.007Z"
}
}, {
"model": "inventory.product",
"pk": 189,
"fields": {
"sku": "SPK-007",
"name": "English Sparkling",
"serial_number": null,
"category": 30,
"cost_price": "3000.00",
"selling_price": "4000.00",
"wholesale_price": "2700.00",
"wholesale_min_qty": 6,
"stock_quantity": 23,
"low_stock_threshold": 6,
"barcode": "",
"description": "English sparkling wine, 750ml",
"is_active": true,
"created_at": "2025-10-08T09:19:48.011Z",
"updated_at": "2025-10-08T09:19:48.011Z"
}
}, {
"model": "inventory.product",
"pk": 190,
"fields": {
"sku": "SPK-008",
"name": "California Sparkling",
"serial_number": null,
"category": 30,
"cost_price": "2600.00",
"selling_price": "3400.00",
"wholesale_price": "2340.00",
"wholesale_min_qty": 6,
"stock_quantity": 25,
"low_stock_threshold": 6,
"barcode": "",
"description": "American sparkling wine, 750ml",
"is_active": true,
"created_at": "2025-10-08T09:19:48.016Z",
"updated_at": "2025-10-10T14:35:20.200Z"
}
}, {
"model": "inventory.product",
"pk": 191,
"fields": {
"sku": "SPK-009",
"name": "Australian Sparkling",
"serial_number": null,
"category": 30,
"cost_price": "2400.00",
"selling_price": "3200.00",
"wholesale_price": "2160.00",
"wholesale_min_qty": 6,
"stock_quantity": 22,
"low_stock_threshold": 6,
"barcode": "",
"description": "Australian sparkling shiraz, 750ml",
"is_active": true,
"created_at": "2025-10-08T09:19:48.020Z",
"updated_at": "2025-10-08T09:19:48.020Z"
}
}, {
"model": "inventory.product",
"pk": 192,
"fields": {
"sku": "SPK-010",
"name": "New Zealand Sparkling",
"serial_number": null,
"category": 30,
"cost_price": "2700.00",
"selling_price": "3600.00",
"wholesale_price": "2430.00",
"wholesale_min_qty": 6,
"stock_quantity": 23,
"low_stock_threshold": 6,
"barcode": "",
"description": "New Zealand mthode, 750ml",
"is_active": true,
"created_at": "2025-10-08T09:19:48.024Z",
"updated_at": "2025-10-08T09:19:48.024Z"
}
}, {
"model": "inventory.product",
"pk": 193,
"fields": {
"sku": "WHK-001",
"name": "Scotch Whisky 12YO",
"serial_number": null,
"category": 31,
"cost_price": "3500.00",
"selling_price": "4500.00",
"wholesale_price": "3150.00",
"wholesale_min_qty": 6,
"stock_quantity": 22,
"low_stock_threshold": 6,
"barcode": "",
"description": "12-year-old scotch whisky, 750ml",
"is_active": true,
"created_at": "2025-10-08T09:19:48.028Z",
"updated_at": "2025-10-08T09:19:48.028Z"
}
}, {
"model": "inventory.product",
"pk": 194,
"fields": {
"sku": "WHK-002",
"name": "Irish Whiskey Triple",
"serial_number": null,
"category": 31,
"cost_price": "3200.00",
"selling_price": "4200.00",
"wholesale_price": "2880.00",
"wholesale_min_qty": 6,
"stock_quantity": 24,
"low_stock_threshold": 6,
"barcode": "",
"description": "Triple distilled Irish whiskey, 750ml",
"is_active": true,
"created_at": "2025-10-08T09:19:48.031Z",
"updated_at": "2025-10-08T09:19:48.031Z"
}
}, {
"model": "inventory.product",
"pk": 195,
"fields": {
"sku": "WHK-003",
"name": "Bourbon Classic",
"serial_number": null,
"category": 31,
"cost_price": "2800.00",
"selling_price": "3700.00",
"wholesale_price": "2520.00",
"wholesale_min_qty": 6,
"stock_quantity": 23,
"low_stock_threshold": 6,
"barcode": "",
"description": "Kentucky straight bourbon, 750ml",
"is_active": true,
"created_at": "2025-10-08T09:19:48.035Z",
"updated_at": "2025-10-08T09:19:48.035Z"
}
}, {
"model": "inventory.product",
"pk": 196,
"fields": {
"sku": "WHK-004",
"name": "Rye Whiskey",
"serial_number": null,
"category": 31,
"cost_price": "3000.00",
"selling_price": "4000.00",
"wholesale_price": "2700.00",
"wholesale_min_qty": 6,
"stock_quantity": 23,
"low_stock_threshold": 6,
"barcode": "",
"description": "Canadian rye whiskey, 750ml",
"is_active": true,
"created_at": "2025-10-08T09:19:48.039Z",
"updated_at": "2025-10-08T09:19:48.039Z"
}
}, {
"model": "inventory.product",
"pk": 197,
"fields": {
"sku": "WHK-005",
"name": "Single Malt 15YO",
"serial_number": null,
"category": 31,
"cost_price": "4500.00",
"selling_price": "5800.00",
"wholesale_price": "4050.00",
"wholesale_min_qty": 6,
"stock_quantity": 23,
"low_stock_threshold": 6,
"barcode": "",
"description": "15-year-old single malt, 750ml",
"is_active": true,
"created_at": "2025-10-08T09:19:48.046Z",
"updated_at": "2025-10-08T09:19:48.046Z"
}
}, {
"model": "inventory.product",
"pk": 198,
"fields": {
"sku": "WHK-006",
"name": "Blended Scotch",
"serial_number": null,
"category": 31,
"cost_price": "2500.00",
"selling_price": "3300.00",
"wholesale_price": "2250.00",
"wholesale_min_qty": 6,
"stock_quantity": 23,
"low_stock_threshold": 6,
"barcode": "",
"description": "Premium blended scotch, 750ml",
"is_active": true,
"created_at": "2025-10-08T09:19:48.050Z",
"updated_at": "2025-10-08T09:19:48.050Z"
}
}, {
"model": "inventory.product",
"pk": 199,
"fields": {
"sku": "WHK-007",
"name": "Tennessee Whiskey",
"serial_number": null,
"category": 31,
"cost_price": "2900.00",
"selling_price": "3800.00",
"wholesale_price": "2610.00",
"wholesale_min_qty": 6,
"stock_quantity": 22,
"low_stock_threshold": 6,
"barcode": "",
"description": "Charcoal mellowed whiskey, 750ml",
"is_active": true,
"created_at": "2025-10-08T09:19:48.055Z",
"updated_at": "2025-10-08T09:19:48.055Z"
}
}, {
"model": "inventory.product",
"pk": 200,
"fields": {
"sku": "WHK-008",
"name": "Japanese Whisky",
"serial_number": null,
"category": 31,
"cost_price": "3600.00",
"selling_price": "4700.00",
"wholesale_price": "3240.00",
"wholesale_min_qty": 6,
"stock_quantity": 23,
"low_stock_threshold": 6,
"barcode": "",
"description": "Japanese single malt, 750ml",
"is_active": true,
"created_at": "2025-10-08T09:19:48.058Z",
"updated_at": "2025-10-08T09:19:48.058Z"
}
}, {
"model": "inventory.product",
"pk": 201,
"fields": {
"sku": "WHK-009",
"name": "Single Grain",
"serial_number": null,
"category": 31,
"cost_price": "2700.00",
"selling_price": "3600.00",
"wholesale_price": "2430.00",
"wholesale_min_qty": 6,
"stock_quantity": 22,
"low_stock_threshold": 6,
"barcode": "",
"description": "Single grain scotch, 750ml",
"is_active": true,
"created_at": "2025-10-08T09:19:48.062Z",
"updated_at": "2025-10-08T09:19:48.062Z"
}
}, {
"model": "inventory.product",
"pk": 202,
"fields": {
"sku": "WHK-010",
"name": "Small Batch Bourbon",
"serial_number": null,
"category": 31,
"cost_price": "3300.00",
"selling_price": "4300.00",
"wholesale_price": "2970.00",
"wholesale_min_qty": 6,
"stock_quantity": 22,
"low_stock_threshold": 6,
"barcode": "",
"description": "Small batch bourbon, 750ml",
"is_active": true,
"created_at": "2025-10-08T09:19:48.066Z",
"updated_at": "2025-10-08T09:19:48.066Z"
}
}, {
"model": "inventory.product",
"pk": 203,
"fields": {
"sku": "VOD-001",
"name": "Premium Vodka",
"serial_number": null,
"category": 32,
"cost_price": "2200.00",
"selling_price": "2900.00",
"wholesale_price": "1980.00",
"wholesale_min_qty": 6,
"stock_quantity": 24,
"low_stock_threshold": 6,
"barcode": "",
"description": "Ultra-premium vodka, 750ml",
"is_active": true,
"created_at": "2025-10-08T09:19:48.069Z",
"updated_at": "2025-10-08T09:19:48.069Z"
}
}, {
"model": "inventory.product",
"pk": 204,
"fields": {
"sku": "VOD-002",
"name": "Wheat Vodka",
"serial_number": null,
"category": 32,
"cost_price": "2000.00",
"selling_price": "2700.00",
"wholesale_price": "1800.00",
"wholesale_min_qty": 6,
"stock_quantity": 24,
"low_stock_threshold": 6,
"barcode": "",
"description": "Wheat-based vodka, 750ml",
"is_active": true,
"created_at": "2025-10-08T09:19:48.073Z",
"updated_at": "2025-10-08T09:19:48.073Z"
}
}, {
"model": "inventory.product",
"pk": 205,
"fields": {
"sku": "VOD-003",
"name": "Potato Vodka",
"serial_number": null,
"category": 32,
"cost_price": "2400.00",
"selling_price": "3200.00",
"wholesale_price": "2160.00",
"wholesale_min_qty": 6,
"stock_quantity": 24,
"low_stock_threshold": 6,
"barcode": "",
"description": "Potato distilled vodka, 750ml",
"is_active": true,
"created_at": "2025-10-08T09:19:48.077Z",
"updated_at": "2025-10-08T09:19:48.077Z"
}
}, {
"model": "inventory.product",
"pk": 206,
"fields": {
"sku": "VOD-004",
"name": "Citrus Infused",
"serial_number": null,
"category": 32,
"cost_price": "2500.00",
"selling_price": "3300.00",
"wholesale_price": "2250.00",
"wholesale_min_qty": 6,
"stock_quantity": 22,
"low_stock_threshold": 6,
"barcode": "",
"description": "Citrus-flavored vodka, 750ml",
"is_active": true,
"created_at": "2025-10-08T09:19:48.081Z",
"updated_at": "2025-10-08T09:19:48.081Z"
}
}, {
"model": "inventory.product",
"pk": 207,
"fields": {
"sku": "VOD-005",
"name": "Vanilla Vodka",
"serial_number": null,
"category": 32,
"cost_price": "2300.00",
"selling_price": "3100.00",
"wholesale_price": "2070.00",
"wholesale_min_qty": 6,
"stock_quantity": 23,
"low_stock_threshold": 6,
"barcode": "",
"description": "Vanilla-infused vodka, 750ml",
"is_active": true,
"created_at": "2025-10-08T09:19:48.084Z",
"updated_at": "2025-10-08T09:19:48.084Z"
}
}, {
"model": "inventory.product",
"pk": 208,
"fields": {
"sku": "VOD-006",
"name": "Pepper Vodka",
"serial_number": null,
"category": 32,
"cost_price": "2600.00",
"selling_price": "3400.00",
"wholesale_price": "2340.00",
"wholesale_min_qty": 6,
"stock_quantity": 23,
"low_stock_threshold": 6,
"barcode": "",
"description": "Black pepper vodka, 750ml",
"is_active": true,
"created_at": "2025-10-08T09:19:48.088Z",
"updated_at": "2025-10-08T09:19:48.089Z"
}
}, {
"model": "inventory.product",
"pk": 209,
"fields": {
"sku": "VOD-007",
"name": "Organic Vodka",
"serial_number": null,
"category": 32,
"cost_price": "2700.00",
"selling_price": "3600.00",
"wholesale_price": "2430.00",
"wholesale_min_qty": 6,
"stock_quantity": 22,
"low_stock_threshold": 6,
"barcode": "",
"description": "Organic grain vodka, 750ml",
"is_active": true,
"created_at": "2025-10-08T09:19:48.092Z",
"updated_at": "2025-10-08T09:19:48.092Z"
}
}, {
"model": "inventory.product",
"pk": 210,
"fields": {
"sku": "VOD-008",
"name": "Small Batch Vodka",
"serial_number": null,
"category": 32,
"cost_price": "2800.00",
"selling_price": "3700.00",
"wholesale_price": "2520.00",
"wholesale_min_qty": 6,
"stock_quantity": 24,
"low_stock_threshold": 6,
"barcode": "",
"description": "Small batch distilled vodka, 750ml",
"is_active": true,
"created_at": "2025-10-08T09:19:48.096Z",
"updated_at": "2025-10-08T09:19:48.096Z"
}
}, {
"model": "inventory.product",
"pk": 211,
"fields": {
"sku": "VOD-009",
"name": "Filtered Vodka",
"serial_number": null,
"category": 32,
"cost_price": "2100.00",
"selling_price": "2800.00",
"wholesale_price": "1890.00",
"wholesale_min_qty": 6,
"stock_quantity": 22,
"low_stock_threshold": 6,
"barcode": "",
"description": "Charcoal filtered vodka, 750ml",
"is_active": true,
"created_at": "2025-10-08T09:19:48.100Z",
"updated_at": "2025-10-08T09:19:48.100Z"
}
}, {
"model": "inventory.product",
"pk": 212,
"fields": {
"sku": "VOD-010",
"name": "Estate Vodka",
"serial_number": null,
"category": 32,
"cost_price": "3000.00",
"selling_price": "4000.00",
"wholesale_price": "2700.00",
"wholesale_min_qty": 6,
"stock_quantity": 22,
"low_stock_threshold": 6,
"barcode": "",
"description": "Estate-bottled vodka, 750ml",
"is_active": true,
"created_at": "2025-10-08T09:19:48.104Z",
"updated_at": "2025-10-08T09:19:48.104Z"
}
}, {
"model": "inventory.product",
"pk": 213,
"fields": {
"sku": "GIN-001",
"name": "London Dry Gin",
"serial_number": null,
"category": 33,
"cost_price": "2200.00",
"selling_price": "2900.00",
"wholesale_price": "1980.00",
"wholesale_min_qty": 6,
"stock_quantity": 21,
"low_stock_threshold": 6,
"barcode": "",
"description": "Classic London dry gin, 750ml",
"is_active": true,
"created_at": "2025-10-08T09:19:48.108Z",
"updated_at": "2025-10-08T09:19:48.108Z"
}
}, {
"model": "inventory.product",
"pk": 214,
"fields": {
"sku": "GIN-002",
"name": "Old Tom Gin",
"serial_number": null,
"category": 33,
"cost_price": "2400.00",
"selling_price": "3200.00",
"wholesale_price": "2160.00",
"wholesale_min_qty": 6,
"stock_quantity": 24,
"low_stock_threshold": 6,
"barcode": "",
"description": "Traditional old tom gin, 750ml",
"is_active": true,
"created_at": "2025-10-08T09:19:48.111Z",
"updated_at": "2025-10-08T09:19:48.111Z"
}
}, {
"model": "inventory.product",
"pk": 215,
"fields": {
"sku": "GIN-003",
"name": "Navy Strength",
"serial_number": null,
"category": 33,
"cost_price": "2600.00",
"selling_price": "3400.00",
"wholesale_price": "2340.00",
"wholesale_min_qty": 6,
"stock_quantity": 24,
"low_stock_threshold": 6,
"barcode": "",
"description": "57% ABV navy strength gin, 750ml",
"is_active": true,
"created_at": "2025-10-08T09:19:48.115Z",
"updated_at": "2025-10-08T09:19:48.115Z"
}
}, {
"model": "inventory.product",
"pk": 216,
"fields": {
"sku": "GIN-004",
"name": "Sloe Gin",
"serial_number": null,
"category": 33,
"cost_price": "2300.00",
"selling_price": "3100.00",
"wholesale_price": "2070.00",
"wholesale_min_qty": 6,
"stock_quantity": 22,
"low_stock_threshold": 6,
"barcode": "",
"description": "Blackthorn berry gin, 750ml",
"is_active": true,
"created_at": "2025-10-08T09:19:48.120Z",
"updated_at": "2025-10-08T09:19:48.120Z"
}
}, {
"model": "inventory.product",
"pk": 217,
"fields": {
"sku": "GIN-005",
"name": "Pink Gin",
"serial_number": null,
"category": 33,
"cost_price": "2500.00",
"selling_price": "3300.00",
"wholesale_price": "2250.00",
"wholesale_min_qty": 6,
"stock_quantity": 23,
"low_stock_threshold": 6,
"barcode": "",
"description": "Rose petal infused gin, 750ml",
"is_active": true,
"created_at": "2025-10-08T09:19:48.124Z",
"updated_at": "2025-10-08T09:19:48.124Z"
}
}, {
"model": "inventory.product",
"pk": 218,
"fields": {
"sku": "GIN-006",
"name": "Cucumber Gin",
"serial_number": null,
"category": 33,
"cost_price": "2400.00",
"selling_price": "3200.00",
"wholesale_price": "2160.00",
"wholesale_min_qty": 6,
"stock_quantity": 23,
"low_stock_threshold": 6,
"barcode": "",
"description": "Cucumber botanical gin, 750ml",
"is_active": true,
"created_at": "2025-10-08T09:19:48.127Z",
"updated_at": "2025-10-08T09:19:48.127Z"
}
}, {
"model": "inventory.product",
"pk": 219,
"fields": {
"sku": "GIN-007",
"name": "Juniper Forward",
"serial_number": null,
"category": 33,
"cost_price": "2200.00",
"selling_price": "2900.00",
"wholesale_price": "1980.00",
"wholesale_min_qty": 6,
"stock_quantity": 22,
"low_stock_threshold": 6,
"barcode": "",
"description": "Bold juniper gin, 750ml",
"is_active": true,
"created_at": "2025-10-08T09:19:48.132Z",
"updated_at": "2025-10-08T09:19:48.132Z"
}
}, {
"model": "inventory.product",
"pk": 220,
"fields": {
"sku": "GIN-008",
"name": "Citrus Gin",
"serial_number": null,
"category": 33,
"cost_price": "2300.00",
"selling_price": "3100.00",
"wholesale_price": "2070.00",
"wholesale_min_qty": 6,
"stock_quantity": 24,
"low_stock_threshold": 6,
"barcode": "",
"description": "Citrus-forward gin, 750ml",
"is_active": true,
"created_at": "2025-10-08T09:19:48.136Z",
"updated_at": "2025-10-08T09:19:48.136Z"
}
}, {
"model": "inventory.product",
"pk": 221,
"fields": {
"sku": "GIN-009",
"name": "Barrel Aged Gin",
"serial_number": null,
"category": 33,
"cost_price": "2800.00",
"selling_price": "3700.00",
"wholesale_price": "2520.00",
"wholesale_min_qty": 6,
"stock_quantity": 24,
"low_stock_threshold": 6,
"barcode": "",
"description": "Oak-aged gin, 750ml",
"is_active": true,
"created_at": "2025-10-08T09:19:48.141Z",
"updated_at": "2025-10-08T09:19:48.141Z"
}
}, {
"model": "inventory.product",
"pk": 222,
"fields": {
"sku": "GIN-010",
"name": "Small Batch Gin",
"serial_number": null,
"category": 33,
"cost_price": "2700.00",
"selling_price": "3600.00",
"wholesale_price": "2430.00",
"wholesale_min_qty": 6,
"stock_quantity": 23,
"low_stock_threshold": 6,
"barcode": "",
"description": "Artisanal small batch gin, 750ml",
"is_active": true,
"created_at": "2025-10-08T09:19:48.146Z",
"updated_at": "2025-10-08T09:19:48.146Z"
}
}, {
"model": "inventory.product",
"pk": 223,
"fields": {
"sku": "RUM-001",
"name": "White Rum Light",
"serial_number": "",
"category": 34,
"cost_price": "1800.00",
"selling_price": "2400.00",
"wholesale_price": "1620.00",
"wholesale_min_qty": 6,
"stock_quantity": 24,
"low_stock_threshold": 6,
"barcode": "",
"description": "Light white rum, 750ml",
"is_active": true,
"created_at": "2025-10-08T09:19:48.151Z",
"updated_at": "2025-10-11T12:27:27.901Z"
}
}, {
"model": "inventory.product",
"pk": 224,
"fields": {
"sku": "RUM-002",
"name": "Gold Rum",
"serial_number": null,
"category": 34,
"cost_price": "2000.00",
"selling_price": "2700.00",
"wholesale_price": "1800.00",
"wholesale_min_qty": 6,
"stock_quantity": 24,
"low_stock_threshold": 6,
"barcode": "",
"description": "Golden aged rum, 750ml",
"is_active": true,
"created_at": "2025-10-08T09:19:48.155Z",
"updated_at": "2025-10-08T09:19:48.155Z"
}
}, {
"model": "inventory.product",
"pk": 225,
"fields": {
"sku": "RUM-003",
"name": "Dark Rum",
"serial_number": null,
"category": 34,
"cost_price": "2200.00",
"selling_price": "2900.00",
"wholesale_price": "1980.00",
"wholesale_min_qty": 6,
"stock_quantity": 24,
"low_stock_threshold": 6,
"barcode": "",
"description": "Rich dark rum, 750ml",
"is_active": true,
"created_at": "2025-10-08T09:19:48.162Z",
"updated_at": "2025-10-08T09:19:48.162Z"
}
}, {
"model": "inventory.product",
"pk": 226,
"fields": {
"sku": "RUM-004",
"name": "Spiced Rum",
"serial_number": null,
"category": 34,
"cost_price": "2100.00",
"selling_price": "2800.00",
"wholesale_price": "1890.00",
"wholesale_min_qty": 6,
"stock_quantity": 24,
"low_stock_threshold": 6,
"barcode": "",
"description": "Vanilla spiced rum, 750ml",
"is_active": true,
"created_at": "2025-10-08T09:19:48.167Z",
"updated_at": "2025-10-08T09:19:48.167Z"
}
}, {
"model": "inventory.product",
"pk": 227,
"fields": {
"sku": "RUM-005",
"name": "Aged Rum 5YO",
"serial_number": null,
"category": 34,
"cost_price": "2500.00",
"selling_price": "3300.00",
"wholesale_price": "2250.00",
"wholesale_min_qty": 6,
"stock_quantity": 24,
"low_stock_threshold": 6,
"barcode": "",
"description": "5-year-old aged rum, 750ml",
"is_active": true,
"created_at": "2025-10-08T09:19:48.172Z",
"updated_at": "2025-10-08T09:19:48.172Z"
}
}, {
"model": "inventory.product",
"pk": 228,
"fields": {
"sku": "RUM-006",
"name": "Overproof Rum",
"serial_number": null,
"category": 34,
"cost_price": "2300.00",
"selling_price": "3100.00",
"wholesale_price": "2070.00",
"wholesale_min_qty": 6,
"stock_quantity": 24,
"low_stock_threshold": 6,
"barcode": "",
"description": "High-proof white rum, 750ml",
"is_active": true,
"created_at": "2025-10-08T09:19:48.177Z",
"updated_at": "2025-10-08T09:19:48.177Z"
}
}, {
"model": "inventory.product",
"pk": 229,
"fields": {
"sku": "RUM-007",
"name": "Coconut Rum",
"serial_number": null,
"category": 34,
"cost_price": "1900.00",
"selling_price": "2600.00",
"wholesale_price": "1710.00",
"wholesale_min_qty": 6,
"stock_quantity": 24,
"low_stock_threshold": 6,
"barcode": "",
"description": "Coconut infused rum, 750ml",
"is_active": true,
"created_at": "2025-10-08T09:19:48.181Z",
"updated_at": "2025-10-08T09:19:48.181Z"
}
}, {
"model": "inventory.product",
"pk": 230,
"fields": {
"sku": "RUM-008",
"name": "Black Rum",
"serial_number": null,
"category": 34,
"cost_price": "2400.00",
"selling_price": "3200.00",
"wholesale_price": "2160.00",
"wholesale_min_qty": 6,
"stock_quantity": 24,
"low_stock_threshold": 6,
"barcode": "",
"description": "Blackstrap molasses rum, 750ml",
"is_active": true,
"created_at": "2025-10-08T09:19:48.185Z",
"updated_at": "2025-10-08T09:19:48.185Z"
}
}, {
"model": "inventory.product",
"pk": 231,
"fields": {
"sku": "RUM-009",
"name": "Single Estate Rum",
"serial_number": null,
"category": 34,
"cost_price": "2600.00",
"selling_price": "3400.00",
"wholesale_price": "2340.00",
"wholesale_min_qty": 6,
"stock_quantity": 24,
"low_stock_threshold": 6,
"barcode": "",
"description": "Single estate rum, 750ml",
"is_active": true,
"created_at": "2025-10-08T09:19:48.189Z",
"updated_at": "2025-10-08T09:19:48.189Z"
}
}, {
"model": "inventory.product",
"pk": 232,
"fields": {
"sku": "RUM-010",
"name": "Small Batch Rum",
"serial_number": null,
"category": 34,
"cost_price": "2700.00",
"selling_price": "3600.00",
"wholesale_price": "2430.00",
"wholesale_min_qty": 6,
"stock_quantity": 24,
"low_stock_threshold": 6,
"barcode": "",
"description": "Small batch distilled rum, 750ml",
"is_active": true,
"created_at": "2025-10-08T09:19:48.193Z",
"updated_at": "2025-10-08T09:19:48.193Z"
}
}, {
"model": "inventory.product",
"pk": 233,
"fields": {
"sku": "TEQ-001",
"name": "Blanco Tequila",
"serial_number": null,
"category": 35,
"cost_price": "2200.00",
"selling_price": "2900.00",
"wholesale_price": "1980.00",
"wholesale_min_qty": 6,
"stock_quantity": 24,
"low_stock_threshold": 6,
"barcode": "",
"description": "Silver blanco tequila, 750ml",
"is_active": true,
"created_at": "2025-10-08T09:19:48.197Z",
"updated_at": "2025-10-08T09:19:48.197Z"
}
}, {
"model": "inventory.product",
"pk": 234,
"fields": {
"sku": "TEQ-002",
"name": "Reposado Tequila",
"serial_number": null,
"category": 35,
"cost_price": "2400.00",
"selling_price": "3200.00",
"wholesale_price": "2160.00",
"wholesale_min_qty": 6,
"stock_quantity": 24,
"low_stock_threshold": 6,
"barcode": "",
"description": "Rested reposado tequila, 750ml",
"is_active": true,
"created_at": "2025-10-08T09:19:48.201Z",
"updated_at": "2025-10-08T09:19:48.201Z"
}
}, {
"model": "inventory.product",
"pk": 235,
"fields": {
"sku": "TEQ-003",
"name": "Aejo Tequila",
"serial_number": null,
"category": 35,
"cost_price": "2800.00",
"selling_price": "3700.00",
"wholesale_price": "2520.00",
"wholesale_min_qty": 6,
"stock_quantity": 24,
"low_stock_threshold": 6,
"barcode": "",
"description": "Aged aejo tequila, 750ml",
"is_active": true,
"created_at": "2025-10-08T09:19:48.205Z",
"updated_at": "2025-10-08T09:19:48.205Z"
}
}, {
"model": "inventory.product",
"pk": 236,
"fields": {
"sku": "TEQ-004",
"name": "Extra Aejo",
"serial_number": null,
"category": 35,
"cost_price": "3500.00",
"selling_price": "4600.00",
"wholesale_price": "3150.00",
"wholesale_min_qty": 6,
"stock_quantity": 24,
"low_stock_threshold": 6,
"barcode": "",
"description": "Extra aged tequila, 750ml",
"is_active": true,
"created_at": "2025-10-08T09:19:48.209Z",
"updated_at": "2025-10-08T09:19:48.209Z"
}
}, {
"model": "inventory.product",
"pk": 237,
"fields": {
"sku": "TEQ-005",
"name": "Joven Tequila",
"serial_number": null,
"category": 35,
"cost_price": "2300.00",
"selling_price": "3100.00",
"wholesale_price": "2070.00",
"wholesale_min_qty": 6,
"stock_quantity": 24,
"low_stock_threshold": 6,
"barcode": "",
"description": "Gold joven tequila, 750ml",
"is_active": true,
"created_at": "2025-10-08T09:19:48.213Z",
"updated_at": "2025-10-08T09:19:48.213Z"
}
}, {
"model": "inventory.product",
"pk": 238,
"fields": {
"sku": "TEQ-006",
"name": "Cristalino Tequila",
"serial_number": null,
"category": 35,
"cost_price": "2600.00",
"selling_price": "3400.00",
"wholesale_price": "2340.00",
"wholesale_min_qty": 6,
"stock_quantity": 24,
"low_stock_threshold": 6,
"barcode": "",
"description": "Crystal clear tequila, 750ml",
"is_active": true,
"created_at": "2025-10-08T09:19:48.217Z",
"updated_at": "2025-10-08T09:19:48.217Z"
}
}, {
"model": "inventory.product",
"pk": 239,
"fields": {
"sku": "TEQ-007",
"name": "Highland Tequila",
"serial_number": null,
"category": 35,
"cost_price": "2500.00",
"selling_price": "3300.00",
"wholesale_price": "2250.00",
"wholesale_min_qty": 6,
"stock_quantity": 24,
"low_stock_threshold": 6,
"barcode": "",
"description": "Highland agave tequila, 750ml",
"is_active": true,
"created_at": "2025-10-08T09:19:48.221Z",
"updated_at": "2025-10-08T09:19:48.221Z"
}
}, {
"model": "inventory.product",
"pk": 240,
"fields": {
"sku": "TEQ-008",
"name": "Lowland Tequila",
"serial_number": null,
"category": 35,
"cost_price": "2200.00",
"selling_price": "2900.00",
"wholesale_price": "1980.00",
"wholesale_min_qty": 6,
"stock_quantity": 24,
"low_stock_threshold": 6,
"barcode": "",
"description": "Lowland agave tequila, 750ml",
"is_active": true,
"created_at": "2025-10-08T09:19:48.225Z",
"updated_at": "2025-10-08T09:19:48.225Z"
}
}, {
"model": "inventory.product",
"pk": 241,
"fields": {
"sku": "TEQ-009",
"name": "Organic Tequila",
"serial_number": null,
"category": 35,
"cost_price": "2700.00",
"selling_price": "3600.00",
"wholesale_price": "2430.00",
"wholesale_min_qty": 6,
"stock_quantity": 24,
"low_stock_threshold": 6,
"barcode": "",
"description": "Organic agave tequila, 750ml",
"is_active": true,
"created_at": "2025-10-08T09:19:48.229Z",
"updated_at": "2025-10-08T09:19:48.229Z"
}
}, {
"model": "inventory.product",
"pk": 242,
"fields": {
"sku": "TEQ-010",
"name": "Small Batch Tequila",
"serial_number": null,
"category": 35,
"cost_price": "2900.00",
"selling_price": "3800.00",
"wholesale_price": "2610.00",
"wholesale_min_qty": 6,
"stock_quantity": 24,
"low_stock_threshold": 6,
"barcode": "",
"description": "Small batch tequila, 750ml",
"is_active": true,
"created_at": "2025-10-08T09:19:48.232Z",
"updated_at": "2025-10-08T09:19:48.232Z"
}
}, {
"model": "inventory.product",
"pk": 243,
"fields": {
"sku": "BRD-001",
"name": "Cognac VS",
"serial_number": null,
"category": 36,
"cost_price": "3500.00",
"selling_price": "4500.00",
"wholesale_price": "3150.00",
"wholesale_min_qty": 6,
"stock_quantity": 21,
"low_stock_threshold": 6,
"barcode": "",
"description": "Very special cognac, 750ml",
"is_active": true,
"created_at": "2025-10-08T09:19:48.236Z",
"updated_at": "2025-10-08T09:19:48.236Z"
}
}, {
"model": "inventory.product",
"pk": 244,
"fields": {
"sku": "BRD-002",
"name": "Cognac VSOP",
"serial_number": null,
"category": 36,
"cost_price": "4200.00",
"selling_price": "5500.00",
"wholesale_price": "3780.00",
"wholesale_min_qty": 6,
"stock_quantity": 22,
"low_stock_threshold": 6,
"barcode": "",
"description": "Very superior old pale cognac, 750ml",
"is_active": true,
"created_at": "2025-10-08T09:19:48.239Z",
"updated_at": "2025-10-08T09:19:48.240Z"
}
}, {
"model": "inventory.product",
"pk": 245,
"fields": {
"sku": "BRD-003",
"name": "Cognac XO",
"serial_number": null,
"category": 36,
"cost_price": "5500.00",
"selling_price": "7200.00",
"wholesale_price": "4950.00",
"wholesale_min_qty": 6,
"stock_quantity": 23,
"low_stock_threshold": 6,
"barcode": "",
"description": "Extra old cognac, 750ml",
"is_active": true,
"created_at": "2025-10-08T09:19:48.247Z",
"updated_at": "2025-10-08T09:19:48.247Z"
}
}, {
"model": "inventory.product",
"pk": 246,
"fields": {
"sku": "BRD-004",
"name": "Armagnac VSOP",
"serial_number": null,
"category": 36,
"cost_price": "3800.00",
"selling_price": "5000.00",
"wholesale_price": "3420.00",
"wholesale_min_qty": 6,
"stock_quantity": 23,
"low_stock_threshold": 6,
"barcode": "",
"description": "Armagnac brandy, 750ml",
"is_active": true,
"created_at": "2025-10-08T09:19:48.251Z",
"updated_at": "2025-10-08T09:19:48.251Z"
}
}, {
"model": "inventory.product",
"pk": 247,
"fields": {
"sku": "BRD-005",
"name": "Spanish Brandy",
"serial_number": null,
"category": 36,
"cost_price": "2200.00",
"selling_price": "2900.00",
"wholesale_price": "1980.00",
"wholesale_min_qty": 6,
"stock_quantity": 23,
"low_stock_threshold": 6,
"barcode": "",
"description": "Solera system brandy, 750ml",
"is_active": true,
"created_at": "2025-10-08T09:19:48.255Z",
"updated_at": "2025-10-08T09:19:48.255Z"
}
}, {
"model": "inventory.product",
"pk": 248,
"fields": {
"sku": "BRD-006",
"name": "Apple Brandy",
"serial_number": null,
"category": 36,
"cost_price": "2400.00",
"selling_price": "3200.00",
"wholesale_price": "2160.00",
"wholesale_min_qty": 6,
"stock_quantity": 22,
"low_stock_threshold": 6,
"barcode": "",
"description": "Calvados apple brandy, 750ml",
"is_active": true,
"created_at": "2025-10-08T09:19:48.259Z",
"updated_at": "2025-10-08T09:19:48.259Z"
}
}, {
"model": "inventory.product",
"pk": 249,
"fields": {
"sku": "BRD-007",
"name": "Pisco Brandy",
"serial_number": null,
"category": 36,
"cost_price": "2000.00",
"selling_price": "2700.00",
"wholesale_price": "1800.00",
"wholesale_min_qty": 6,
"stock_quantity": 23,
"low_stock_threshold": 6,
"barcode": "",
"description": "Peruvian pisco, 750ml",
"is_active": true,
"created_at": "2025-10-08T09:19:48.263Z",
"updated_at": "2025-10-08T09:19:48.263Z"
}
}, {
"model": "inventory.product",
"pk": 250,
"fields": {
"sku": "BRD-008",
"name": "Fruit Brandy",
"serial_number": null,
"category": 36,
"cost_price": "2300.00",
"selling_price": "3100.00",
"wholesale_price": "2070.00",
"wholesale_min_qty": 6,
"stock_quantity": 23,
"low_stock_threshold": 6,
"barcode": "",
"description": "Plum fruit brandy, 750ml",
"is_active": true,
"created_at": "2025-10-08T09:19:48.266Z",
"updated_at": "2025-10-08T09:19:48.266Z"
}
}, {
"model": "inventory.product",
"pk": 251,
"fields": {
"sku": "BRD-009",
"name": "Grape Brandy",
"serial_number": null,
"category": 36,
"cost_price": "2100.00",
"selling_price": "2800.00",
"wholesale_price": "1890.00",
"wholesale_min_qty": 6,
"stock_quantity": 23,
"low_stock_threshold": 6,
"barcode": "",
"description": "Pure grape brandy, 750ml",
"is_active": true,
"created_at": "2025-10-08T09:19:48.271Z",
"updated_at": "2025-10-08T09:19:48.271Z"
}
}, {
"model": "inventory.product",
"pk": 252,
"fields": {
"sku": "BRD-010",
"name": "Aged Brandy",
"serial_number": null,
"category": 36,
"cost_price": "2600.00",
"selling_price": "3400.00",
"wholesale_price": "2340.00",
"wholesale_min_qty": 6,
"stock_quantity": 21,
"low_stock_threshold": 6,
"barcode": "",
"description": "Oak-aged brandy, 750ml",
"is_active": true,
"created_at": "2025-10-08T09:19:48.275Z",
"updated_at": "2025-10-11T07:55:44.959Z"
}
}, {
"model": "inventory.batch",
"pk": 25,
"fields": {
"product": 252,
"batch_number": "1",
"quantity": 0,
"cost_price": null,
"expiry_date": null,
"purchase_date": "2025-10-10",
"supplier": 13,
"purchase_order_item": 29,
"status": "received",
"received_date": "2025-10-10"
}
}, {
"model": "inventory.batch",
"pk": 26,
"fields": {
"product": 159,
"batch_number": "1",
"quantity": 0,
"cost_price": null,
"expiry_date": null,
"purchase_date": "2025-10-10",
"supplier": 13,
"purchase_order_item": 30,
"status": "received",
"received_date": "2025-10-10"
}
}, {
"model": "inventory.batch",
"pk": 27,
"fields": {
"product": 190,
"batch_number": "1",
"quantity": 1,
"cost_price": null,
"expiry_date": null,
"purchase_date": "2025-10-10",
"supplier": 13,
"purchase_order_item": 31,
"status": "received",
"received_date": "2025-10-10"
}
}, {
"model": "inventory.batch",
"pk": 28,
"fields": {
"product": 184,
"batch_number": "1",
"quantity": 0,
"cost_price": null,
"expiry_date": null,
"purchase_date": "2025-10-10",
"supplier": 13,
"purchase_order_item": 32,
"status": "received",
"received_date": "2025-10-10"
}
}, {
"model": "inventory.batch",
"pk": 29,
"fields": {
"product": 252,
"batch_number": "12",
"quantity": 21,
"cost_price": null,
"expiry_date": null,
"purchase_date": "2025-10-10",
"supplier": 15,
"purchase_order_item": 33,
"status": "received",
"received_date": "2025-10-11"
}
}, {
"model": "inventory.batch",
"pk": 30,
"fields": {
"product": 154,
"batch_number": "1",
"quantity": 0,
"cost_price": null,
"expiry_date": null,
"purchase_date": "2025-10-11",
"supplier": 15,
"purchase_order_item": 49,
"status": "received",
"received_date": "2025-10-11"
}
}, {
"model": "inventory.batch",
"pk": 31,
"fields": {
"product": 154,
"batch_number": "11",
"quantity": 0,
"cost_price": null,
"expiry_date": null,
"purchase_date": "2025-10-11",
"supplier": 15,
"purchase_order_item": 43,
"status": "received",
"received_date": "2025-10-11"
}
}, {
"model": "inventory.batch",
"pk": 32,
"fields": {
"product": 159,
"batch_number": "1",
"quantity": 0,
"cost_price": null,
"expiry_date": null,
"purchase_date": "2025-10-11",
"supplier": 15,
"purchase_order_item": 44,
"status": "received",
"received_date": "2025-10-11"
}
}, {
"model": "inventory.batch",
"pk": 33,
"fields": {
"product": 157,
"batch_number": "1",
"quantity": 0,
"cost_price": null,
"expiry_date": null,
"purchase_date": "2025-10-11",
"supplier": 15,
"purchase_order_item": 45,
"status": "received",
"received_date": "2025-10-11"
}
}, {
"model": "inventory.batch",
"pk": 34,
"fields": {
"product": 159,
"batch_number": "10",
"quantity": 8,
"cost_price": null,
"expiry_date": null,
"purchase_date": "2025-10-11",
"supplier": 13,
"purchase_order_item": 59,
"status": "received",
"received_date": "2025-10-11"
}
}, {
"model": "inventory.batch",
"pk": 35,
"fields": {
"product": 154,
"batch_number": "10",
"quantity": 10,
"cost_price": null,
"expiry_date": null,
"purchase_date": "2025-10-11",
"supplier": 13,
"purchase_order_item": 60,
"status": "received",
"received_date": "2025-10-11"
}
}, {
"model": "inventory.stockmovement",
"pk": 154,
"fields": {
"product": 162,
"movement_type": "out",
"quantity": -1,
"reason": "Sale POS-1759915266632 - No batch tracking",
"created_at": "2025-10-08T09:21:06.680Z",
"user": 3
}
}, {
"model": "inventory.stockmovement",
"pk": 155,
"fields": {
"product": 153,
"movement_type": "out",
"quantity": -1,
"reason": "Sale POS-1759915266632 - No batch tracking",
"created_at": "2025-10-08T09:21:06.694Z",
"user": 3
}
}, {
"model": "inventory.stockmovement",
"pk": 156,
"fields": {
"product": 172,
"movement_type": "out",
"quantity": -1,
"reason": "Sale POS-1759915312503 - No batch tracking",
"created_at": "2025-10-08T09:21:52.544Z",
"user": 3
}
}, {
"model": "inventory.stockmovement",
"pk": 157,
"fields": {
"product": 166,
"movement_type": "out",
"quantity": -1,
"reason": "Sale POS-1759915312503 - No batch tracking",
"created_at": "2025-10-08T09:21:52.547Z",
"user": 3
}
}, {
"model": "inventory.stockmovement",
"pk": 158,
"fields": {
"product": 161,
"movement_type": "out",
"quantity": -1,
"reason": "Sale POS-1759915312503 - No batch tracking",
"created_at": "2025-10-08T09:21:52.549Z",
"user": 3
}
}, {
"model": "inventory.stockmovement",
"pk": 159,
"fields": {
"product": 156,
"movement_type": "out",
"quantity": -1,
"reason": "Sale POS-1759915312503 - No batch tracking",
"created_at": "2025-10-08T09:21:52.552Z",
"user": 3
}
}, {
"model": "inventory.stockmovement",
"pk": 160,
"fields": {
"product": 252,
"movement_type": "out",
"quantity": -24,
"reason": "Sale POS-1759916413960 - No batch tracking",
"created_at": "2025-10-08T09:40:14.000Z",
"user": 3
}
}, {
"model": "inventory.stockmovement",
"pk": 161,
"fields": {
"product": 159,
"movement_type": "out",
"quantity": -24,
"reason": "Sale POS-1759917347761 - No batch tracking",
"created_at": "2025-10-08T09:55:47.807Z",
"user": 3
}
}, {
"model": "inventory.stockmovement",
"pk": 162,
"fields": {
"product": 154,
"movement_type": "out",
"quantity": -6,
"reason": "Sale POS-1759922802875 - No batch tracking",
"created_at": "2025-10-08T11:26:42.904Z",
"user": 3
}
}, {
"model": "inventory.stockmovement",
"pk": 163,
"fields": {
"product": 157,
"movement_type": "out",
"quantity": -6,
"reason": "Sale POS-1759922802875 - No batch tracking",
"created_at": "2025-10-08T11:26:42.907Z",
"user": 3
}
}, {
"model": "inventory.stockmovement",
"pk": 164,
"fields": {
"product": 162,
"movement_type": "out",
"quantity": -6,
"reason": "Sale POS-1759922802875 - No batch tracking",
"created_at": "2025-10-08T11:26:42.909Z",
"user": 3
}
}, {
"model": "inventory.stockmovement",
"pk": 165,
"fields": {
"product": 154,
"movement_type": "out",
"quantity": -18,
"reason": "Sale POS-1759922874276 - No batch tracking",
"created_at": "2025-10-08T11:27:54.332Z",
"user": 3
}
}, {
"model": "inventory.stockmovement",
"pk": 166,
"fields": {
"product": 157,
"movement_type": "out",
"quantity": -1,
"reason": "Sale POS-1759922874276 - No batch tracking",
"created_at": "2025-10-08T11:27:54.342Z",
"user": 3
}
}, {
"model": "inventory.stockmovement",
"pk": 167,
"fields": {
"product": 156,
"movement_type": "out",
"quantity": -1,
"reason": "Sale POS-1759923109428 - No batch tracking",
"created_at": "2025-10-08T11:31:49.476Z",
"user": 3
}
}, {
"model": "inventory.stockmovement",
"pk": 168,
"fields": {
"product": 207,
"movement_type": "out",
"quantity": -1,
"reason": "Sale POS-1759929964532 - No batch tracking",
"created_at": "2025-10-08T13:26:04.567Z",
"user": 3
}
}, {
"model": "inventory.stockmovement",
"pk": 169,
"fields": {
"product": 157,
"movement_type": "out",
"quantity": -1,
"reason": "Sale POS-1759930070486 - No batch tracking",
"created_at": "2025-10-08T13:27:50.530Z",
"user": 3
}
}, {
"model": "inventory.stockmovement",
"pk": 170,
"fields": {
"product": 174,
"movement_type": "out",
"quantity": -1,
"reason": "Sale POS-1759930361150 - No batch tracking",
"created_at": "2025-10-08T13:32:41.214Z",
"user": 3
}
}, {
"model": "inventory.stockmovement",
"pk": 171,
"fields": {
"product": 162,
"movement_type": "out",
"quantity": -1,
"reason": "Sale POS-1759930361150 - No batch tracking",
"created_at": "2025-10-08T13:32:41.227Z",
"user": 3
}
}, {
"model": "inventory.stockmovement",
"pk": 172,
"fields": {
"product": 246,
"movement_type": "out",
"quantity": -1,
"reason": "Sale POS-1759930484794 - No batch tracking",
"created_at": "2025-10-08T13:34:44.839Z",
"user": 3
}
}, {
"model": "inventory.stockmovement",
"pk": 173,
"fields": {
"product": 248,
"movement_type": "out",
"quantity": -1,
"reason": "Sale POS-1759930484794 - No batch tracking",
"created_at": "2025-10-08T13:34:44.849Z",
"user": 3
}
}, {
"model": "inventory.stockmovement",
"pk": 174,
"fields": {
"product": 244,
"movement_type": "out",
"quantity": -1,
"reason": "Sale POS-1759930484794 - No batch tracking",
"created_at": "2025-10-08T13:34:44.858Z",
"user": 3
}
}, {
"model": "inventory.stockmovement",
"pk": 175,
"fields": {
"product": 243,
"movement_type": "out",
"quantity": -1,
"reason": "Sale POS-1759930484794 - No batch tracking",
"created_at": "2025-10-08T13:34:44.870Z",
"user": 3
}
}, {
"model": "inventory.stockmovement",
"pk": 176,
"fields": {
"product": 161,
"movement_type": "out",
"quantity": -1,
"reason": "Sale POS-1760082288072 - No batch tracking",
"created_at": "2025-10-10T07:44:48.133Z",
"user": 3
}
}, {
"model": "inventory.stockmovement",
"pk": 177,
"fields": {
"product": 158,
"movement_type": "out",
"quantity": -1,
"reason": "Sale POS-1760082671247 - No batch tracking",
"created_at": "2025-10-10T07:51:11.632Z",
"user": 3
}
}, {
"model": "inventory.stockmovement",
"pk": 178,
"fields": {
"product": 161,
"movement_type": "out",
"quantity": -1,
"reason": "Sale POS-1760082689002 - No batch tracking",
"created_at": "2025-10-10T07:51:29.024Z",
"user": 3
}
}, {
"model": "inventory.stockmovement",
"pk": 179,
"fields": {
"product": 157,
"movement_type": "out",
"quantity": -2,
"reason": "Sale POS-1760082905512 - No batch tracking",
"created_at": "2025-10-10T07:55:05.550Z",
"user": 3
}
}, {
"model": "inventory.stockmovement",
"pk": 180,
"fields": {
"product": 158,
"movement_type": "out",
"quantity": -1,
"reason": "Sale POS-1760082941176 - No batch tracking",
"created_at": "2025-10-10T07:55:41.235Z",
"user": 3
}
}, {
"model": "inventory.stockmovement",
"pk": 181,
"fields": {
"product": 157,
"movement_type": "out",
"quantity": -1,
"reason": "Sale POS-1760083323207 - No batch tracking",
"created_at": "2025-10-10T08:02:03.241Z",
"user": 3
}
}, {
"model": "inventory.stockmovement",
"pk": 182,
"fields": {
"product": 157,
"movement_type": "out",
"quantity": -1,
"reason": "Sale POS-1760083709712 - No batch tracking",
"created_at": "2025-10-10T08:08:30.117Z",
"user": 3
}
}, {
"model": "inventory.stockmovement",
"pk": 183,
"fields": {
"product": 179,
"movement_type": "out",
"quantity": -6,
"reason": "Sale POS-1760083779697 - No batch tracking",
"created_at": "2025-10-10T08:09:39.793Z",
"user": 3
}
}, {
"model": "inventory.stockmovement",
"pk": 184,
"fields": {
"product": 174,
"movement_type": "out",
"quantity": -6,
"reason": "Sale POS-1760083779697 - No batch tracking",
"created_at": "2025-10-10T08:09:39.802Z",
"user": 3
}
}, {
"model": "inventory.stockmovement",
"pk": 185,
"fields": {
"product": 181,
"movement_type": "out",
"quantity": -6,
"reason": "Sale POS-1760083779697 - No batch tracking",
"created_at": "2025-10-10T08:09:39.808Z",
"user": 3
}
}, {
"model": "inventory.stockmovement",
"pk": 186,
"fields": {
"product": 182,
"movement_type": "out",
"quantity": -6,
"reason": "Sale POS-1760083779697 - No batch tracking",
"created_at": "2025-10-10T08:09:39.815Z",
"user": 3
}
}, {
"model": "inventory.stockmovement",
"pk": 187,
"fields": {
"product": 180,
"movement_type": "out",
"quantity": -6,
"reason": "Sale POS-1760083779697 - No batch tracking",
"created_at": "2025-10-10T08:09:39.820Z",
"user": 3
}
}, {
"model": "inventory.stockmovement",
"pk": 188,
"fields": {
"product": 177,
"movement_type": "out",
"quantity": -7,
"reason": "Sale POS-1760083779697 - No batch tracking",
"created_at": "2025-10-10T08:09:39.824Z",
"user": 3
}
}, {
"model": "inventory.stockmovement",
"pk": 189,
"fields": {
"product": 176,
"movement_type": "out",
"quantity": -6,
"reason": "Sale POS-1760083779697 - No batch tracking",
"created_at": "2025-10-10T08:09:39.828Z",
"user": 3
}
}, {
"model": "inventory.stockmovement",
"pk": 190,
"fields": {
"product": 175,
"movement_type": "out",
"quantity": -6,
"reason": "Sale POS-1760083779697 - No batch tracking",
"created_at": "2025-10-10T08:09:39.833Z",
"user": 3
}
}, {
"model": "inventory.stockmovement",
"pk": 191,
"fields": {
"product": 157,
"movement_type": "out",
"quantity": -1,
"reason": "Sale POS-1760083974549 - No batch tracking",
"created_at": "2025-10-10T08:12:54.590Z",
"user": 3
}
}, {
"model": "inventory.stockmovement",
"pk": 192,
"fields": {
"product": 252,
"movement_type": "in",
"quantity": 1,
"reason": "Batch 1 received",
"created_at": "2025-10-10T14:35:19.926Z",
"user": null
}
}, {
"model": "inventory.stockmovement",
"pk": 193,
"fields": {
"product": 159,
"movement_type": "in",
"quantity": 1,
"reason": "Batch 1 received",
"created_at": "2025-10-10T14:35:20.090Z",
"user": null
}
}, {
"model": "inventory.stockmovement",
"pk": 194,
"fields": {
"product": 190,
"movement_type": "in",
"quantity": 1,
"reason": "Batch 1 received",
"created_at": "2025-10-10T14:35:20.207Z",
"user": null
}
}, {
"model": "inventory.stockmovement",
"pk": 195,
"fields": {
"product": 184,
"movement_type": "in",
"quantity": 1,
"reason": "Batch 1 received",
"created_at": "2025-10-10T14:35:20.322Z",
"user": null
}
}, {
"model": "inventory.stockmovement",
"pk": 196,
"fields": {
"product": 252,
"movement_type": "in",
"quantity": 21,
"reason": "Batch 12 received",
"created_at": "2025-10-11T07:55:44.980Z",
"user": null
}
}, {
"model": "inventory.stockmovement",
"pk": 197,
"fields": {
"product": 154,
"movement_type": "in",
"quantity": 1,
"reason": "Batch 1 received",
"created_at": "2025-10-11T09:54:58.954Z",
"user": null
}
}, {
"model": "inventory.stockmovement",
"pk": 198,
"fields": {
"product": 154,
"movement_type": "in",
"quantity": 7,
"reason": "Batch 11 received",
"created_at": "2025-10-11T10:01:57.004Z",
"user": null
}
}, {
"model": "inventory.stockmovement",
"pk": 199,
"fields": {
"product": 159,
"movement_type": "in",
"quantity": 1,
"reason": "Batch 1 received",
"created_at": "2025-10-11T10:01:57.108Z",
"user": null
}
}, {
"model": "inventory.stockmovement",
"pk": 200,
"fields": {
"product": 157,
"movement_type": "in",
"quantity": 1,
"reason": "Batch 1 received",
"created_at": "2025-10-11T10:01:57.163Z",
"user": null
}
}, {
"model": "inventory.stockmovement",
"pk": 201,
"fields": {
"product": 159,
"movement_type": "in",
"quantity": 10,
"reason": "Batch 10 received",
"created_at": "2025-10-11T10:04:44.628Z",
"user": null
}
}, {
"model": "inventory.stockmovement",
"pk": 202,
"fields": {
"product": 154,
"movement_type": "in",
"quantity": 10,
"reason": "Batch 10 received",
"created_at": "2025-10-11T10:04:44.667Z",
"user": null
}
}, {
"model": "inventory.stockmovement",
"pk": 203,
"fields": {
"product": 244,
"movement_type": "out",
"quantity": -1,
"reason": "Sale POS-1760186049298 - No batch tracking",
"created_at": "2025-10-11T12:34:09.353Z",
"user": 3
}
}, {
"model": "inventory.stockmovement",
"pk": 204,
"fields": {
"product": 243,
"movement_type": "out",
"quantity": -1,
"reason": "Sale POS-1760186049298 - No batch tracking",
"created_at": "2025-10-11T12:34:09.357Z",
"user": 3
}
}, {
"model": "inventory.stockmovement",
"pk": 205,
"fields": {
"product": 154,
"movement_type": "out",
"quantity": -1,
"reason": "Sale POS-1760186747809 - Batch 1",
"created_at": "2025-10-11T12:45:47.844Z",
"user": 3
}
}, {
"model": "inventory.stockmovement",
"pk": 206,
"fields": {
"product": 157,
"movement_type": "out",
"quantity": -1,
"reason": "Sale POS-1760186747809 - Batch 1",
"created_at": "2025-10-11T12:45:47.848Z",
"user": 3
}
}, {
"model": "inventory.stockmovement",
"pk": 207,
"fields": {
"product": 159,
"movement_type": "out",
"quantity": -1,
"reason": "Sale POS-1760186770842 - Batch 1",
"created_at": "2025-10-11T12:46:10.868Z",
"user": 3
}
}, {
"model": "inventory.stockmovement",
"pk": 208,
"fields": {
"product": 158,
"movement_type": "out",
"quantity": -1,
"reason": "Sale POS-1760186800120 - No batch tracking",
"created_at": "2025-10-11T12:46:40.227Z",
"user": 3
}
}, {
"model": "inventory.stockmovement",
"pk": 209,
"fields": {
"product": 161,
"movement_type": "out",
"quantity": -1,
"reason": "Sale POS-1760186800120 - No batch tracking",
"created_at": "2025-10-11T12:46:40.250Z",
"user": 3
}
}, {
"model": "inventory.stockmovement",
"pk": 210,
"fields": {
"product": 156,
"movement_type": "out",
"quantity": -1,
"reason": "Sale POS-1760186800120 - No batch tracking",
"created_at": "2025-10-11T12:46:40.259Z",
"user": 3
}
}, {
"model": "inventory.stockmovement",
"pk": 211,
"fields": {
"product": 167,
"movement_type": "out",
"quantity": -1,
"reason": "Sale POS-1760186800120 - No batch tracking",
"created_at": "2025-10-11T12:46:40.269Z",
"user": 3
}
}, {
"model": "inventory.stockmovement",
"pk": 212,
"fields": {
"product": 167,
"movement_type": "out",
"quantity": -1,
"reason": "Sale POS-1760264851866 - No batch tracking",
"created_at": "2025-10-12T10:27:32.457Z",
"user": 3
}
}, {
"model": "inventory.stockmovement",
"pk": 213,
"fields": {
"product": 163,
"movement_type": "out",
"quantity": -1,
"reason": "Sale POS-1760264851866 - No batch tracking",
"created_at": "2025-10-12T10:27:32.473Z",
"user": 3
}
}, {
"model": "inventory.stockmovement",
"pk": 214,
"fields": {
"product": 213,
"movement_type": "out",
"quantity": -2,
"reason": "Sale POS-1760273284983 - No batch tracking",
"created_at": "2025-10-12T12:48:05.751Z",
"user": 3
}
}, {
"model": "inventory.stockmovement",
"pk": 215,
"fields": {
"product": 219,
"movement_type": "out",
"quantity": -1,
"reason": "Sale POS-1760273284983 - No batch tracking",
"created_at": "2025-10-12T12:48:05.766Z",
"user": 3
}
}, {
"model": "inventory.stockmovement",
"pk": 216,
"fields": {
"product": 222,
"movement_type": "out",
"quantity": -1,
"reason": "Sale POS-1760273355430 - No batch tracking",
"created_at": "2025-10-12T12:49:16.058Z",
"user": 3
}
}, {
"model": "inventory.stockmovement",
"pk": 217,
"fields": {
"product": 216,
"movement_type": "out",
"quantity": -1,
"reason": "Sale POS-1760273355430 - No batch tracking",
"created_at": "2025-10-12T12:49:16.072Z",
"user": 3
}
}, {
"model": "inventory.stockmovement",
"pk": 218,
"fields": {
"product": 154,
"movement_type": "out",
"quantity": -1,
"reason": "Sale POS-1760877868340 - Batch 11",
"created_at": "2025-10-19T12:44:28.398Z",
"user": 3
}
}, {
"model": "inventory.stockmovement",
"pk": 219,
"fields": {
"product": 157,
"movement_type": "out",
"quantity": -1,
"reason": "Sale POS-1760877868340 - No batch tracking",
"created_at": "2025-10-19T12:44:28.404Z",
"user": 3
}
}, {
"model": "inventory.stockmovement",
"pk": 220,
"fields": {
"product": 154,
"movement_type": "out",
"quantity": -1,
"reason": "Sale POS-1760878065974 - Batch 11",
"created_at": "2025-10-19T12:47:46.033Z",
"user": 3
}
}, {
"model": "inventory.stockmovement",
"pk": 221,
"fields": {
"product": 157,
"movement_type": "out",
"quantity": -1,
"reason": "Sale POS-1760878065974 - No batch tracking",
"created_at": "2025-10-19T12:47:46.036Z",
"user": 3
}
}, {
"model": "inventory.stockmovement",
"pk": 222,
"fields": {
"product": 162,
"movement_type": "out",
"quantity": -1,
"reason": "Sale POS-1760878065974 - No batch tracking",
"created_at": "2025-10-19T12:47:46.041Z",
"user": 3
}
}, {
"model": "inventory.stockmovement",
"pk": 223,
"fields": {
"product": 153,
"movement_type": "out",
"quantity": -1,
"reason": "Sale POS-1760878065974 - No batch tracking",
"created_at": "2025-10-19T12:47:46.044Z",
"user": 3
}
}, {
"model": "inventory.stockmovement",
"pk": 224,
"fields": {
"product": 159,
"movement_type": "out",
"quantity": -1,
"reason": "Sale POS-1760878065974 - Batch 1",
"created_at": "2025-10-19T12:47:46.047Z",
"user": 3
}
}, {
"model": "inventory.stockmovement",
"pk": 225,
"fields": {
"product": 155,
"movement_type": "out",
"quantity": -1,
"reason": "Sale POS-1760878065974 - No batch tracking",
"created_at": "2025-10-19T12:47:46.050Z",
"user": 3
}
}, {
"model": "inventory.stockmovement",
"pk": 226,
"fields": {
"product": 160,
"movement_type": "out",
"quantity": -1,
"reason": "Sale POS-1760878065974 - No batch tracking",
"created_at": "2025-10-19T12:47:46.052Z",
"user": 3
}
}, {
"model": "inventory.stockmovement",
"pk": 227,
"fields": {
"product": 156,
"movement_type": "out",
"quantity": -1,
"reason": "Sale POS-1760878065974 - No batch tracking",
"created_at": "2025-10-19T12:47:46.058Z",
"user": 3
}
}, {
"model": "inventory.stockmovement",
"pk": 228,
"fields": {
"product": 161,
"movement_type": "out",
"quantity": -1,
"reason": "Sale POS-1760878065974 - No batch tracking",
"created_at": "2025-10-19T12:47:46.060Z",
"user": 3
}
}, {
"model": "inventory.stockmovement",
"pk": 229,
"fields": {
"product": 158,
"movement_type": "out",
"quantity": -1,
"reason": "Sale POS-1760878065974 - No batch tracking",
"created_at": "2025-10-19T12:47:46.063Z",
"user": 3
}
}, {
"model": "inventory.stockmovement",
"pk": 230,
"fields": {
"product": 154,
"movement_type": "out",
"quantity": -1,
"reason": "Sale POS-1760881077415 - Batch 11",
"created_at": "2025-10-19T13:37:57.442Z",
"user": 3
}
}, {
"model": "inventory.stockmovement",
"pk": 231,
"fields": {
"product": 157,
"movement_type": "out",
"quantity": -1,
"reason": "Sale POS-1760881077415 - No batch tracking",
"created_at": "2025-10-19T13:37:57.446Z",
"user": 3
}
}, {
"model": "inventory.stockmovement",
"pk": 232,
"fields": {
"product": 161,
"movement_type": "out",
"quantity": -1,
"reason": "Sale POS-1760881077415 - No batch tracking",
"created_at": "2025-10-19T13:37:57.449Z",
"user": 3
}
}, {
"model": "inventory.stockmovement",
"pk": 233,
"fields": {
"product": 154,
"movement_type": "out",
"quantity": -1,
"reason": "Sale POS-1760881177565 - Batch 11",
"created_at": "2025-10-19T13:39:37.592Z",
"user": 3
}
}, {
"model": "inventory.stockmovement",
"pk": 234,
"fields": {
"product": 157,
"movement_type": "out",
"quantity": -1,
"reason": "Sale POS-1760881177565 - No batch tracking",
"created_at": "2025-10-19T13:39:37.593Z",
"user": 3
}
}, {
"model": "inventory.stockmovement",
"pk": 235,
"fields": {
"product": 162,
"movement_type": "out",
"quantity": -1,
"reason": "Sale POS-1760881177565 - No batch tracking",
"created_at": "2025-10-19T13:39:37.594Z",
"user": 3
}
}, {
"model": "inventory.stockmovement",
"pk": 236,
"fields": {
"product": 153,
"movement_type": "out",
"quantity": -1,
"reason": "Sale POS-1760881177565 - No batch tracking",
"created_at": "2025-10-19T13:39:37.596Z",
"user": 3
}
}, {
"model": "inventory.stockmovement",
"pk": 237,
"fields": {
"product": 160,
"movement_type": "out",
"quantity": -1,
"reason": "Sale POS-1760881177565 - No batch tracking",
"created_at": "2025-10-19T13:39:37.597Z",
"user": 3
}
}, {
"model": "inventory.stockmovement",
"pk": 238,
"fields": {
"product": 155,
"movement_type": "out",
"quantity": -1,
"reason": "Sale POS-1760881177565 - No batch tracking",
"created_at": "2025-10-19T13:39:37.598Z",
"user": 3
}
}, {
"model": "inventory.stockmovement",
"pk": 239,
"fields": {
"product": 175,
"movement_type": "out",
"quantity": -1,
"reason": "Sale POS-1760881177565 - No batch tracking",
"created_at": "2025-10-19T13:39:37.599Z",
"user": 3
}
}, {
"model": "inventory.stockmovement",
"pk": 240,
"fields": {
"product": 191,
"movement_type": "out",
"quantity": -1,
"reason": "Sale POS-1760881177565 - No batch tracking",
"created_at": "2025-10-19T13:39:37.601Z",
"user": 3
}
}, {
"model": "inventory.stockmovement",
"pk": 241,
"fields": {
"product": 187,
"movement_type": "out",
"quantity": -1,
"reason": "Sale POS-1760881177565 - No batch tracking",
"created_at": "2025-10-19T13:39:37.602Z",
"user": 3
}
}, {
"model": "inventory.stockmovement",
"pk": 242,
"fields": {
"product": 209,
"movement_type": "out",
"quantity": -1,
"reason": "Sale POS-1760881177565 - No batch tracking",
"created_at": "2025-10-19T13:39:37.604Z",
"user": 3
}
}, {
"model": "inventory.stockmovement",
"pk": 243,
"fields": {
"product": 211,
"movement_type": "out",
"quantity": -1,
"reason": "Sale POS-1760881177565 - No batch tracking",
"created_at": "2025-10-19T13:39:37.605Z",
"user": 3
}
}, {
"model": "inventory.stockmovement",
"pk": 244,
"fields": {
"product": 212,
"movement_type": "out",
"quantity": -1,
"reason": "Sale POS-1760881177565 - No batch tracking",
"created_at": "2025-10-19T13:39:37.606Z",
"user": 3
}
}, {
"model": "inventory.stockmovement",
"pk": 245,
"fields": {
"product": 206,
"movement_type": "out",
"quantity": -1,
"reason": "Sale POS-1760881177565 - No batch tracking",
"created_at": "2025-10-19T13:39:37.608Z",
"user": 3
}
}, {
"model": "inventory.stockmovement",
"pk": 246,
"fields": {
"product": 216,
"movement_type": "out",
"quantity": -1,
"reason": "Sale POS-1760881177565 - No batch tracking",
"created_at": "2025-10-19T13:39:37.609Z",
"user": 3
}
}, {
"model": "inventory.stockmovement",
"pk": 247,
"fields": {
"product": 219,
"movement_type": "out",
"quantity": -1,
"reason": "Sale POS-1760881177565 - No batch tracking",
"created_at": "2025-10-19T13:39:37.610Z",
"user": 3
}
}, {
"model": "inventory.stockmovement",
"pk": 248,
"fields": {
"product": 213,
"movement_type": "out",
"quantity": -1,
"reason": "Sale POS-1760881177565 - No batch tracking",
"created_at": "2025-10-19T13:39:37.611Z",
"user": 3
}
}, {
"model": "inventory.stockmovement",
"pk": 249,
"fields": {
"product": 218,
"movement_type": "out",
"quantity": -1,
"reason": "Sale POS-1760881177565 - No batch tracking",
"created_at": "2025-10-19T13:39:37.612Z",
"user": 3
}
}, {
"model": "inventory.stockmovement",
"pk": 250,
"fields": {
"product": 217,
"movement_type": "out",
"quantity": -1,
"reason": "Sale POS-1760881177565 - No batch tracking",
"created_at": "2025-10-19T13:39:37.614Z",
"user": 3
}
}, {
"model": "inventory.stockmovement",
"pk": 251,
"fields": {
"product": 157,
"movement_type": "out",
"quantity": -1,
"reason": "Sale POS-1760881700493 - No batch tracking",
"created_at": "2025-10-19T13:48:20.511Z",
"user": 3
}
}, {
"model": "inventory.stockmovement",
"pk": 252,
"fields": {
"product": 162,
"movement_type": "out",
"quantity": -1,
"reason": "Sale POS-1760881700493 - No batch tracking",
"created_at": "2025-10-19T13:48:20.513Z",
"user": 3
}
}, {
"model": "inventory.stockmovement",
"pk": 253,
"fields": {
"product": 168,
"movement_type": "out",
"quantity": -1,
"reason": "Sale POS-1760882028622 - No batch tracking",
"created_at": "2025-10-19T13:53:48.657Z",
"user": 3
}
}, {
"model": "inventory.stockmovement",
"pk": 254,
"fields": {
"product": 181,
"movement_type": "out",
"quantity": -1,
"reason": "Sale POS-1760882028622 - No batch tracking",
"created_at": "2025-10-19T13:53:48.662Z",
"user": 3
}
}, {
"model": "inventory.stockmovement",
"pk": 255,
"fields": {
"product": 182,
"movement_type": "out",
"quantity": -1,
"reason": "Sale POS-1760882028622 - No batch tracking",
"created_at": "2025-10-19T13:53:48.665Z",
"user": 3
}
}, {
"model": "inventory.stockmovement",
"pk": 256,
"fields": {
"product": 158,
"movement_type": "out",
"quantity": -1,
"reason": "Sale POS-1760882498853 - No batch tracking",
"created_at": "2025-10-19T14:01:38.933Z",
"user": 3
}
}, {
"model": "inventory.stockmovement",
"pk": 257,
"fields": {
"product": 161,
"movement_type": "out",
"quantity": -1,
"reason": "Sale POS-1760882498853 - No batch tracking",
"created_at": "2025-10-19T14:01:38.943Z",
"user": 3
}
}, {
"model": "inventory.stockmovement",
"pk": 258,
"fields": {
"product": 156,
"movement_type": "out",
"quantity": -1,
"reason": "Sale POS-1760882498853 - No batch tracking",
"created_at": "2025-10-19T14:01:38.954Z",
"user": 3
}
}, {
"model": "inventory.stockmovement",
"pk": 259,
"fields": {
"product": 160,
"movement_type": "out",
"quantity": -1,
"reason": "Sale POS-1760882498853 - No batch tracking",
"created_at": "2025-10-19T14:01:38.962Z",
"user": 3
}
}, {
"model": "inventory.stockmovement",
"pk": 260,
"fields": {
"product": 153,
"movement_type": "out",
"quantity": -1,
"reason": "Sale POS-1760882498853 - No batch tracking",
"created_at": "2025-10-19T14:01:38.972Z",
"user": 3
}
}, {
"model": "inventory.stockmovement",
"pk": 261,
"fields": {
"product": 162,
"movement_type": "out",
"quantity": -1,
"reason": "Sale POS-1760882498853 - No batch tracking",
"created_at": "2025-10-19T14:01:38.982Z",
"user": 3
}
}, {
"model": "inventory.stockmovement",
"pk": 262,
"fields": {
"product": 154,
"movement_type": "out",
"quantity": -1,
"reason": "Sale POS-1760882670874 - Batch 11",
"created_at": "2025-10-19T14:04:30.906Z",
"user": 3
}
}, {
"model": "inventory.stockmovement",
"pk": 263,
"fields": {
"product": 157,
"movement_type": "out",
"quantity": -1,
"reason": "Sale POS-1760882794884 - No batch tracking",
"created_at": "2025-10-19T14:06:35.034Z",
"user": 3
}
}, {
"model": "inventory.stockmovement",
"pk": 264,
"fields": {
"product": 162,
"movement_type": "out",
"quantity": -1,
"reason": "Sale POS-1760882794884 - No batch tracking",
"created_at": "2025-10-19T14:06:35.037Z",
"user": 3
}
}, {
"model": "inventory.stockmovement",
"pk": 265,
"fields": {
"product": 153,
"movement_type": "out",
"quantity": -1,
"reason": "Sale POS-1760882794884 - No batch tracking",
"created_at": "2025-10-19T14:06:35.039Z",
"user": 3
}
}, {
"model": "inventory.stockmovement",
"pk": 266,
"fields": {
"product": 159,
"movement_type": "out",
"quantity": -1,
"reason": "Sale POS-1760882794884 - Batch 10",
"created_at": "2025-10-19T14:06:35.042Z",
"user": 3
}
}, {
"model": "inventory.stockmovement",
"pk": 267,
"fields": {
"product": 155,
"movement_type": "out",
"quantity": -1,
"reason": "Sale POS-1760882794884 - No batch tracking",
"created_at": "2025-10-19T14:06:35.045Z",
"user": 3
}
}, {
"model": "inventory.stockmovement",
"pk": 268,
"fields": {
"product": 160,
"movement_type": "out",
"quantity": -1,
"reason": "Sale POS-1760882794884 - No batch tracking",
"created_at": "2025-10-19T14:06:35.047Z",
"user": 3
}
}, {
"model": "inventory.stockmovement",
"pk": 269,
"fields": {
"product": 156,
"movement_type": "out",
"quantity": -1,
"reason": "Sale POS-1760882794884 - No batch tracking",
"created_at": "2025-10-19T14:06:35.049Z",
"user": 3
}
}, {
"model": "inventory.stockmovement",
"pk": 270,
"fields": {
"product": 161,
"movement_type": "out",
"quantity": -1,
"reason": "Sale POS-1760882794884 - No batch tracking",
"created_at": "2025-10-19T14:06:35.052Z",
"user": 3
}
}, {
"model": "inventory.stockmovement",
"pk": 271,
"fields": {
"product": 158,
"movement_type": "out",
"quantity": -1,
"reason": "Sale POS-1760882794884 - No batch tracking",
"created_at": "2025-10-19T14:06:35.054Z",
"user": 3
}
}, {
"model": "inventory.stockmovement",
"pk": 272,
"fields": {
"product": 166,
"movement_type": "out",
"quantity": -1,
"reason": "Sale POS-1760882794884 - No batch tracking",
"created_at": "2025-10-19T14:06:35.056Z",
"user": 3
}
}, {
"model": "inventory.stockmovement",
"pk": 273,
"fields": {
"product": 172,
"movement_type": "out",
"quantity": -1,
"reason": "Sale POS-1760882794884 - No batch tracking",
"created_at": "2025-10-19T14:06:35.059Z",
"user": 3
}
}, {
"model": "inventory.stockmovement",
"pk": 274,
"fields": {
"product": 167,
"movement_type": "out",
"quantity": -1,
"reason": "Sale POS-1760882794884 - No batch tracking",
"created_at": "2025-10-19T14:06:35.061Z",
"user": 3
}
}, {
"model": "inventory.stockmovement",
"pk": 275,
"fields": {
"product": 163,
"movement_type": "out",
"quantity": -1,
"reason": "Sale POS-1760882794884 - No batch tracking",
"created_at": "2025-10-19T14:06:35.063Z",
"user": 3
}
}, {
"model": "inventory.stockmovement",
"pk": 276,
"fields": {
"product": 170,
"movement_type": "out",
"quantity": -1,
"reason": "Sale POS-1760882794884 - No batch tracking",
"created_at": "2025-10-19T14:06:35.066Z",
"user": 3
}
}, {
"model": "inventory.stockmovement",
"pk": 277,
"fields": {
"product": 165,
"movement_type": "out",
"quantity": -1,
"reason": "Sale POS-1760882794884 - No batch tracking",
"created_at": "2025-10-19T14:06:35.068Z",
"user": 3
}
}, {
"model": "inventory.stockmovement",
"pk": 278,
"fields": {
"product": 175,
"movement_type": "out",
"quantity": -1,
"reason": "Sale POS-1760882794884 - No batch tracking",
"created_at": "2025-10-19T14:06:35.071Z",
"user": 3
}
}, {
"model": "inventory.stockmovement",
"pk": 279,
"fields": {
"product": 157,
"movement_type": "out",
"quantity": -1,
"reason": "Sale POS-1760882817014 - No batch tracking",
"created_at": "2025-10-19T14:06:57.169Z",
"user": 3
}
}, {
"model": "inventory.stockmovement",
"pk": 280,
"fields": {
"product": 162,
"movement_type": "out",
"quantity": -1,
"reason": "Sale POS-1760882817014 - No batch tracking",
"created_at": "2025-10-19T14:06:57.172Z",
"user": 3
}
}, {
"model": "inventory.stockmovement",
"pk": 281,
"fields": {
"product": 153,
"movement_type": "out",
"quantity": -1,
"reason": "Sale POS-1760882817014 - No batch tracking",
"created_at": "2025-10-19T14:06:57.174Z",
"user": 3
}
}, {
"model": "inventory.stockmovement",
"pk": 282,
"fields": {
"product": 159,
"movement_type": "out",
"quantity": -1,
"reason": "Sale POS-1760882817014 - Batch 10",
"created_at": "2025-10-19T14:06:57.177Z",
"user": 3
}
}, {
"model": "inventory.stockmovement",
"pk": 283,
"fields": {
"product": 155,
"movement_type": "out",
"quantity": -1,
"reason": "Sale POS-1760882817014 - No batch tracking",
"created_at": "2025-10-19T14:06:57.181Z",
"user": 3
}
}, {
"model": "inventory.stockmovement",
"pk": 284,
"fields": {
"product": 160,
"movement_type": "out",
"quantity": -1,
"reason": "Sale POS-1760882817014 - No batch tracking",
"created_at": "2025-10-19T14:06:57.185Z",
"user": 3
}
}, {
"model": "inventory.stockmovement",
"pk": 285,
"fields": {
"product": 156,
"movement_type": "out",
"quantity": -1,
"reason": "Sale POS-1760882817014 - No batch tracking",
"created_at": "2025-10-19T14:06:57.189Z",
"user": 3
}
}, {
"model": "inventory.stockmovement",
"pk": 286,
"fields": {
"product": 161,
"movement_type": "out",
"quantity": -1,
"reason": "Sale POS-1760882817014 - No batch tracking",
"created_at": "2025-10-19T14:06:57.193Z",
"user": 3
}
}, {
"model": "inventory.stockmovement",
"pk": 287,
"fields": {
"product": 158,
"movement_type": "out",
"quantity": -1,
"reason": "Sale POS-1760882817014 - No batch tracking",
"created_at": "2025-10-19T14:06:57.197Z",
"user": 3
}
}, {
"model": "inventory.stockmovement",
"pk": 288,
"fields": {
"product": 166,
"movement_type": "out",
"quantity": -1,
"reason": "Sale POS-1760882817014 - No batch tracking",
"created_at": "2025-10-19T14:06:57.203Z",
"user": 3
}
}, {
"model": "inventory.stockmovement",
"pk": 289,
"fields": {
"product": 172,
"movement_type": "out",
"quantity": -1,
"reason": "Sale POS-1760882817014 - No batch tracking",
"created_at": "2025-10-19T14:06:57.208Z",
"user": 3
}
}, {
"model": "inventory.stockmovement",
"pk": 290,
"fields": {
"product": 167,
"movement_type": "out",
"quantity": -1,
"reason": "Sale POS-1760882817014 - No batch tracking",
"created_at": "2025-10-19T14:06:57.214Z",
"user": 3
}
}, {
"model": "inventory.stockmovement",
"pk": 291,
"fields": {
"product": 163,
"movement_type": "out",
"quantity": -1,
"reason": "Sale POS-1760882817014 - No batch tracking",
"created_at": "2025-10-19T14:06:57.221Z",
"user": 3
}
}, {
"model": "inventory.stockmovement",
"pk": 292,
"fields": {
"product": 170,
"movement_type": "out",
"quantity": -1,
"reason": "Sale POS-1760882817014 - No batch tracking",
"created_at": "2025-10-19T14:06:57.228Z",
"user": 3
}
}, {
"model": "inventory.stockmovement",
"pk": 293,
"fields": {
"product": 165,
"movement_type": "out",
"quantity": -1,
"reason": "Sale POS-1760882817014 - No batch tracking",
"created_at": "2025-10-19T14:06:57.235Z",
"user": 3
}
}, {
"model": "inventory.stockmovement",
"pk": 294,
"fields": {
"product": 175,
"movement_type": "out",
"quantity": -1,
"reason": "Sale POS-1760882817014 - No batch tracking",
"created_at": "2025-10-19T14:06:57.241Z",
"user": 3
}
}, {
"model": "inventory.stockmovement",
"pk": 295,
"fields": {
"product": 184,
"movement_type": "out",
"quantity": -1,
"reason": "Sale POS-1760882817014 - Batch 1",
"created_at": "2025-10-19T14:06:57.249Z",
"user": 3
}
}, {
"model": "inventory.stockmovement",
"pk": 296,
"fields": {
"product": 183,
"movement_type": "out",
"quantity": -1,
"reason": "Sale POS-1760882817014 - No batch tracking",
"created_at": "2025-10-19T14:06:57.255Z",
"user": 3
}
}, {
"model": "inventory.stockmovement",
"pk": 297,
"fields": {
"product": 191,
"movement_type": "out",
"quantity": -1,
"reason": "Sale POS-1760882817014 - No batch tracking",
"created_at": "2025-10-19T14:06:57.262Z",
"user": 3
}
}, {
"model": "inventory.stockmovement",
"pk": 298,
"fields": {
"product": 187,
"movement_type": "out",
"quantity": -1,
"reason": "Sale POS-1760882817014 - No batch tracking",
"created_at": "2025-10-19T14:06:57.268Z",
"user": 3
}
}, {
"model": "inventory.stockmovement",
"pk": 299,
"fields": {
"product": 193,
"movement_type": "out",
"quantity": -2,
"reason": "Sale POS-1760882817014 - No batch tracking",
"created_at": "2025-10-19T14:06:57.273Z",
"user": 3
}
}, {
"model": "inventory.stockmovement",
"pk": 300,
"fields": {
"product": 201,
"movement_type": "out",
"quantity": -2,
"reason": "Sale POS-1760882817014 - No batch tracking",
"created_at": "2025-10-19T14:06:57.279Z",
"user": 3
}
}, {
"model": "inventory.stockmovement",
"pk": 301,
"fields": {
"product": 202,
"movement_type": "out",
"quantity": -2,
"reason": "Sale POS-1760882817014 - No batch tracking",
"created_at": "2025-10-19T14:06:57.284Z",
"user": 3
}
}, {
"model": "inventory.stockmovement",
"pk": 302,
"fields": {
"product": 197,
"movement_type": "out",
"quantity": -1,
"reason": "Sale POS-1760882817014 - No batch tracking",
"created_at": "2025-10-19T14:06:57.289Z",
"user": 3
}
}, {
"model": "inventory.stockmovement",
"pk": 303,
"fields": {
"product": 199,
"movement_type": "out",
"quantity": -2,
"reason": "Sale POS-1760882817014 - No batch tracking",
"created_at": "2025-10-19T14:06:57.296Z",
"user": 3
}
}, {
"model": "inventory.stockmovement",
"pk": 304,
"fields": {
"product": 208,
"movement_type": "out",
"quantity": -1,
"reason": "Sale POS-1760882817014 - No batch tracking",
"created_at": "2025-10-19T14:06:57.303Z",
"user": 3
}
}, {
"model": "inventory.stockmovement",
"pk": 305,
"fields": {
"product": 209,
"movement_type": "out",
"quantity": -1,
"reason": "Sale POS-1760882817014 - No batch tracking",
"created_at": "2025-10-19T14:06:57.312Z",
"user": 3
}
}, {
"model": "inventory.stockmovement",
"pk": 306,
"fields": {
"product": 211,
"movement_type": "out",
"quantity": -1,
"reason": "Sale POS-1760882817014 - No batch tracking",
"created_at": "2025-10-19T14:06:57.319Z",
"user": 3
}
}, {
"model": "inventory.stockmovement",
"pk": 307,
"fields": {
"product": 212,
"movement_type": "out",
"quantity": -1,
"reason": "Sale POS-1760882817014 - No batch tracking",
"created_at": "2025-10-19T14:06:57.327Z",
"user": 3
}
}, {
"model": "inventory.stockmovement",
"pk": 308,
"fields": {
"product": 206,
"movement_type": "out",
"quantity": -1,
"reason": "Sale POS-1760882817014 - No batch tracking",
"created_at": "2025-10-19T14:06:57.338Z",
"user": 3
}
}, {
"model": "inventory.stockmovement",
"pk": 309,
"fields": {
"product": 196,
"movement_type": "out",
"quantity": -1,
"reason": "Sale POS-1760882817014 - No batch tracking",
"created_at": "2025-10-19T14:06:57.349Z",
"user": 3
}
}, {
"model": "inventory.stockmovement",
"pk": 310,
"fields": {
"product": 200,
"movement_type": "out",
"quantity": -1,
"reason": "Sale POS-1760882817014 - No batch tracking",
"created_at": "2025-10-19T14:06:57.359Z",
"user": 3
}
}, {
"model": "inventory.stockmovement",
"pk": 311,
"fields": {
"product": 195,
"movement_type": "out",
"quantity": -1,
"reason": "Sale POS-1760882817014 - No batch tracking",
"created_at": "2025-10-19T14:06:57.367Z",
"user": 3
}
}, {
"model": "inventory.stockmovement",
"pk": 312,
"fields": {
"product": 198,
"movement_type": "out",
"quantity": -1,
"reason": "Sale POS-1760882817014 - No batch tracking",
"created_at": "2025-10-19T14:06:57.375Z",
"user": 3
}
}, {
"model": "inventory.stockmovement",
"pk": 313,
"fields": {
"product": 186,
"movement_type": "out",
"quantity": -1,
"reason": "Sale POS-1760882817014 - No batch tracking",
"created_at": "2025-10-19T14:06:57.384Z",
"user": 3
}
}, {
"model": "inventory.stockmovement",
"pk": 314,
"fields": {
"product": 189,
"movement_type": "out",
"quantity": -1,
"reason": "Sale POS-1760882817014 - No batch tracking",
"created_at": "2025-10-19T14:06:57.392Z",
"user": 3
}
}, {
"model": "inventory.stockmovement",
"pk": 315,
"fields": {
"product": 188,
"movement_type": "out",
"quantity": -1,
"reason": "Sale POS-1760882817014 - No batch tracking",
"created_at": "2025-10-19T14:06:57.401Z",
"user": 3
}
}, {
"model": "inventory.stockmovement",
"pk": 316,
"fields": {
"product": 192,
"movement_type": "out",
"quantity": -1,
"reason": "Sale POS-1760882817014 - No batch tracking",
"created_at": "2025-10-19T14:06:57.409Z",
"user": 3
}
}, {
"model": "inventory.stockmovement",
"pk": 317,
"fields": {
"product": 185,
"movement_type": "out",
"quantity": -1,
"reason": "Sale POS-1760882817014 - No batch tracking",
"created_at": "2025-10-19T14:06:57.418Z",
"user": 3
}
}, {
"model": "inventory.stockmovement",
"pk": 318,
"fields": {
"product": 247,
"movement_type": "out",
"quantity": -1,
"reason": "Sale POS-1760882817014 - No batch tracking",
"created_at": "2025-10-19T14:06:57.426Z",
"user": 3
}
}, {
"model": "inventory.stockmovement",
"pk": 319,
"fields": {
"product": 249,
"movement_type": "out",
"quantity": -1,
"reason": "Sale POS-1760882817014 - No batch tracking",
"created_at": "2025-10-19T14:06:57.432Z",
"user": 3
}
}, {
"model": "inventory.stockmovement",
"pk": 320,
"fields": {
"product": 251,
"movement_type": "out",
"quantity": -1,
"reason": "Sale POS-1760882817014 - No batch tracking",
"created_at": "2025-10-19T14:06:57.436Z",
"user": 3
}
}, {
"model": "inventory.stockmovement",
"pk": 321,
"fields": {
"product": 250,
"movement_type": "out",
"quantity": -1,
"reason": "Sale POS-1760882817014 - No batch tracking",
"created_at": "2025-10-19T14:06:57.441Z",
"user": 3
}
}, {
"model": "inventory.stockmovement",
"pk": 322,
"fields": {
"product": 245,
"movement_type": "out",
"quantity": -1,
"reason": "Sale POS-1760882817014 - No batch tracking",
"created_at": "2025-10-19T14:06:57.445Z",
"user": 3
}
}, {
"model": "inventory.stockmovement",
"pk": 323,
"fields": {
"product": 252,
"movement_type": "out",
"quantity": -1,
"reason": "Sale POS-1760882817014 - Batch 1",
"created_at": "2025-10-19T14:06:57.448Z",
"user": 3
}
}, {
"model": "inventory.stockmovement",
"pk": 324,
"fields": {
"product": 248,
"movement_type": "out",
"quantity": -1,
"reason": "Sale POS-1760882817014 - No batch tracking",
"created_at": "2025-10-19T14:06:57.451Z",
"user": 3
}
}, {
"model": "inventory.stockmovement",
"pk": 325,
"fields": {
"product": 243,
"movement_type": "out",
"quantity": -1,
"reason": "Sale POS-1760882817014 - No batch tracking",
"created_at": "2025-10-19T14:06:57.453Z",
"user": 3
}
}, {
"model": "inventory.stockmovement",
"pk": 326,
"fields": {
"product": 154,
"movement_type": "out",
"quantity": -1,
"reason": "Sale POS-1760883284985 - Batch 11",
"created_at": "2025-10-19T14:14:45.023Z",
"user": 3
}
}, {
"model": "inventory.stockmovement",
"pk": 327,
"fields": {
"product": 157,
"movement_type": "out",
"quantity": -1,
"reason": "Sale POS-1760883284985 - No batch tracking",
"created_at": "2025-10-19T14:14:45.026Z",
"user": 3
}
}, {
"model": "inventory.stockmovement",
"pk": 328,
"fields": {
"product": 161,
"movement_type": "out",
"quantity": -1,
"reason": "Sale POS-1760883284985 - No batch tracking",
"created_at": "2025-10-19T14:14:45.029Z",
"user": 3
}
}, {
"model": "inventory.stockmovement",
"pk": 329,
"fields": {
"product": 158,
"movement_type": "out",
"quantity": -1,
"reason": "Sale POS-1760883284985 - No batch tracking",
"created_at": "2025-10-19T14:14:45.032Z",
"user": 3
}
}, {
"model": "inventory.stockmovement",
"pk": 330,
"fields": {
"product": 154,
"movement_type": "out",
"quantity": -1,
"reason": "Sale POS-1760883767909 - Batch 11",
"created_at": "2025-10-19T14:22:47.993Z",
"user": 3
}
}, {
"model": "inventory.stockmovement",
"pk": 331,
"fields": {
"product": 157,
"movement_type": "out",
"quantity": -1,
"reason": "Sale POS-1760883767909 - No batch tracking",
"created_at": "2025-10-19T14:22:48.006Z",
"user": 3
}
}, {
"model": "inventory.stockmovement",
"pk": 332,
"fields": {
"product": 161,
"movement_type": "out",
"quantity": -1,
"reason": "Sale POS-1760883767909 - No batch tracking",
"created_at": "2025-10-19T14:22:48.018Z",
"user": 3
}
}, {
"model": "inventory.stockmovement",
"pk": 333,
"fields": {
"product": 156,
"movement_type": "out",
"quantity": -1,
"reason": "Sale POS-1760883767909 - No batch tracking",
"created_at": "2025-10-19T14:22:48.030Z",
"user": 3
}
}, {
"model": "inventory.saleshistory",
"pk": 154,
"fields": {
"product": 162,
"batch": null,
"customer": null,
"quantity": 1,
"unit_price": "2700.00",
"cost_price": null,
"total_price": "2700.00",
"profit": null,
"sale_date": "2025-10-08T09:21:06.682Z",
"receipt_number": "POS-1759915266632"
}
}, {
"model": "inventory.saleshistory",
"pk": 155,
"fields": {
"product": 153,
"batch": null,
"customer": null,
"quantity": 1,
"unit_price": "3200.00",
"cost_price": null,
"total_price": "3200.00",
"profit": null,
"sale_date": "2025-10-08T09:21:06.695Z",
"receipt_number": "POS-1759915266632"
}
}, {
"model": "inventory.saleshistory",
"pk": 156,
"fields": {
"product": 172,
"batch": null,
"customer": null,
"quantity": 1,
"unit_price": "3100.00",
"cost_price": "0.00",
"total_price": "3100.00",
"profit": null,
"sale_date": "2025-10-08T09:21:52.544Z",
"receipt_number": "POS-1759915312503"
}
}, {
"model": "inventory.saleshistory",
"pk": 157,
"fields": {
"product": 166,
"batch": null,
"customer": null,
"quantity": 1,
"unit_price": "2700.00",
"cost_price": "0.00",
"total_price": "2700.00",
"profit": null,
"sale_date": "2025-10-08T09:21:52.547Z",
"receipt_number": "POS-1759915312503"
}
}, {
"model": "inventory.saleshistory",
"pk": 158,
"fields": {
"product": 161,
"batch": null,
"customer": null,
"quantity": 1,
"unit_price": "2800.00",
"cost_price": "0.00",
"total_price": "2800.00",
"profit": null,
"sale_date": "2025-10-08T09:21:52.550Z",
"receipt_number": "POS-1759915312503"
}
}, {
"model": "inventory.saleshistory",
"pk": 159,
"fields": {
"product": 156,
"batch": null,
"customer": null,
"quantity": 1,
"unit_price": "3100.00",
"cost_price": "0.00",
"total_price": "3100.00",
"profit": null,
"sale_date": "2025-10-08T09:21:52.552Z",
"receipt_number": "POS-1759915312503"
}
}, {
"model": "inventory.saleshistory",
"pk": 160,
"fields": {
"product": 252,
"batch": null,
"customer": null,
"quantity": 24,
"unit_price": "3400.00",
"cost_price": null,
"total_price": "81600.00",
"profit": null,
"sale_date": "2025-10-08T09:40:14.001Z",
"receipt_number": "POS-1759916413960"
}
}, {
"model": "inventory.saleshistory",
"pk": 161,
"fields": {
"product": 159,
"batch": null,
"customer": null,
"quantity": 24,
"unit_price": "3150.00",
"cost_price": null,
"total_price": "75600.00",
"profit": null,
"sale_date": "2025-10-08T09:55:47.810Z",
"receipt_number": "POS-1759917347761"
}
}, {
"model": "inventory.saleshistory",
"pk": 162,
"fields": {
"product": 154,
"batch": null,
"customer": null,
"quantity": 6,
"unit_price": "1980.00",
"cost_price": null,
"total_price": "11880.00",
"profit": null,
"sale_date": "2025-10-08T11:26:42.904Z",
"receipt_number": "POS-1759922802875"
}
}, {
"model": "inventory.saleshistory",
"pk": 163,
"fields": {
"product": 157,
"batch": null,
"customer": null,
"quantity": 6,
"unit_price": "2340.00",
"cost_price": null,
"total_price": "14040.00",
"profit": null,
"sale_date": "2025-10-08T11:26:42.907Z",
"receipt_number": "POS-1759922802875"
}
}, {
"model": "inventory.saleshistory",
"pk": 164,
"fields": {
"product": 162,
"batch": null,
"customer": null,
"quantity": 6,
"unit_price": "1800.00",
"cost_price": null,
"total_price": "10800.00",
"profit": null,
"sale_date": "2025-10-08T11:26:42.909Z",
"receipt_number": "POS-1759922802875"
}
}, {
"model": "inventory.saleshistory",
"pk": 165,
"fields": {
"product": 154,
"batch": null,
"customer": null,
"quantity": 18,
"unit_price": "1980.00",
"cost_price": null,
"total_price": "35640.00",
"profit": null,
"sale_date": "2025-10-08T11:27:54.334Z",
"receipt_number": "POS-1759922874276"
}
}, {
"model": "inventory.saleshistory",
"pk": 166,
"fields": {
"product": 157,
"batch": null,
"customer": null,
"quantity": 1,
"unit_price": "2340.00",
"cost_price": null,
"total_price": "2340.00",
"profit": null,
"sale_date": "2025-10-08T11:27:54.343Z",
"receipt_number": "POS-1759922874276"
}
}, {
"model": "inventory.saleshistory",
"pk": 167,
"fields": {
"product": 156,
"batch": null,
"customer": null,
"quantity": 1,
"unit_price": "3100.00",
"cost_price": null,
"total_price": "3100.00",
"profit": null,
"sale_date": "2025-10-08T11:31:49.481Z",
"receipt_number": "POS-1759923109428"
}
}, {
"model": "inventory.saleshistory",
"pk": 168,
"fields": {
"product": 207,
"batch": null,
"customer": null,
"quantity": 1,
"unit_price": "3100.00",
"cost_price": null,
"total_price": "3100.00",
"profit": null,
"sale_date": "2025-10-08T13:26:04.568Z",
"receipt_number": "POS-1759929964532"
}
}, {
"model": "inventory.saleshistory",
"pk": 169,
"fields": {
"product": 157,
"batch": null,
"customer": null,
"quantity": 1,
"unit_price": "3400.00",
"cost_price": "0.00",
"total_price": "3400.00",
"profit": null,
"sale_date": "2025-10-08T13:27:50.532Z",
"receipt_number": "POS-1759930070486"
}
}, {
"model": "inventory.saleshistory",
"pk": 170,
"fields": {
"product": 174,
"batch": null,
"customer": null,
"quantity": 1,
"unit_price": "2700.00",
"cost_price": null,
"total_price": "2700.00",
"profit": null,
"sale_date": "2025-10-08T13:32:41.216Z",
"receipt_number": "POS-1759930361150"
}
}, {
"model": "inventory.saleshistory",
"pk": 171,
"fields": {
"product": 162,
"batch": null,
"customer": null,
"quantity": 1,
"unit_price": "2700.00",
"cost_price": null,
"total_price": "2700.00",
"profit": null,
"sale_date": "2025-10-08T13:32:41.228Z",
"receipt_number": "POS-1759930361150"
}
}, {
"model": "inventory.saleshistory",
"pk": 172,
"fields": {
"product": 246,
"batch": null,
"customer": null,
"quantity": 1,
"unit_price": "5000.00",
"cost_price": null,
"total_price": "5000.00",
"profit": null,
"sale_date": "2025-10-08T13:34:44.840Z",
"receipt_number": "POS-1759930484794"
}
}, {
"model": "inventory.saleshistory",
"pk": 173,
"fields": {
"product": 248,
"batch": null,
"customer": null,
"quantity": 1,
"unit_price": "3200.00",
"cost_price": null,
"total_price": "3200.00",
"profit": null,
"sale_date": "2025-10-08T13:34:44.850Z",
"receipt_number": "POS-1759930484794"
}
}, {
"model": "inventory.saleshistory",
"pk": 174,
"fields": {
"product": 244,
"batch": null,
"customer": null,
"quantity": 1,
"unit_price": "5500.00",
"cost_price": null,
"total_price": "5500.00",
"profit": null,
"sale_date": "2025-10-08T13:34:44.860Z",
"receipt_number": "POS-1759930484794"
}
}, {
"model": "inventory.saleshistory",
"pk": 175,
"fields": {
"product": 243,
"batch": null,
"customer": null,
"quantity": 1,
"unit_price": "4500.00",
"cost_price": null,
"total_price": "4500.00",
"profit": null,
"sale_date": "2025-10-08T13:34:44.871Z",
"receipt_number": "POS-1759930484794"
}
}, {
"model": "inventory.saleshistory",
"pk": 176,
"fields": {
"product": 161,
"batch": null,
"customer": null,
"quantity": 1,
"unit_price": "2800.00",
"cost_price": null,
"total_price": "2800.00",
"profit": null,
"sale_date": "2025-10-10T07:44:48.137Z",
"receipt_number": "POS-1760082288072"
}
}, {
"model": "inventory.saleshistory",
"pk": 177,
"fields": {
"product": 158,
"batch": null,
"customer": null,
"quantity": 1,
"unit_price": "3500.00",
"cost_price": null,
"total_price": "3500.00",
"profit": null,
"sale_date": "2025-10-10T07:51:11.634Z",
"receipt_number": "POS-1760082671247"
}
}, {
"model": "inventory.saleshistory",
"pk": 178,
"fields": {
"product": 161,
"batch": null,
"customer": null,
"quantity": 1,
"unit_price": "2800.00",
"cost_price": null,
"total_price": "2800.00",
"profit": null,
"sale_date": "2025-10-10T07:51:29.024Z",
"receipt_number": "POS-1760082689002"
}
}, {
"model": "inventory.saleshistory",
"pk": 179,
"fields": {
"product": 157,
"batch": null,
"customer": null,
"quantity": 2,
"unit_price": "3400.00",
"cost_price": null,
"total_price": "6800.00",
"profit": null,
"sale_date": "2025-10-10T07:55:05.551Z",
"receipt_number": "POS-1760082905512"
}
}, {
"model": "inventory.saleshistory",
"pk": 180,
"fields": {
"product": 158,
"batch": null,
"customer": null,
"quantity": 1,
"unit_price": "3500.00",
"cost_price": null,
"total_price": "3500.00",
"profit": null,
"sale_date": "2025-10-10T07:55:41.237Z",
"receipt_number": "POS-1760082941176"
}
}, {
"model": "inventory.saleshistory",
"pk": 181,
"fields": {
"product": 157,
"batch": null,
"customer": null,
"quantity": 1,
"unit_price": "3400.00",
"cost_price": null,
"total_price": "3400.00",
"profit": null,
"sale_date": "2025-10-10T08:02:03.242Z",
"receipt_number": "POS-1760083323207"
}
}, {
"model": "inventory.saleshistory",
"pk": 182,
"fields": {
"product": 157,
"batch": null,
"customer": null,
"quantity": 1,
"unit_price": "3400.00",
"cost_price": null,
"total_price": "3400.00",
"profit": null,
"sale_date": "2025-10-10T08:08:30.118Z",
"receipt_number": "POS-1760083709712"
}
}, {
"model": "inventory.saleshistory",
"pk": 183,
"fields": {
"product": 179,
"batch": null,
"customer": null,
"quantity": 6,
"unit_price": "1890.00",
"cost_price": null,
"total_price": "11340.00",
"profit": null,
"sale_date": "2025-10-10T08:09:39.794Z",
"receipt_number": "POS-1760083779697"
}
}, {
"model": "inventory.saleshistory",
"pk": 184,
"fields": {
"product": 174,
"batch": null,
"customer": null,
"quantity": 6,
"unit_price": "1800.00",
"cost_price": null,
"total_price": "10800.00",
"profit": null,
"sale_date": "2025-10-10T08:09:39.803Z",
"receipt_number": "POS-1760083779697"
}
}, {
"model": "inventory.saleshistory",
"pk": 185,
"fields": {
"product": 181,
"batch": null,
"customer": null,
"quantity": 6,
"unit_price": "1800.00",
"cost_price": null,
"total_price": "10800.00",
"profit": null,
"sale_date": "2025-10-10T08:09:39.809Z",
"receipt_number": "POS-1760083779697"
}
}, {
"model": "inventory.saleshistory",
"pk": 186,
"fields": {
"product": 182,
"batch": null,
"customer": null,
"quantity": 6,
"unit_price": "1710.00",
"cost_price": null,
"total_price": "10260.00",
"profit": null,
"sale_date": "2025-10-10T08:09:39.816Z",
"receipt_number": "POS-1760083779697"
}
}, {
"model": "inventory.saleshistory",
"pk": 187,
"fields": {
"product": 180,
"batch": null,
"customer": null,
"quantity": 6,
"unit_price": "2160.00",
"cost_price": null,
"total_price": "12960.00",
"profit": null,
"sale_date": "2025-10-10T08:09:39.821Z",
"receipt_number": "POS-1760083779697"
}
}, {
"model": "inventory.saleshistory",
"pk": 188,
"fields": {
"product": 177,
"batch": null,
"customer": null,
"quantity": 7,
"unit_price": "2070.00",
"cost_price": null,
"total_price": "14490.00",
"profit": null,
"sale_date": "2025-10-10T08:09:39.824Z",
"receipt_number": "POS-1760083779697"
}
}, {
"model": "inventory.saleshistory",
"pk": 189,
"fields": {
"product": 176,
"batch": null,
"customer": null,
"quantity": 6,
"unit_price": "1710.00",
"cost_price": null,
"total_price": "10260.00",
"profit": null,
"sale_date": "2025-10-10T08:09:39.830Z",
"receipt_number": "POS-1760083779697"
}
}, {
"model": "inventory.saleshistory",
"pk": 190,
"fields": {
"product": 175,
"batch": null,
"customer": null,
"quantity": 6,
"unit_price": "1890.00",
"cost_price": null,
"total_price": "11340.00",
"profit": null,
"sale_date": "2025-10-10T08:09:39.833Z",
"receipt_number": "POS-1760083779697"
}
}, {
"model": "inventory.saleshistory",
"pk": 191,
"fields": {
"product": 157,
"batch": null,
"customer": null,
"quantity": 1,
"unit_price": "3400.00",
"cost_price": null,
"total_price": "3400.00",
"profit": null,
"sale_date": "2025-10-10T08:12:54.592Z",
"receipt_number": "POS-1760083974549"
}
}, {
"model": "inventory.saleshistory",
"pk": 192,
"fields": {
"product": 244,
"batch": null,
"customer": null,
"quantity": 1,
"unit_price": "5500.00",
"cost_price": null,
"total_price": "5500.00",
"profit": null,
"sale_date": "2025-10-11T12:34:09.354Z",
"receipt_number": "POS-1760186049298"
}
}, {
"model": "inventory.saleshistory",
"pk": 193,
"fields": {
"product": 243,
"batch": null,
"customer": null,
"quantity": 1,
"unit_price": "4500.00",
"cost_price": null,
"total_price": "4500.00",
"profit": null,
"sale_date": "2025-10-11T12:34:09.358Z",
"receipt_number": "POS-1760186049298"
}
}, {
"model": "inventory.saleshistory",
"pk": 194,
"fields": {
"product": 154,
"batch": 30,
"customer": null,
"quantity": 1,
"unit_price": "2900.00",
"cost_price": null,
"total_price": "2900.00",
"profit": null,
"sale_date": "2025-10-11T12:45:47.845Z",
"receipt_number": "POS-1760186747809"
}
}, {
"model": "inventory.saleshistory",
"pk": 195,
"fields": {
"product": 157,
"batch": 33,
"customer": null,
"quantity": 1,
"unit_price": "3400.00",
"cost_price": null,
"total_price": "3400.00",
"profit": null,
"sale_date": "2025-10-11T12:45:47.848Z",
"receipt_number": "POS-1760186747809"
}
}, {
"model": "inventory.saleshistory",
"pk": 196,
"fields": {
"product": 159,
"batch": 26,
"customer": null,
"quantity": 1,
"unit_price": "4500.00",
"cost_price": null,
"total_price": "4500.00",
"profit": null,
"sale_date": "2025-10-11T12:46:10.868Z",
"receipt_number": "POS-1760186770842"
}
}, {
"model": "inventory.saleshistory",
"pk": 197,
"fields": {
"product": 158,
"batch": null,
"customer": null,
"quantity": 1,
"unit_price": "2430.00",
"cost_price": "0.00",
"total_price": "2430.00",
"profit": null,
"sale_date": "2025-10-11T12:46:40.235Z",
"receipt_number": "POS-1760186800120"
}
}, {
"model": "inventory.saleshistory",
"pk": 198,
"fields": {
"product": 161,
"batch": null,
"customer": null,
"quantity": 1,
"unit_price": "1890.00",
"cost_price": "0.00",
"total_price": "1890.00",
"profit": null,
"sale_date": "2025-10-11T12:46:40.251Z",
"receipt_number": "POS-1760186800120"
}
}, {
"model": "inventory.saleshistory",
"pk": 199,
"fields": {
"product": 156,
"batch": null,
"customer": null,
"quantity": 1,
"unit_price": "2160.00",
"cost_price": "0.00",
"total_price": "2160.00",
"profit": null,
"sale_date": "2025-10-11T12:46:40.265Z",
"receipt_number": "POS-1760186800120"
}
}, {
"model": "inventory.saleshistory",
"pk": 200,
"fields": {
"product": 167,
"batch": null,
"customer": null,
"quantity": 1,
"unit_price": "2250.00",
"cost_price": "0.00",
"total_price": "2250.00",
"profit": null,
"sale_date": "2025-10-11T12:46:40.270Z",
"receipt_number": "POS-1760186800120"
}
}, {
"model": "inventory.saleshistory",
"pk": 201,
"fields": {
"product": 167,
"batch": null,
"customer": null,
"quantity": 1,
"unit_price": "3300.00",
"cost_price": null,
"total_price": "3300.00",
"profit": null,
"sale_date": "2025-10-12T10:27:32.461Z",
"receipt_number": "POS-1760264851866"
}
}, {
"model": "inventory.saleshistory",
"pk": 202,
"fields": {
"product": 163,
"batch": null,
"customer": null,
"quantity": 1,
"unit_price": "3100.00",
"cost_price": null,
"total_price": "3100.00",
"profit": null,
"sale_date": "2025-10-12T10:27:32.476Z",
"receipt_number": "POS-1760264851866"
}
}, {
"model": "inventory.saleshistory",
"pk": 203,
"fields": {
"product": 213,
"batch": null,
"customer": null,
"quantity": 2,
"unit_price": "2900.00",
"cost_price": "0.00",
"total_price": "5800.00",
"profit": null,
"sale_date": "2025-10-12T12:48:05.755Z",
"receipt_number": "POS-1760273284983"
}
}, {
"model": "inventory.saleshistory",
"pk": 204,
"fields": {
"product": 219,
"batch": null,
"customer": null,
"quantity": 1,
"unit_price": "2900.00",
"cost_price": "0.00",
"total_price": "2900.00",
"profit": null,
"sale_date": "2025-10-12T12:48:05.767Z",
"receipt_number": "POS-1760273284983"
}
}, {
"model": "inventory.saleshistory",
"pk": 205,
"fields": {
"product": 222,
"batch": null,
"customer": null,
"quantity": 1,
"unit_price": "3600.00",
"cost_price": null,
"total_price": "3600.00",
"profit": null,
"sale_date": "2025-10-12T12:49:16.060Z",
"receipt_number": "POS-1760273355430"
}
}, {
"model": "inventory.saleshistory",
"pk": 206,
"fields": {
"product": 216,
"batch": null,
"customer": null,
"quantity": 1,
"unit_price": "3100.00",
"cost_price": null,
"total_price": "3100.00",
"profit": null,
"sale_date": "2025-10-12T12:49:16.073Z",
"receipt_number": "POS-1760273355430"
}
}, {
"model": "inventory.saleshistory",
"pk": 207,
"fields": {
"product": 154,
"batch": 31,
"customer": null,
"quantity": 1,
"unit_price": "2900.00",
"cost_price": null,
"total_price": "2900.00",
"profit": null,
"sale_date": "2025-10-19T12:44:28.399Z",
"receipt_number": "POS-1760877868340"
}
}, {
"model": "inventory.saleshistory",
"pk": 208,
"fields": {
"product": 157,
"batch": null,
"customer": null,
"quantity": 1,
"unit_price": "3400.00",
"cost_price": null,
"total_price": "3400.00",
"profit": null,
"sale_date": "2025-10-19T12:44:28.405Z",
"receipt_number": "POS-1760877868340"
}
}, {
"model": "inventory.saleshistory",
"pk": 209,
"fields": {
"product": 154,
"batch": 31,
"customer": null,
"quantity": 1,
"unit_price": "2900.00",
"cost_price": null,
"total_price": "2900.00",
"profit": null,
"sale_date": "2025-10-19T12:47:46.033Z",
"receipt_number": "POS-1760878065974"
}
}, {
"model": "inventory.saleshistory",
"pk": 210,
"fields": {
"product": 157,
"batch": null,
"customer": null,
"quantity": 1,
"unit_price": "3400.00",
"cost_price": null,
"total_price": "3400.00",
"profit": null,
"sale_date": "2025-10-19T12:47:46.037Z",
"receipt_number": "POS-1760878065974"
}
}, {
"model": "inventory.saleshistory",
"pk": 211,
"fields": {
"product": 162,
"batch": null,
"customer": null,
"quantity": 1,
"unit_price": "2700.00",
"cost_price": null,
"total_price": "2700.00",
"profit": null,
"sale_date": "2025-10-19T12:47:46.041Z",
"receipt_number": "POS-1760878065974"
}
}, {
"model": "inventory.saleshistory",
"pk": 212,
"fields": {
"product": 153,
"batch": null,
"customer": null,
"quantity": 1,
"unit_price": "3200.00",
"cost_price": null,
"total_price": "3200.00",
"profit": null,
"sale_date": "2025-10-19T12:47:46.045Z",
"receipt_number": "POS-1760878065974"
}
}, {
"model": "inventory.saleshistory",
"pk": 213,
"fields": {
"product": 159,
"batch": 32,
"customer": null,
"quantity": 1,
"unit_price": "4500.00",
"cost_price": null,
"total_price": "4500.00",
"profit": null,
"sale_date": "2025-10-19T12:47:46.048Z",
"receipt_number": "POS-1760878065974"
}
}, {
"model": "inventory.saleshistory",
"pk": 214,
"fields": {
"product": 155,
"batch": null,
"customer": null,
"quantity": 1,
"unit_price": "3600.00",
"cost_price": null,
"total_price": "3600.00",
"profit": null,
"sale_date": "2025-10-19T12:47:46.050Z",
"receipt_number": "POS-1760878065974"
}
}, {
"model": "inventory.saleshistory",
"pk": 215,
"fields": {
"product": 160,
"batch": null,
"customer": null,
"quantity": 1,
"unit_price": "3000.00",
"cost_price": null,
"total_price": "3000.00",
"profit": null,
"sale_date": "2025-10-19T12:47:46.053Z",
"receipt_number": "POS-1760878065974"
}
}, {
"model": "inventory.saleshistory",
"pk": 216,
"fields": {
"product": 156,
"batch": null,
"customer": null,
"quantity": 1,
"unit_price": "3100.00",
"cost_price": null,
"total_price": "3100.00",
"profit": null,
"sale_date": "2025-10-19T12:47:46.058Z",
"receipt_number": "POS-1760878065974"
}
}, {
"model": "inventory.saleshistory",
"pk": 217,
"fields": {
"product": 161,
"batch": null,
"customer": null,
"quantity": 1,
"unit_price": "2800.00",
"cost_price": null,
"total_price": "2800.00",
"profit": null,
"sale_date": "2025-10-19T12:47:46.060Z",
"receipt_number": "POS-1760878065974"
}
}, {
"model": "inventory.saleshistory",
"pk": 218,
"fields": {
"product": 158,
"batch": null,
"customer": null,
"quantity": 1,
"unit_price": "3500.00",
"cost_price": null,
"total_price": "3500.00",
"profit": null,
"sale_date": "2025-10-19T12:47:46.063Z",
"receipt_number": "POS-1760878065974"
}
}, {
"model": "inventory.saleshistory",
"pk": 219,
"fields": {
"product": 154,
"batch": 31,
"customer": null,
"quantity": 1,
"unit_price": "2900.00",
"cost_price": null,
"total_price": "2900.00",
"profit": null,
"sale_date": "2025-10-19T13:37:57.443Z",
"receipt_number": "POS-1760881077415"
}
}, {
"model": "inventory.saleshistory",
"pk": 220,
"fields": {
"product": 157,
"batch": null,
"customer": null,
"quantity": 1,
"unit_price": "3400.00",
"cost_price": null,
"total_price": "3400.00",
"profit": null,
"sale_date": "2025-10-19T13:37:57.447Z",
"receipt_number": "POS-1760881077415"
}
}, {
"model": "inventory.saleshistory",
"pk": 221,
"fields": {
"product": 161,
"batch": null,
"customer": null,
"quantity": 1,
"unit_price": "2800.00",
"cost_price": null,
"total_price": "2800.00",
"profit": null,
"sale_date": "2025-10-19T13:37:57.449Z",
"receipt_number": "POS-1760881077415"
}
}, {
"model": "inventory.saleshistory",
"pk": 222,
"fields": {
"product": 154,
"batch": 31,
"customer": null,
"quantity": 1,
"unit_price": "2900.00",
"cost_price": null,
"total_price": "2900.00",
"profit": null,
"sale_date": "2025-10-19T13:39:37.592Z",
"receipt_number": "POS-1760881177565"
}
}, {
"model": "inventory.saleshistory",
"pk": 223,
"fields": {
"product": 157,
"batch": null,
"customer": null,
"quantity": 1,
"unit_price": "3400.00",
"cost_price": null,
"total_price": "3400.00",
"profit": null,
"sale_date": "2025-10-19T13:39:37.593Z",
"receipt_number": "POS-1760881177565"
}
}, {
"model": "inventory.saleshistory",
"pk": 224,
"fields": {
"product": 162,
"batch": null,
"customer": null,
"quantity": 1,
"unit_price": "2700.00",
"cost_price": null,
"total_price": "2700.00",
"profit": null,
"sale_date": "2025-10-19T13:39:37.595Z",
"receipt_number": "POS-1760881177565"
}
}, {
"model": "inventory.saleshistory",
"pk": 225,
"fields": {
"product": 153,
"batch": null,
"customer": null,
"quantity": 1,
"unit_price": "3200.00",
"cost_price": null,
"total_price": "3200.00",
"profit": null,
"sale_date": "2025-10-19T13:39:37.596Z",
"receipt_number": "POS-1760881177565"
}
}, {
"model": "inventory.saleshistory",
"pk": 226,
"fields": {
"product": 160,
"batch": null,
"customer": null,
"quantity": 1,
"unit_price": "3000.00",
"cost_price": null,
"total_price": "3000.00",
"profit": null,
"sale_date": "2025-10-19T13:39:37.597Z",
"receipt_number": "POS-1760881177565"
}
}, {
"model": "inventory.saleshistory",
"pk": 227,
"fields": {
"product": 155,
"batch": null,
"customer": null,
"quantity": 1,
"unit_price": "3600.00",
"cost_price": null,
"total_price": "3600.00",
"profit": null,
"sale_date": "2025-10-19T13:39:37.598Z",
"receipt_number": "POS-1760881177565"
}
}, {
"model": "inventory.saleshistory",
"pk": 228,
"fields": {
"product": 175,
"batch": null,
"customer": null,
"quantity": 1,
"unit_price": "2800.00",
"cost_price": null,
"total_price": "2800.00",
"profit": null,
"sale_date": "2025-10-19T13:39:37.600Z",
"receipt_number": "POS-1760881177565"
}
}, {
"model": "inventory.saleshistory",
"pk": 229,
"fields": {
"product": 191,
"batch": null,
"customer": null,
"quantity": 1,
"unit_price": "3200.00",
"cost_price": null,
"total_price": "3200.00",
"profit": null,
"sale_date": "2025-10-19T13:39:37.601Z",
"receipt_number": "POS-1760881177565"
}
}, {
"model": "inventory.saleshistory",
"pk": 230,
"fields": {
"product": 187,
"batch": null,
"customer": null,
"quantity": 1,
"unit_price": "2700.00",
"cost_price": null,
"total_price": "2700.00",
"profit": null,
"sale_date": "2025-10-19T13:39:37.603Z",
"receipt_number": "POS-1760881177565"
}
}, {
"model": "inventory.saleshistory",
"pk": 231,
"fields": {
"product": 209,
"batch": null,
"customer": null,
"quantity": 1,
"unit_price": "3600.00",
"cost_price": null,
"total_price": "3600.00",
"profit": null,
"sale_date": "2025-10-19T13:39:37.604Z",
"receipt_number": "POS-1760881177565"
}
}, {
"model": "inventory.saleshistory",
"pk": 232,
"fields": {
"product": 211,
"batch": null,
"customer": null,
"quantity": 1,
"unit_price": "2800.00",
"cost_price": null,
"total_price": "2800.00",
"profit": null,
"sale_date": "2025-10-19T13:39:37.605Z",
"receipt_number": "POS-1760881177565"
}
}, {
"model": "inventory.saleshistory",
"pk": 233,
"fields": {
"product": 212,
"batch": null,
"customer": null,
"quantity": 1,
"unit_price": "4000.00",
"cost_price": null,
"total_price": "4000.00",
"profit": null,
"sale_date": "2025-10-19T13:39:37.606Z",
"receipt_number": "POS-1760881177565"
}
}, {
"model": "inventory.saleshistory",
"pk": 234,
"fields": {
"product": 206,
"batch": null,
"customer": null,
"quantity": 1,
"unit_price": "3300.00",
"cost_price": null,
"total_price": "3300.00",
"profit": null,
"sale_date": "2025-10-19T13:39:37.608Z",
"receipt_number": "POS-1760881177565"
}
}, {
"model": "inventory.saleshistory",
"pk": 235,
"fields": {
"product": 216,
"batch": null,
"customer": null,
"quantity": 1,
"unit_price": "3100.00",
"cost_price": null,
"total_price": "3100.00",
"profit": null,
"sale_date": "2025-10-19T13:39:37.609Z",
"receipt_number": "POS-1760881177565"
}
}, {
"model": "inventory.saleshistory",
"pk": 236,
"fields": {
"product": 219,
"batch": null,
"customer": null,
"quantity": 1,
"unit_price": "2900.00",
"cost_price": null,
"total_price": "2900.00",
"profit": null,
"sale_date": "2025-10-19T13:39:37.610Z",
"receipt_number": "POS-1760881177565"
}
}, {
"model": "inventory.saleshistory",
"pk": 237,
"fields": {
"product": 213,
"batch": null,
"customer": null,
"quantity": 1,
"unit_price": "2900.00",
"cost_price": null,
"total_price": "2900.00",
"profit": null,
"sale_date": "2025-10-19T13:39:37.611Z",
"receipt_number": "POS-1760881177565"
}
}, {
"model": "inventory.saleshistory",
"pk": 238,
"fields": {
"product": 218,
"batch": null,
"customer": null,
"quantity": 1,
"unit_price": "3200.00",
"cost_price": null,
"total_price": "3200.00",
"profit": null,
"sale_date": "2025-10-19T13:39:37.613Z",
"receipt_number": "POS-1760881177565"
}
}, {
"model": "inventory.saleshistory",
"pk": 239,
"fields": {
"product": 217,
"batch": null,
"customer": null,
"quantity": 1,
"unit_price": "3300.00",
"cost_price": null,
"total_price": "3300.00",
"profit": null,
"sale_date": "2025-10-19T13:39:37.614Z",
"receipt_number": "POS-1760881177565"
}
}, {
"model": "inventory.saleshistory",
"pk": 240,
"fields": {
"product": 157,
"batch": null,
"customer": null,
"quantity": 1,
"unit_price": "3400.00",
"cost_price": null,
"total_price": "3400.00",
"profit": null,
"sale_date": "2025-10-19T13:48:20.511Z",
"receipt_number": "POS-1760881700493"
}
}, {
"model": "inventory.saleshistory",
"pk": 241,
"fields": {
"product": 162,
"batch": null,
"customer": null,
"quantity": 1,
"unit_price": "2700.00",
"cost_price": null,
"total_price": "2700.00",
"profit": null,
"sale_date": "2025-10-19T13:48:20.514Z",
"receipt_number": "POS-1760881700493"
}
}, {
"model": "inventory.saleshistory",
"pk": 242,
"fields": {
"product": 168,
"batch": null,
"customer": null,
"quantity": 1,
"unit_price": "3000.00",
"cost_price": null,
"total_price": "3000.00",
"profit": null,
"sale_date": "2025-10-19T13:53:48.658Z",
"receipt_number": "POS-1760882028622"
}
}, {
"model": "inventory.saleshistory",
"pk": 243,
"fields": {
"product": 181,
"batch": null,
"customer": null,
"quantity": 1,
"unit_price": "2700.00",
"cost_price": null,
"total_price": "2700.00",
"profit": null,
"sale_date": "2025-10-19T13:53:48.662Z",
"receipt_number": "POS-1760882028622"
}
}, {
"model": "inventory.saleshistory",
"pk": 244,
"fields": {
"product": 182,
"batch": null,
"customer": null,
"quantity": 1,
"unit_price": "2600.00",
"cost_price": null,
"total_price": "2600.00",
"profit": null,
"sale_date": "2025-10-19T13:53:48.665Z",
"receipt_number": "POS-1760882028622"
}
}, {
"model": "inventory.saleshistory",
"pk": 245,
"fields": {
"product": 158,
"batch": null,
"customer": null,
"quantity": 1,
"unit_price": "3500.00",
"cost_price": null,
"total_price": "3500.00",
"profit": null,
"sale_date": "2025-10-19T14:01:38.935Z",
"receipt_number": "POS-1760882498853"
}
}, {
"model": "inventory.saleshistory",
"pk": 246,
"fields": {
"product": 161,
"batch": null,
"customer": null,
"quantity": 1,
"unit_price": "2800.00",
"cost_price": null,
"total_price": "2800.00",
"profit": null,
"sale_date": "2025-10-19T14:01:38.944Z",
"receipt_number": "POS-1760882498853"
}
}, {
"model": "inventory.saleshistory",
"pk": 247,
"fields": {
"product": 156,
"batch": null,
"customer": null,
"quantity": 1,
"unit_price": "3100.00",
"cost_price": null,
"total_price": "3100.00",
"profit": null,
"sale_date": "2025-10-19T14:01:38.956Z",
"receipt_number": "POS-1760882498853"
}
}, {
"model": "inventory.saleshistory",
"pk": 248,
"fields": {
"product": 160,
"batch": null,
"customer": null,
"quantity": 1,
"unit_price": "3000.00",
"cost_price": null,
"total_price": "3000.00",
"profit": null,
"sale_date": "2025-10-19T14:01:38.964Z",
"receipt_number": "POS-1760882498853"
}
}, {
"model": "inventory.saleshistory",
"pk": 249,
"fields": {
"product": 153,
"batch": null,
"customer": null,
"quantity": 1,
"unit_price": "3200.00",
"cost_price": null,
"total_price": "3200.00",
"profit": null,
"sale_date": "2025-10-19T14:01:38.974Z",
"receipt_number": "POS-1760882498853"
}
}, {
"model": "inventory.saleshistory",
"pk": 250,
"fields": {
"product": 162,
"batch": null,
"customer": null,
"quantity": 1,
"unit_price": "2700.00",
"cost_price": null,
"total_price": "2700.00",
"profit": null,
"sale_date": "2025-10-19T14:01:38.983Z",
"receipt_number": "POS-1760882498853"
}
}, {
"model": "inventory.saleshistory",
"pk": 251,
"fields": {
"product": 154,
"batch": 31,
"customer": null,
"quantity": 1,
"unit_price": "2900.00",
"cost_price": null,
"total_price": "2900.00",
"profit": null,
"sale_date": "2025-10-19T14:04:30.907Z",
"receipt_number": "POS-1760882670874"
}
}, {
"model": "inventory.saleshistory",
"pk": 252,
"fields": {
"product": 157,
"batch": null,
"customer": null,
"quantity": 1,
"unit_price": "3400.00",
"cost_price": null,
"total_price": "3400.00",
"profit": null,
"sale_date": "2025-10-19T14:06:35.035Z",
"receipt_number": "POS-1760882794884"
}
}, {
"model": "inventory.saleshistory",
"pk": 253,
"fields": {
"product": 162,
"batch": null,
"customer": null,
"quantity": 1,
"unit_price": "2700.00",
"cost_price": null,
"total_price": "2700.00",
"profit": null,
"sale_date": "2025-10-19T14:06:35.037Z",
"receipt_number": "POS-1760882794884"
}
}, {
"model": "inventory.saleshistory",
"pk": 254,
"fields": {
"product": 153,
"batch": null,
"customer": null,
"quantity": 1,
"unit_price": "3200.00",
"cost_price": null,
"total_price": "3200.00",
"profit": null,
"sale_date": "2025-10-19T14:06:35.040Z",
"receipt_number": "POS-1760882794884"
}
}, {
"model": "inventory.saleshistory",
"pk": 255,
"fields": {
"product": 159,
"batch": 34,
"customer": null,
"quantity": 1,
"unit_price": "4500.00",
"cost_price": null,
"total_price": "4500.00",
"profit": null,
"sale_date": "2025-10-19T14:06:35.042Z",
"receipt_number": "POS-1760882794884"
}
}, {
"model": "inventory.saleshistory",
"pk": 256,
"fields": {
"product": 155,
"batch": null,
"customer": null,
"quantity": 1,
"unit_price": "3600.00",
"cost_price": null,
"total_price": "3600.00",
"profit": null,
"sale_date": "2025-10-19T14:06:35.045Z",
"receipt_number": "POS-1760882794884"
}
}, {
"model": "inventory.saleshistory",
"pk": 257,
"fields": {
"product": 160,
"batch": null,
"customer": null,
"quantity": 1,
"unit_price": "3000.00",
"cost_price": null,
"total_price": "3000.00",
"profit": null,
"sale_date": "2025-10-19T14:06:35.047Z",
"receipt_number": "POS-1760882794884"
}
}, {
"model": "inventory.saleshistory",
"pk": 258,
"fields": {
"product": 156,
"batch": null,
"customer": null,
"quantity": 1,
"unit_price": "3100.00",
"cost_price": null,
"total_price": "3100.00",
"profit": null,
"sale_date": "2025-10-19T14:06:35.050Z",
"receipt_number": "POS-1760882794884"
}
}, {
"model": "inventory.saleshistory",
"pk": 259,
"fields": {
"product": 161,
"batch": null,
"customer": null,
"quantity": 1,
"unit_price": "2800.00",
"cost_price": null,
"total_price": "2800.00",
"profit": null,
"sale_date": "2025-10-19T14:06:35.052Z",
"receipt_number": "POS-1760882794884"
}
}, {
"model": "inventory.saleshistory",
"pk": 260,
"fields": {
"product": 158,
"batch": null,
"customer": null,
"quantity": 1,
"unit_price": "3500.00",
"cost_price": null,
"total_price": "3500.00",
"profit": null,
"sale_date": "2025-10-19T14:06:35.055Z",
"receipt_number": "POS-1760882794884"
}
}, {
"model": "inventory.saleshistory",
"pk": 261,
"fields": {
"product": 166,
"batch": null,
"customer": null,
"quantity": 1,
"unit_price": "2700.00",
"cost_price": null,
"total_price": "2700.00",
"profit": null,
"sale_date": "2025-10-19T14:06:35.057Z",
"receipt_number": "POS-1760882794884"
}
}, {
"model": "inventory.saleshistory",
"pk": 262,
"fields": {
"product": 172,
"batch": null,
"customer": null,
"quantity": 1,
"unit_price": "3100.00",
"cost_price": null,
"total_price": "3100.00",
"profit": null,
"sale_date": "2025-10-19T14:06:35.059Z",
"receipt_number": "POS-1760882794884"
}
}, {
"model": "inventory.saleshistory",
"pk": 263,
"fields": {
"product": 167,
"batch": null,
"customer": null,
"quantity": 1,
"unit_price": "3300.00",
"cost_price": null,
"total_price": "3300.00",
"profit": null,
"sale_date": "2025-10-19T14:06:35.061Z",
"receipt_number": "POS-1760882794884"
}
}, {
"model": "inventory.saleshistory",
"pk": 264,
"fields": {
"product": 163,
"batch": null,
"customer": null,
"quantity": 1,
"unit_price": "3100.00",
"cost_price": null,
"total_price": "3100.00",
"profit": null,
"sale_date": "2025-10-19T14:06:35.064Z",
"receipt_number": "POS-1760882794884"
}
}, {
"model": "inventory.saleshistory",
"pk": 265,
"fields": {
"product": 170,
"batch": null,
"customer": null,
"quantity": 1,
"unit_price": "3200.00",
"cost_price": null,
"total_price": "3200.00",
"profit": null,
"sale_date": "2025-10-19T14:06:35.066Z",
"receipt_number": "POS-1760882794884"
}
}, {
"model": "inventory.saleshistory",
"pk": 266,
"fields": {
"product": 165,
"batch": null,
"customer": null,
"quantity": 1,
"unit_price": "2800.00",
"cost_price": null,
"total_price": "2800.00",
"profit": null,
"sale_date": "2025-10-19T14:06:35.069Z",
"receipt_number": "POS-1760882794884"
}
}, {
"model": "inventory.saleshistory",
"pk": 267,
"fields": {
"product": 175,
"batch": null,
"customer": null,
"quantity": 1,
"unit_price": "2800.00",
"cost_price": null,
"total_price": "2800.00",
"profit": null,
"sale_date": "2025-10-19T14:06:35.071Z",
"receipt_number": "POS-1760882794884"
}
}, {
"model": "inventory.saleshistory",
"pk": 268,
"fields": {
"product": 157,
"batch": null,
"customer": null,
"quantity": 1,
"unit_price": "3400.00",
"cost_price": null,
"total_price": "3400.00",
"profit": null,
"sale_date": "2025-10-19T14:06:57.169Z",
"receipt_number": "POS-1760882817014"
}
}, {
"model": "inventory.saleshistory",
"pk": 269,
"fields": {
"product": 162,
"batch": null,
"customer": null,
"quantity": 1,
"unit_price": "2700.00",
"cost_price": null,
"total_price": "2700.00",
"profit": null,
"sale_date": "2025-10-19T14:06:57.172Z",
"receipt_number": "POS-1760882817014"
}
}, {
"model": "inventory.saleshistory",
"pk": 270,
"fields": {
"product": 153,
"batch": null,
"customer": null,
"quantity": 1,
"unit_price": "3200.00",
"cost_price": null,
"total_price": "3200.00",
"profit": null,
"sale_date": "2025-10-19T14:06:57.175Z",
"receipt_number": "POS-1760882817014"
}
}, {
"model": "inventory.saleshistory",
"pk": 271,
"fields": {
"product": 159,
"batch": 34,
"customer": null,
"quantity": 1,
"unit_price": "4500.00",
"cost_price": null,
"total_price": "4500.00",
"profit": null,
"sale_date": "2025-10-19T14:06:57.178Z",
"receipt_number": "POS-1760882817014"
}
}, {
"model": "inventory.saleshistory",
"pk": 272,
"fields": {
"product": 155,
"batch": null,
"customer": null,
"quantity": 1,
"unit_price": "3600.00",
"cost_price": null,
"total_price": "3600.00",
"profit": null,
"sale_date": "2025-10-19T14:06:57.182Z",
"receipt_number": "POS-1760882817014"
}
}, {
"model": "inventory.saleshistory",
"pk": 273,
"fields": {
"product": 160,
"batch": null,
"customer": null,
"quantity": 1,
"unit_price": "3000.00",
"cost_price": null,
"total_price": "3000.00",
"profit": null,
"sale_date": "2025-10-19T14:06:57.186Z",
"receipt_number": "POS-1760882817014"
}
}, {
"model": "inventory.saleshistory",
"pk": 274,
"fields": {
"product": 156,
"batch": null,
"customer": null,
"quantity": 1,
"unit_price": "3100.00",
"cost_price": null,
"total_price": "3100.00",
"profit": null,
"sale_date": "2025-10-19T14:06:57.189Z",
"receipt_number": "POS-1760882817014"
}
}, {
"model": "inventory.saleshistory",
"pk": 275,
"fields": {
"product": 161,
"batch": null,
"customer": null,
"quantity": 1,
"unit_price": "2800.00",
"cost_price": null,
"total_price": "2800.00",
"profit": null,
"sale_date": "2025-10-19T14:06:57.193Z",
"receipt_number": "POS-1760882817014"
}
}, {
"model": "inventory.saleshistory",
"pk": 276,
"fields": {
"product": 158,
"batch": null,
"customer": null,
"quantity": 1,
"unit_price": "3500.00",
"cost_price": null,
"total_price": "3500.00",
"profit": null,
"sale_date": "2025-10-19T14:06:57.199Z",
"receipt_number": "POS-1760882817014"
}
}, {
"model": "inventory.saleshistory",
"pk": 277,
"fields": {
"product": 166,
"batch": null,
"customer": null,
"quantity": 1,
"unit_price": "2700.00",
"cost_price": null,
"total_price": "2700.00",
"profit": null,
"sale_date": "2025-10-19T14:06:57.204Z",
"receipt_number": "POS-1760882817014"
}
}, {
"model": "inventory.saleshistory",
"pk": 278,
"fields": {
"product": 172,
"batch": null,
"customer": null,
"quantity": 1,
"unit_price": "3100.00",
"cost_price": null,
"total_price": "3100.00",
"profit": null,
"sale_date": "2025-10-19T14:06:57.209Z",
"receipt_number": "POS-1760882817014"
}
}, {
"model": "inventory.saleshistory",
"pk": 279,
"fields": {
"product": 167,
"batch": null,
"customer": null,
"quantity": 1,
"unit_price": "3300.00",
"cost_price": null,
"total_price": "3300.00",
"profit": null,
"sale_date": "2025-10-19T14:06:57.216Z",
"receipt_number": "POS-1760882817014"
}
}, {
"model": "inventory.saleshistory",
"pk": 280,
"fields": {
"product": 163,
"batch": null,
"customer": null,
"quantity": 1,
"unit_price": "3100.00",
"cost_price": null,
"total_price": "3100.00",
"profit": null,
"sale_date": "2025-10-19T14:06:57.222Z",
"receipt_number": "POS-1760882817014"
}
}, {
"model": "inventory.saleshistory",
"pk": 281,
"fields": {
"product": 170,
"batch": null,
"customer": null,
"quantity": 1,
"unit_price": "3200.00",
"cost_price": null,
"total_price": "3200.00",
"profit": null,
"sale_date": "2025-10-19T14:06:57.230Z",
"receipt_number": "POS-1760882817014"
}
}, {
"model": "inventory.saleshistory",
"pk": 282,
"fields": {
"product": 165,
"batch": null,
"customer": null,
"quantity": 1,
"unit_price": "2800.00",
"cost_price": null,
"total_price": "2800.00",
"profit": null,
"sale_date": "2025-10-19T14:06:57.236Z",
"receipt_number": "POS-1760882817014"
}
}, {
"model": "inventory.saleshistory",
"pk": 283,
"fields": {
"product": 175,
"batch": null,
"customer": null,
"quantity": 1,
"unit_price": "2800.00",
"cost_price": null,
"total_price": "2800.00",
"profit": null,
"sale_date": "2025-10-19T14:06:57.242Z",
"receipt_number": "POS-1760882817014"
}
}, {
"model": "inventory.saleshistory",
"pk": 284,
"fields": {
"product": 184,
"batch": 28,
"customer": null,
"quantity": 1,
"unit_price": "3300.00",
"cost_price": null,
"total_price": "3300.00",
"profit": null,
"sale_date": "2025-10-19T14:06:57.250Z",
"receipt_number": "POS-1760882817014"
}
}, {
"model": "inventory.saleshistory",
"pk": 285,
"fields": {
"product": 183,
"batch": null,
"customer": null,
"quantity": 1,
"unit_price": "6500.00",
"cost_price": null,
"total_price": "6500.00",
"profit": null,
"sale_date": "2025-10-19T14:06:57.256Z",
"receipt_number": "POS-1760882817014"
}
}, {
"model": "inventory.saleshistory",
"pk": 286,
"fields": {
"product": 191,
"batch": null,
"customer": null,
"quantity": 1,
"unit_price": "3200.00",
"cost_price": null,
"total_price": "3200.00",
"profit": null,
"sale_date": "2025-10-19T14:06:57.263Z",
"receipt_number": "POS-1760882817014"
}
}, {
"model": "inventory.saleshistory",
"pk": 287,
"fields": {
"product": 187,
"batch": null,
"customer": null,
"quantity": 1,
"unit_price": "2700.00",
"cost_price": null,
"total_price": "2700.00",
"profit": null,
"sale_date": "2025-10-19T14:06:57.269Z",
"receipt_number": "POS-1760882817014"
}
}, {
"model": "inventory.saleshistory",
"pk": 288,
"fields": {
"product": 193,
"batch": null,
"customer": null,
"quantity": 2,
"unit_price": "4500.00",
"cost_price": null,
"total_price": "9000.00",
"profit": null,
"sale_date": "2025-10-19T14:06:57.274Z",
"receipt_number": "POS-1760882817014"
}
}, {
"model": "inventory.saleshistory",
"pk": 289,
"fields": {
"product": 201,
"batch": null,
"customer": null,
"quantity": 2,
"unit_price": "3600.00",
"cost_price": null,
"total_price": "7200.00",
"profit": null,
"sale_date": "2025-10-19T14:06:57.280Z",
"receipt_number": "POS-1760882817014"
}
}, {
"model": "inventory.saleshistory",
"pk": 290,
"fields": {
"product": 202,
"batch": null,
"customer": null,
"quantity": 2,
"unit_price": "4300.00",
"cost_price": null,
"total_price": "8600.00",
"profit": null,
"sale_date": "2025-10-19T14:06:57.285Z",
"receipt_number": "POS-1760882817014"
}
}, {
"model": "inventory.saleshistory",
"pk": 291,
"fields": {
"product": 197,
"batch": null,
"customer": null,
"quantity": 1,
"unit_price": "5800.00",
"cost_price": null,
"total_price": "5800.00",
"profit": null,
"sale_date": "2025-10-19T14:06:57.290Z",
"receipt_number": "POS-1760882817014"
}
}, {
"model": "inventory.saleshistory",
"pk": 292,
"fields": {
"product": 199,
"batch": null,
"customer": null,
"quantity": 2,
"unit_price": "3800.00",
"cost_price": null,
"total_price": "7600.00",
"profit": null,
"sale_date": "2025-10-19T14:06:57.297Z",
"receipt_number": "POS-1760882817014"
}
}, {
"model": "inventory.saleshistory",
"pk": 293,
"fields": {
"product": 208,
"batch": null,
"customer": null,
"quantity": 1,
"unit_price": "3400.00",
"cost_price": null,
"total_price": "3400.00",
"profit": null,
"sale_date": "2025-10-19T14:06:57.304Z",
"receipt_number": "POS-1760882817014"
}
}, {
"model": "inventory.saleshistory",
"pk": 294,
"fields": {
"product": 209,
"batch": null,
"customer": null,
"quantity": 1,
"unit_price": "3600.00",
"cost_price": null,
"total_price": "3600.00",
"profit": null,
"sale_date": "2025-10-19T14:06:57.312Z",
"receipt_number": "POS-1760882817014"
}
}, {
"model": "inventory.saleshistory",
"pk": 295,
"fields": {
"product": 211,
"batch": null,
"customer": null,
"quantity": 1,
"unit_price": "2800.00",
"cost_price": null,
"total_price": "2800.00",
"profit": null,
"sale_date": "2025-10-19T14:06:57.320Z",
"receipt_number": "POS-1760882817014"
}
}, {
"model": "inventory.saleshistory",
"pk": 296,
"fields": {
"product": 212,
"batch": null,
"customer": null,
"quantity": 1,
"unit_price": "4000.00",
"cost_price": null,
"total_price": "4000.00",
"profit": null,
"sale_date": "2025-10-19T14:06:57.328Z",
"receipt_number": "POS-1760882817014"
}
}, {
"model": "inventory.saleshistory",
"pk": 297,
"fields": {
"product": 206,
"batch": null,
"customer": null,
"quantity": 1,
"unit_price": "3300.00",
"cost_price": null,
"total_price": "3300.00",
"profit": null,
"sale_date": "2025-10-19T14:06:57.339Z",
"receipt_number": "POS-1760882817014"
}
}, {
"model": "inventory.saleshistory",
"pk": 298,
"fields": {
"product": 196,
"batch": null,
"customer": null,
"quantity": 1,
"unit_price": "4000.00",
"cost_price": null,
"total_price": "4000.00",
"profit": null,
"sale_date": "2025-10-19T14:06:57.351Z",
"receipt_number": "POS-1760882817014"
}
}, {
"model": "inventory.saleshistory",
"pk": 299,
"fields": {
"product": 200,
"batch": null,
"customer": null,
"quantity": 1,
"unit_price": "4700.00",
"cost_price": null,
"total_price": "4700.00",
"profit": null,
"sale_date": "2025-10-19T14:06:57.359Z",
"receipt_number": "POS-1760882817014"
}
}, {
"model": "inventory.saleshistory",
"pk": 300,
"fields": {
"product": 195,
"batch": null,
"customer": null,
"quantity": 1,
"unit_price": "3700.00",
"cost_price": null,
"total_price": "3700.00",
"profit": null,
"sale_date": "2025-10-19T14:06:57.368Z",
"receipt_number": "POS-1760882817014"
}
}, {
"model": "inventory.saleshistory",
"pk": 301,
"fields": {
"product": 198,
"batch": null,
"customer": null,
"quantity": 1,
"unit_price": "3300.00",
"cost_price": null,
"total_price": "3300.00",
"profit": null,
"sale_date": "2025-10-19T14:06:57.377Z",
"receipt_number": "POS-1760882817014"
}
}, {
"model": "inventory.saleshistory",
"pk": 302,
"fields": {
"product": 186,
"batch": null,
"customer": null,
"quantity": 1,
"unit_price": "3700.00",
"cost_price": null,
"total_price": "3700.00",
"profit": null,
"sale_date": "2025-10-19T14:06:57.385Z",
"receipt_number": "POS-1760882817014"
}
}, {
"model": "inventory.saleshistory",
"pk": 303,
"fields": {
"product": 189,
"batch": null,
"customer": null,
"quantity": 1,
"unit_price": "4000.00",
"cost_price": null,
"total_price": "4000.00",
"profit": null,
"sale_date": "2025-10-19T14:06:57.393Z",
"receipt_number": "POS-1760882817014"
}
}, {
"model": "inventory.saleshistory",
"pk": 304,
"fields": {
"product": 188,
"batch": null,
"customer": null,
"quantity": 1,
"unit_price": "4600.00",
"cost_price": null,
"total_price": "4600.00",
"profit": null,
"sale_date": "2025-10-19T14:06:57.402Z",
"receipt_number": "POS-1760882817014"
}
}, {
"model": "inventory.saleshistory",
"pk": 305,
"fields": {
"product": 192,
"batch": null,
"customer": null,
"quantity": 1,
"unit_price": "3600.00",
"cost_price": null,
"total_price": "3600.00",
"profit": null,
"sale_date": "2025-10-19T14:06:57.411Z",
"receipt_number": "POS-1760882817014"
}
}, {
"model": "inventory.saleshistory",
"pk": 306,
"fields": {
"product": 185,
"batch": null,
"customer": null,
"quantity": 1,
"unit_price": "2900.00",
"cost_price": null,
"total_price": "2900.00",
"profit": null,
"sale_date": "2025-10-19T14:06:57.419Z",
"receipt_number": "POS-1760882817014"
}
}, {
"model": "inventory.saleshistory",
"pk": 307,
"fields": {
"product": 247,
"batch": null,
"customer": null,
"quantity": 1,
"unit_price": "2900.00",
"cost_price": null,
"total_price": "2900.00",
"profit": null,
"sale_date": "2025-10-19T14:06:57.427Z",
"receipt_number": "POS-1760882817014"
}
}, {
"model": "inventory.saleshistory",
"pk": 308,
"fields": {
"product": 249,
"batch": null,
"customer": null,
"quantity": 1,
"unit_price": "2700.00",
"cost_price": null,
"total_price": "2700.00",
"profit": null,
"sale_date": "2025-10-19T14:06:57.433Z",
"receipt_number": "POS-1760882817014"
}
}, {
"model": "inventory.saleshistory",
"pk": 309,
"fields": {
"product": 251,
"batch": null,
"customer": null,
"quantity": 1,
"unit_price": "2800.00",
"cost_price": null,
"total_price": "2800.00",
"profit": null,
"sale_date": "2025-10-19T14:06:57.437Z",
"receipt_number": "POS-1760882817014"
}
}, {
"model": "inventory.saleshistory",
"pk": 310,
"fields": {
"product": 250,
"batch": null,
"customer": null,
"quantity": 1,
"unit_price": "3100.00",
"cost_price": null,
"total_price": "3100.00",
"profit": null,
"sale_date": "2025-10-19T14:06:57.442Z",
"receipt_number": "POS-1760882817014"
}
}, {
"model": "inventory.saleshistory",
"pk": 311,
"fields": {
"product": 245,
"batch": null,
"customer": null,
"quantity": 1,
"unit_price": "7200.00",
"cost_price": null,
"total_price": "7200.00",
"profit": null,
"sale_date": "2025-10-19T14:06:57.445Z",
"receipt_number": "POS-1760882817014"
}
}, {
"model": "inventory.saleshistory",
"pk": 312,
"fields": {
"product": 252,
"batch": 25,
"customer": null,
"quantity": 1,
"unit_price": "3400.00",
"cost_price": null,
"total_price": "3400.00",
"profit": null,
"sale_date": "2025-10-19T14:06:57.449Z",
"receipt_number": "POS-1760882817014"
}
}, {
"model": "inventory.saleshistory",
"pk": 313,
"fields": {
"product": 248,
"batch": null,
"customer": null,
"quantity": 1,
"unit_price": "3200.00",
"cost_price": null,
"total_price": "3200.00",
"profit": null,
"sale_date": "2025-10-19T14:06:57.452Z",
"receipt_number": "POS-1760882817014"
}
}, {
"model": "inventory.saleshistory",
"pk": 314,
"fields": {
"product": 243,
"batch": null,
"customer": null,
"quantity": 1,
"unit_price": "4500.00",
"cost_price": null,
"total_price": "4500.00",
"profit": null,
"sale_date": "2025-10-19T14:06:57.454Z",
"receipt_number": "POS-1760882817014"
}
}, {
"model": "inventory.saleshistory",
"pk": 315,
"fields": {
"product": 154,
"batch": 31,
"customer": null,
"quantity": 1,
"unit_price": "2900.00",
"cost_price": null,
"total_price": "2900.00",
"profit": null,
"sale_date": "2025-10-19T14:14:45.024Z",
"receipt_number": "POS-1760883284985"
}
}, {
"model": "inventory.saleshistory",
"pk": 316,
"fields": {
"product": 157,
"batch": null,
"customer": null,
"quantity": 1,
"unit_price": "3400.00",
"cost_price": null,
"total_price": "3400.00",
"profit": null,
"sale_date": "2025-10-19T14:14:45.027Z",
"receipt_number": "POS-1760883284985"
}
}, {
"model": "inventory.saleshistory",
"pk": 317,
"fields": {
"product": 161,
"batch": null,
"customer": null,
"quantity": 1,
"unit_price": "2800.00",
"cost_price": null,
"total_price": "2800.00",
"profit": null,
"sale_date": "2025-10-19T14:14:45.029Z",
"receipt_number": "POS-1760883284985"
}
}, {
"model": "inventory.saleshistory",
"pk": 318,
"fields": {
"product": 158,
"batch": null,
"customer": null,
"quantity": 1,
"unit_price": "3500.00",
"cost_price": null,
"total_price": "3500.00",
"profit": null,
"sale_date": "2025-10-19T14:14:45.032Z",
"receipt_number": "POS-1760883284985"
}
}, {
"model": "inventory.saleshistory",
"pk": 319,
"fields": {
"product": 154,
"batch": 31,
"customer": null,
"quantity": 1,
"unit_price": "2900.00",
"cost_price": null,
"total_price": "2900.00",
"profit": null,
"sale_date": "2025-10-19T14:22:47.996Z",
"receipt_number": "POS-1760883767909"
}
}, {
"model": "inventory.saleshistory",
"pk": 320,
"fields": {
"product": 157,
"batch": null,
"customer": null,
"quantity": 1,
"unit_price": "3400.00",
"cost_price": null,
"total_price": "3400.00",
"profit": null,
"sale_date": "2025-10-19T14:22:48.008Z",
"receipt_number": "POS-1760883767909"
}
}, {
"model": "inventory.saleshistory",
"pk": 321,
"fields": {
"product": 161,
"batch": null,
"customer": null,
"quantity": 1,
"unit_price": "2800.00",
"cost_price": null,
"total_price": "2800.00",
"profit": null,
"sale_date": "2025-10-19T14:22:48.020Z",
"receipt_number": "POS-1760883767909"
}
}, {
"model": "inventory.saleshistory",
"pk": 322,
"fields": {
"product": 156,
"batch": null,
"customer": null,
"quantity": 1,
"unit_price": "3100.00",
"cost_price": null,
"total_price": "3100.00",
"profit": null,
"sale_date": "2025-10-19T14:22:48.032Z",
"receipt_number": "POS-1760883767909"
}
}, {
"model": "sales.cart",
"pk": 162,
"fields": {
"customer": null,
"status": "closed",
"void_reason": null,
"created_at": "2025-10-08T09:21:06.645Z",
"updated_at": "2025-10-08T09:21:06.646Z",
"cashier": 3
}
}, {
"model": "sales.cart",
"pk": 163,
"fields": {
"customer": null,
"status": "closed",
"void_reason": null,
"created_at": "2025-10-08T09:21:33.373Z",
"updated_at": "2025-10-08T09:21:52.552Z",
"cashier": 3
}
}, {
"model": "sales.cart",
"pk": 164,
"fields": {
"customer": null,
"status": "closed",
"void_reason": null,
"created_at": "2025-10-08T09:40:13.975Z",
"updated_at": "2025-10-08T09:40:13.975Z",
"cashier": 3
}
}, {
"model": "sales.cart",
"pk": 165,
"fields": {
"customer": 9,
"status": "closed",
"void_reason": null,
"created_at": "2025-10-08T09:55:47.776Z",
"updated_at": "2025-10-08T09:55:47.788Z",
"cashier": 3
}
}, {
"model": "sales.cart",
"pk": 166,
"fields": {
"customer": null,
"status": "closed",
"void_reason": null,
"created_at": "2025-10-08T11:26:42.890Z",
"updated_at": "2025-10-08T11:26:42.890Z",
"cashier": 3
}
}, {
"model": "sales.cart",
"pk": 167,
"fields": {
"customer": 9,
"status": "closed",
"void_reason": null,
"created_at": "2025-10-08T11:27:54.290Z",
"updated_at": "2025-10-08T11:27:54.306Z",
"cashier": 3
}
}, {
"model": "sales.cart",
"pk": 168,
"fields": {
"customer": null,
"status": "closed",
"void_reason": null,
"created_at": "2025-10-08T11:31:49.443Z",
"updated_at": "2025-10-08T11:31:49.443Z",
"cashier": 3
}
}, {
"model": "sales.cart",
"pk": 169,
"fields": {
"customer": null,
"status": "closed",
"void_reason": null,
"created_at": "2025-10-08T11:33:02.879Z",
"updated_at": "2025-10-08T13:27:50.532Z",
"cashier": 3
}
}, {
"model": "sales.cart",
"pk": 170,
"fields": {
"customer": null,
"status": "closed",
"void_reason": null,
"created_at": "2025-10-08T13:26:04.547Z",
"updated_at": "2025-10-08T13:26:04.547Z",
"cashier": 3
}
}, {
"model": "sales.cart",
"pk": 171,
"fields": {
"customer": null,
"status": "closed",
"void_reason": null,
"created_at": "2025-10-08T13:32:41.171Z",
"updated_at": "2025-10-08T13:32:41.171Z",
"cashier": 3
}
}, {
"model": "sales.cart",
"pk": 172,
"fields": {
"customer": null,
"status": "closed",
"void_reason": null,
"created_at": "2025-10-08T13:34:44.809Z",
"updated_at": "2025-10-08T13:34:44.809Z",
"cashier": 3
}
}, {
"model": "sales.cart",
"pk": 173,
"fields": {
"customer": null,
"status": "closed",
"void_reason": null,
"created_at": "2025-10-10T07:44:48.096Z",
"updated_at": "2025-10-10T07:44:48.096Z",
"cashier": 3
}
}, {
"model": "sales.cart",
"pk": 174,
"fields": {
"customer": null,
"status": "closed",
"void_reason": null,
"created_at": "2025-10-10T07:51:11.579Z",
"updated_at": "2025-10-10T07:51:11.579Z",
"cashier": 3
}
}, {
"model": "sales.cart",
"pk": 175,
"fields": {
"customer": null,
"status": "closed",
"void_reason": null,
"created_at": "2025-10-10T07:51:29.016Z",
"updated_at": "2025-10-10T07:51:29.016Z",
"cashier": 3
}
}, {
"model": "sales.cart",
"pk": 176,
"fields": {
"customer": null,
"status": "closed",
"void_reason": null,
"created_at": "2025-10-10T07:55:05.529Z",
"updated_at": "2025-10-10T07:55:05.529Z",
"cashier": 3
}
}, {
"model": "sales.cart",
"pk": 177,
"fields": {
"customer": null,
"status": "closed",
"void_reason": null,
"created_at": "2025-10-10T07:55:41.208Z",
"updated_at": "2025-10-10T07:55:41.208Z",
"cashier": 3
}
}, {
"model": "sales.cart",
"pk": 178,
"fields": {
"customer": null,
"status": "closed",
"void_reason": null,
"created_at": "2025-10-10T08:02:03.222Z",
"updated_at": "2025-10-10T08:02:03.222Z",
"cashier": 3
}
}, {
"model": "sales.cart",
"pk": 179,
"fields": {
"customer": null,
"status": "closed",
"void_reason": null,
"created_at": "2025-10-10T08:08:30.060Z",
"updated_at": "2025-10-10T08:08:30.060Z",
"cashier": 3
}
}, {
"model": "sales.cart",
"pk": 180,
"fields": {
"customer": null,
"status": "closed",
"void_reason": null,
"created_at": "2025-10-10T08:09:39.720Z",
"updated_at": "2025-10-10T08:09:39.720Z",
"cashier": 3
}
}, {
"model": "sales.cart",
"pk": 181,
"fields": {
"customer": null,
"status": "closed",
"void_reason": null,
"created_at": "2025-10-10T08:12:54.563Z",
"updated_at": "2025-10-10T08:12:54.564Z",
"cashier": 3
}
}, {
"model": "sales.cart",
"pk": 182,
"fields": {
"customer": null,
"status": "voided",
"void_reason": "test",
"created_at": "2025-10-11T10:33:51.115Z",
"updated_at": "2025-10-12T10:28:18.018Z",
"cashier": 3
}
}, {
"model": "sales.cart",
"pk": 183,
"fields": {
"customer": null,
"status": "closed",
"void_reason": null,
"created_at": "2025-10-11T11:11:37.195Z",
"updated_at": "2025-10-11T12:45:47.848Z",
"cashier": 3
}
}, {
"model": "sales.cart",
"pk": 184,
"fields": {
"customer": null,
"status": "closed",
"void_reason": null,
"created_at": "2025-10-11T12:34:09.320Z",
"updated_at": "2025-10-11T12:34:09.320Z",
"cashier": 3
}
}, {
"model": "sales.cart",
"pk": 185,
"fields": {
"customer": 9,
"status": "closed",
"void_reason": null,
"created_at": "2025-10-11T12:40:10.831Z",
"updated_at": "2025-10-11T12:46:40.270Z",
"cashier": 3
}
}, {
"model": "sales.cart",
"pk": 186,
"fields": {
"customer": null,
"status": "voided",
"void_reason": "test",
"created_at": "2025-10-11T12:40:42.007Z",
"updated_at": "2025-10-12T10:28:08.606Z",
"cashier": 3
}
}, {
"model": "sales.cart",
"pk": 187,
"fields": {
"customer": null,
"status": "closed",
"void_reason": null,
"created_at": "2025-10-11T12:40:48.409Z",
"updated_at": "2025-10-11T12:46:10.869Z",
"cashier": 3
}
}, {
"model": "sales.cart",
"pk": 188,
"fields": {
"customer": null,
"status": "voided",
"void_reason": "test",
"created_at": "2025-10-11T12:40:52.505Z",
"updated_at": "2025-10-12T10:28:00.375Z",
"cashier": 3
}
}, {
"model": "sales.cart",
"pk": 189,
"fields": {
"customer": null,
"status": "voided",
"void_reason": "test",
"created_at": "2025-10-11T12:40:59.160Z",
"updated_at": "2025-10-11T12:48:30.384Z",
"cashier": 3
}
}, {
"model": "sales.cart",
"pk": 190,
"fields": {
"customer": null,
"status": "voided",
"void_reason": "return",
"created_at": "2025-10-11T12:41:02.304Z",
"updated_at": "2025-10-11T12:48:04.025Z",
"cashier": 3
}
}, {
"model": "sales.cart",
"pk": 191,
"fields": {
"customer": null,
"status": "closed",
"void_reason": null,
"created_at": "2025-10-12T10:27:32.413Z",
"updated_at": "2025-10-12T10:27:32.413Z",
"cashier": 3
}
}, {
"model": "sales.cart",
"pk": 192,
"fields": {
"customer": null,
"status": "closed",
"void_reason": null,
"created_at": "2025-10-12T12:47:27.345Z",
"updated_at": "2025-10-12T12:48:05.768Z",
"cashier": 3
}
}, {
"model": "sales.cart",
"pk": 193,
"fields": {
"customer": null,
"status": "closed",
"void_reason": null,
"created_at": "2025-10-12T12:49:16.001Z",
"updated_at": "2025-10-12T12:49:16.001Z",
"cashier": 3
}
}, {
"model": "sales.cart",
"pk": 194,
"fields": {
"customer": null,
"status": "closed",
"void_reason": null,
"created_at": "2025-10-19T12:44:28.366Z",
"updated_at": "2025-10-19T12:44:28.366Z",
"cashier": 3
}
}, {
"model": "sales.cart",
"pk": 195,
"fields": {
"customer": null,
"status": "closed",
"void_reason": null,
"created_at": "2025-10-19T12:47:45.986Z",
"updated_at": "2025-10-19T12:47:45.986Z",
"cashier": 3
}
}, {
"model": "sales.cart",
"pk": 196,
"fields": {
"customer": null,
"status": "closed",
"void_reason": null,
"created_at": "2025-10-19T13:37:57.426Z",
"updated_at": "2025-10-19T13:37:57.426Z",
"cashier": 3
}
}, {
"model": "sales.cart",
"pk": 197,
"fields": {
"customer": null,
"status": "closed",
"void_reason": null,
"created_at": "2025-10-19T13:39:37.571Z",
"updated_at": "2025-10-19T13:39:37.571Z",
"cashier": 3
}
}, {
"model": "sales.cart",
"pk": 198,
"fields": {
"customer": null,
"status": "closed",
"void_reason": null,
"created_at": "2025-10-19T13:48:20.498Z",
"updated_at": "2025-10-19T13:48:20.498Z",
"cashier": 3
}
}, {
"model": "sales.cart",
"pk": 199,
"fields": {
"customer": null,
"status": "closed",
"void_reason": null,
"created_at": "2025-10-19T13:53:48.634Z",
"updated_at": "2025-10-19T13:53:48.634Z",
"cashier": 3
}
}, {
"model": "sales.cart",
"pk": 200,
"fields": {
"customer": null,
"status": "closed",
"void_reason": null,
"created_at": "2025-10-19T14:01:38.868Z",
"updated_at": "2025-10-19T14:01:38.868Z",
"cashier": 3
}
}, {
"model": "sales.cart",
"pk": 201,
"fields": {
"customer": null,
"status": "closed",
"void_reason": null,
"created_at": "2025-10-19T14:04:30.885Z",
"updated_at": "2025-10-19T14:04:30.885Z",
"cashier": 3
}
}, {
"model": "sales.cart",
"pk": 202,
"fields": {
"customer": null,
"status": "closed",
"void_reason": null,
"created_at": "2025-10-19T14:06:34.899Z",
"updated_at": "2025-10-19T14:06:34.899Z",
"cashier": 3
}
}, {
"model": "sales.cart",
"pk": 203,
"fields": {
"customer": null,
"status": "closed",
"void_reason": null,
"created_at": "2025-10-19T14:06:57.031Z",
"updated_at": "2025-10-19T14:06:57.031Z",
"cashier": 3
}
}, {
"model": "sales.cart",
"pk": 204,
"fields": {
"customer": null,
"status": "closed",
"void_reason": null,
"created_at": "2025-10-19T14:14:45.000Z",
"updated_at": "2025-10-19T14:14:45.000Z",
"cashier": 3
}
}, {
"model": "sales.cart",
"pk": 205,
"fields": {
"customer": null,
"status": "closed",
"void_reason": null,
"created_at": "2025-10-19T14:22:47.933Z",
"updated_at": "2025-10-19T14:22:47.933Z",
"cashier": 3
}
}, {
"model": "sales.cartitem",
"pk": 302,
"fields": {
"cart": 162,
"product": 162,
"quantity": 1,
"unit_price": "2700.00",
"discount": "0.00"
}
}, {
"model": "sales.cartitem",
"pk": 303,
"fields": {
"cart": 162,
"product": 153,
"quantity": 1,
"unit_price": "3200.00",
"discount": "0.00"
}
}, {
"model": "sales.cartitem",
"pk": 304,
"fields": {
"cart": 163,
"product": 172,
"quantity": 1,
"unit_price": "3100.00",
"discount": "0.00"
}
}, {
"model": "sales.cartitem",
"pk": 305,
"fields": {
"cart": 163,
"product": 166,
"quantity": 1,
"unit_price": "2700.00",
"discount": "0.00"
}
}, {
"model": "sales.cartitem",
"pk": 306,
"fields": {
"cart": 163,
"product": 161,
"quantity": 1,
"unit_price": "2800.00",
"discount": "0.00"
}
}, {
"model": "sales.cartitem",
"pk": 307,
"fields": {
"cart": 163,
"product": 156,
"quantity": 1,
"unit_price": "3100.00",
"discount": "0.00"
}
}, {
"model": "sales.cartitem",
"pk": 308,
"fields": {
"cart": 164,
"product": 252,
"quantity": 24,
"unit_price": "3400.00",
"discount": "0.00"
}
}, {
"model": "sales.cartitem",
"pk": 309,
"fields": {
"cart": 165,
"product": 159,
"quantity": 24,
"unit_price": "3150.00",
"discount": "0.00"
}
}, {
"model": "sales.cartitem",
"pk": 310,
"fields": {
"cart": 166,
"product": 154,
"quantity": 6,
"unit_price": "1980.00",
"discount": "0.00"
}
}, {
"model": "sales.cartitem",
"pk": 311,
"fields": {
"cart": 166,
"product": 157,
"quantity": 6,
"unit_price": "2340.00",
"discount": "0.00"
}
}, {
"model": "sales.cartitem",
"pk": 312,
"fields": {
"cart": 166,
"product": 162,
"quantity": 6,
"unit_price": "1800.00",
"discount": "0.00"
}
}, {
"model": "sales.cartitem",
"pk": 313,
"fields": {
"cart": 167,
"product": 154,
"quantity": 18,
"unit_price": "1980.00",
"discount": "0.00"
}
}, {
"model": "sales.cartitem",
"pk": 314,
"fields": {
"cart": 167,
"product": 157,
"quantity": 1,
"unit_price": "2340.00",
"discount": "0.00"
}
}, {
"model": "sales.cartitem",
"pk": 315,
"fields": {
"cart": 168,
"product": 156,
"quantity": 1,
"unit_price": "3100.00",
"discount": "0.00"
}
}, {
"model": "sales.cartitem",
"pk": 316,
"fields": {
"cart": 169,
"product": 157,
"quantity": 1,
"unit_price": "3400.00",
"discount": "0.00"
}
}, {
"model": "sales.cartitem",
"pk": 317,
"fields": {
"cart": 170,
"product": 207,
"quantity": 1,
"unit_price": "3100.00",
"discount": "0.00"
}
}, {
"model": "sales.cartitem",
"pk": 318,
"fields": {
"cart": 171,
"product": 174,
"quantity": 1,
"unit_price": "2700.00",
"discount": "0.00"
}
}, {
"model": "sales.cartitem",
"pk": 319,
"fields": {
"cart": 171,
"product": 162,
"quantity": 1,
"unit_price": "2700.00",
"discount": "0.00"
}
}, {
"model": "sales.cartitem",
"pk": 320,
"fields": {
"cart": 172,
"product": 246,
"quantity": 1,
"unit_price": "5000.00",
"discount": "0.00"
}
}, {
"model": "sales.cartitem",
"pk": 321,
"fields": {
"cart": 172,
"product": 248,
"quantity": 1,
"unit_price": "3200.00",
"discount": "0.00"
}
}, {
"model": "sales.cartitem",
"pk": 322,
"fields": {
"cart": 172,
"product": 244,
"quantity": 1,
"unit_price": "5500.00",
"discount": "0.00"
}
}, {
"model": "sales.cartitem",
"pk": 323,
"fields": {
"cart": 172,
"product": 243,
"quantity": 1,
"unit_price": "4500.00",
"discount": "0.00"
}
}, {
"model": "sales.cartitem",
"pk": 324,
"fields": {
"cart": 173,
"product": 161,
"quantity": 1,
"unit_price": "2800.00",
"discount": "0.00"
}
}, {
"model": "sales.cartitem",
"pk": 325,
"fields": {
"cart": 174,
"product": 158,
"quantity": 1,
"unit_price": "3500.00",
"discount": "0.00"
}
}, {
"model": "sales.cartitem",
"pk": 326,
"fields": {
"cart": 175,
"product": 161,
"quantity": 1,
"unit_price": "2800.00",
"discount": "0.00"
}
}, {
"model": "sales.cartitem",
"pk": 327,
"fields": {
"cart": 176,
"product": 157,
"quantity": 2,
"unit_price": "3400.00",
"discount": "0.00"
}
}, {
"model": "sales.cartitem",
"pk": 328,
"fields": {
"cart": 177,
"product": 158,
"quantity": 1,
"unit_price": "3500.00",
"discount": "0.00"
}
}, {
"model": "sales.cartitem",
"pk": 329,
"fields": {
"cart": 178,
"product": 157,
"quantity": 1,
"unit_price": "3400.00",
"discount": "0.00"
}
}, {
"model": "sales.cartitem",
"pk": 330,
"fields": {
"cart": 179,
"product": 157,
"quantity": 1,
"unit_price": "3400.00",
"discount": "0.00"
}
}, {
"model": "sales.cartitem",
"pk": 331,
"fields": {
"cart": 180,
"product": 179,
"quantity": 6,
"unit_price": "1890.00",
"discount": "0.00"
}
}, {
"model": "sales.cartitem",
"pk": 332,
"fields": {
"cart": 180,
"product": 174,
"quantity": 6,
"unit_price": "1800.00",
"discount": "0.00"
}
}, {
"model": "sales.cartitem",
"pk": 333,
"fields": {
"cart": 180,
"product": 181,
"quantity": 6,
"unit_price": "1800.00",
"discount": "0.00"
}
}, {
"model": "sales.cartitem",
"pk": 334,
"fields": {
"cart": 180,
"product": 182,
"quantity": 6,
"unit_price": "1710.00",
"discount": "0.00"
}
}, {
"model": "sales.cartitem",
"pk": 335,
"fields": {
"cart": 180,
"product": 180,
"quantity": 6,
"unit_price": "2160.00",
"discount": "0.00"
}
}, {
"model": "sales.cartitem",
"pk": 336,
"fields": {
"cart": 180,
"product": 177,
"quantity": 7,
"unit_price": "2070.00",
"discount": "0.00"
}
}, {
"model": "sales.cartitem",
"pk": 337,
"fields": {
"cart": 180,
"product": 176,
"quantity": 6,
"unit_price": "1710.00",
"discount": "0.00"
}
}, {
"model": "sales.cartitem",
"pk": 338,
"fields": {
"cart": 180,
"product": 175,
"quantity": 6,
"unit_price": "1890.00",
"discount": "0.00"
}
}, {
"model": "sales.cartitem",
"pk": 339,
"fields": {
"cart": 181,
"product": 157,
"quantity": 1,
"unit_price": "3400.00",
"discount": "0.00"
}
}, {
"model": "sales.cartitem",
"pk": 340,
"fields": {
"cart": 182,
"product": 161,
"quantity": 1,
"unit_price": "2800.00",
"discount": "0.00"
}
}, {
"model": "sales.cartitem",
"pk": 341,
"fields": {
"cart": 183,
"product": 154,
"quantity": 1,
"unit_price": "2900.00",
"discount": "0.00"
}
}, {
"model": "sales.cartitem",
"pk": 342,
"fields": {
"cart": 183,
"product": 157,
"quantity": 1,
"unit_price": "3400.00",
"discount": "0.00"
}
}, {
"model": "sales.cartitem",
"pk": 343,
"fields": {
"cart": 184,
"product": 244,
"quantity": 1,
"unit_price": "5500.00",
"discount": "0.00"
}
}, {
"model": "sales.cartitem",
"pk": 344,
"fields": {
"cart": 184,
"product": 243,
"quantity": 1,
"unit_price": "4500.00",
"discount": "0.00"
}
}, {
"model": "sales.cartitem",
"pk": 345,
"fields": {
"cart": 185,
"product": 158,
"quantity": 1,
"unit_price": "2430.00",
"discount": "0.00"
}
}, {
"model": "sales.cartitem",
"pk": 346,
"fields": {
"cart": 185,
"product": 161,
"quantity": 1,
"unit_price": "1890.00",
"discount": "0.00"
}
}, {
"model": "sales.cartitem",
"pk": 347,
"fields": {
"cart": 185,
"product": 156,
"quantity": 1,
"unit_price": "2160.00",
"discount": "0.00"
}
}, {
"model": "sales.cartitem",
"pk": 348,
"fields": {
"cart": 185,
"product": 167,
"quantity": 1,
"unit_price": "2250.00",
"discount": "0.00"
}
}, {
"model": "sales.cartitem",
"pk": 349,
"fields": {
"cart": 186,
"product": 154,
"quantity": 6,
"unit_price": "1980.00",
"discount": "0.00"
}
}, {
"model": "sales.cartitem",
"pk": 350,
"fields": {
"cart": 187,
"product": 159,
"quantity": 1,
"unit_price": "4500.00",
"discount": "0.00"
}
}, {
"model": "sales.cartitem",
"pk": 351,
"fields": {
"cart": 188,
"product": 156,
"quantity": 1,
"unit_price": "3100.00",
"discount": "0.00"
}
}, {
"model": "sales.cartitem",
"pk": 352,
"fields": {
"cart": 189,
"product": 167,
"quantity": 1,
"unit_price": "3300.00",
"discount": "0.00"
}
}, {
"model": "sales.cartitem",
"pk": 353,
"fields": {
"cart": 190,
"product": 155,
"quantity": 1,
"unit_price": "3600.00",
"discount": "0.00"
}
}, {
"model": "sales.cartitem",
"pk": 354,
"fields": {
"cart": 191,
"product": 167,
"quantity": 1,
"unit_price": "3300.00",
"discount": "0.00"
}
}, {
"model": "sales.cartitem",
"pk": 355,
"fields": {
"cart": 191,
"product": 163,
"quantity": 1,
"unit_price": "3100.00",
"discount": "0.00"
}
}, {
"model": "sales.cartitem",
"pk": 356,
"fields": {
"cart": 192,
"product": 213,
"quantity": 2,
"unit_price": "2900.00",
"discount": "0.00"
}
}, {
"model": "sales.cartitem",
"pk": 357,
"fields": {
"cart": 192,
"product": 219,
"quantity": 1,
"unit_price": "2900.00",
"discount": "0.00"
}
}, {
"model": "sales.cartitem",
"pk": 358,
"fields": {
"cart": 193,
"product": 222,
"quantity": 1,
"unit_price": "3600.00",
"discount": "0.00"
}
}, {
"model": "sales.cartitem",
"pk": 359,
"fields": {
"cart": 193,
"product": 216,
"quantity": 1,
"unit_price": "3100.00",
"discount": "0.00"
}
}, {
"model": "sales.cartitem",
"pk": 360,
"fields": {
"cart": 194,
"product": 154,
"quantity": 1,
"unit_price": "2900.00",
"discount": "0.00"
}
}, {
"model": "sales.cartitem",
"pk": 361,
"fields": {
"cart": 194,
"product": 157,
"quantity": 1,
"unit_price": "3400.00",
"discount": "0.00"
}
}, {
"model": "sales.cartitem",
"pk": 362,
"fields": {
"cart": 195,
"product": 154,
"quantity": 1,
"unit_price": "2900.00",
"discount": "0.00"
}
}, {
"model": "sales.cartitem",
"pk": 363,
"fields": {
"cart": 195,
"product": 157,
"quantity": 1,
"unit_price": "3400.00",
"discount": "0.00"
}
}, {
"model": "sales.cartitem",
"pk": 364,
"fields": {
"cart": 195,
"product": 162,
"quantity": 1,
"unit_price": "2700.00",
"discount": "0.00"
}
}, {
"model": "sales.cartitem",
"pk": 365,
"fields": {
"cart": 195,
"product": 153,
"quantity": 1,
"unit_price": "3200.00",
"discount": "0.00"
}
}, {
"model": "sales.cartitem",
"pk": 366,
"fields": {
"cart": 195,
"product": 159,
"quantity": 1,
"unit_price": "4500.00",
"discount": "0.00"
}
}, {
"model": "sales.cartitem",
"pk": 367,
"fields": {
"cart": 195,
"product": 155,
"quantity": 1,
"unit_price": "3600.00",
"discount": "0.00"
}
}, {
"model": "sales.cartitem",
"pk": 368,
"fields": {
"cart": 195,
"product": 160,
"quantity": 1,
"unit_price": "3000.00",
"discount": "0.00"
}
}, {
"model": "sales.cartitem",
"pk": 369,
"fields": {
"cart": 195,
"product": 156,
"quantity": 1,
"unit_price": "3100.00",
"discount": "0.00"
}
}, {
"model": "sales.cartitem",
"pk": 370,
"fields": {
"cart": 195,
"product": 161,
"quantity": 1,
"unit_price": "2800.00",
"discount": "0.00"
}
}, {
"model": "sales.cartitem",
"pk": 371,
"fields": {
"cart": 195,
"product": 158,
"quantity": 1,
"unit_price": "3500.00",
"discount": "0.00"
}
}, {
"model": "sales.cartitem",
"pk": 372,
"fields": {
"cart": 196,
"product": 154,
"quantity": 1,
"unit_price": "2900.00",
"discount": "0.00"
}
}, {
"model": "sales.cartitem",
"pk": 373,
"fields": {
"cart": 196,
"product": 157,
"quantity": 1,
"unit_price": "3400.00",
"discount": "0.00"
}
}, {
"model": "sales.cartitem",
"pk": 374,
"fields": {
"cart": 196,
"product": 161,
"quantity": 1,
"unit_price": "2800.00",
"discount": "0.00"
}
}, {
"model": "sales.cartitem",
"pk": 375,
"fields": {
"cart": 197,
"product": 154,
"quantity": 1,
"unit_price": "2900.00",
"discount": "0.00"
}
}, {
"model": "sales.cartitem",
"pk": 376,
"fields": {
"cart": 197,
"product": 157,
"quantity": 1,
"unit_price": "3400.00",
"discount": "0.00"
}
}, {
"model": "sales.cartitem",
"pk": 377,
"fields": {
"cart": 197,
"product": 162,
"quantity": 1,
"unit_price": "2700.00",
"discount": "0.00"
}
}, {
"model": "sales.cartitem",
"pk": 378,
"fields": {
"cart": 197,
"product": 153,
"quantity": 1,
"unit_price": "3200.00",
"discount": "0.00"
}
}, {
"model": "sales.cartitem",
"pk": 379,
"fields": {
"cart": 197,
"product": 160,
"quantity": 1,
"unit_price": "3000.00",
"discount": "0.00"
}
}, {
"model": "sales.cartitem",
"pk": 380,
"fields": {
"cart": 197,
"product": 155,
"quantity": 1,
"unit_price": "3600.00",
"discount": "0.00"
}
}, {
"model": "sales.cartitem",
"pk": 381,
"fields": {
"cart": 197,
"product": 175,
"quantity": 1,
"unit_price": "2800.00",
"discount": "0.00"
}
}, {
"model": "sales.cartitem",
"pk": 382,
"fields": {
"cart": 197,
"product": 191,
"quantity": 1,
"unit_price": "3200.00",
"discount": "0.00"
}
}, {
"model": "sales.cartitem",
"pk": 383,
"fields": {
"cart": 197,
"product": 187,
"quantity": 1,
"unit_price": "2700.00",
"discount": "0.00"
}
}, {
"model": "sales.cartitem",
"pk": 384,
"fields": {
"cart": 197,
"product": 209,
"quantity": 1,
"unit_price": "3600.00",
"discount": "0.00"
}
}, {
"model": "sales.cartitem",
"pk": 385,
"fields": {
"cart": 197,
"product": 211,
"quantity": 1,
"unit_price": "2800.00",
"discount": "0.00"
}
}, {
"model": "sales.cartitem",
"pk": 386,
"fields": {
"cart": 197,
"product": 212,
"quantity": 1,
"unit_price": "4000.00",
"discount": "0.00"
}
}, {
"model": "sales.cartitem",
"pk": 387,
"fields": {
"cart": 197,
"product": 206,
"quantity": 1,
"unit_price": "3300.00",
"discount": "0.00"
}
}, {
"model": "sales.cartitem",
"pk": 388,
"fields": {
"cart": 197,
"product": 216,
"quantity": 1,
"unit_price": "3100.00",
"discount": "0.00"
}
}, {
"model": "sales.cartitem",
"pk": 389,
"fields": {
"cart": 197,
"product": 219,
"quantity": 1,
"unit_price": "2900.00",
"discount": "0.00"
}
}, {
"model": "sales.cartitem",
"pk": 390,
"fields": {
"cart": 197,
"product": 213,
"quantity": 1,
"unit_price": "2900.00",
"discount": "0.00"
}
}, {
"model": "sales.cartitem",
"pk": 391,
"fields": {
"cart": 197,
"product": 218,
"quantity": 1,
"unit_price": "3200.00",
"discount": "0.00"
}
}, {
"model": "sales.cartitem",
"pk": 392,
"fields": {
"cart": 197,
"product": 217,
"quantity": 1,
"unit_price": "3300.00",
"discount": "0.00"
}
}, {
"model": "sales.cartitem",
"pk": 393,
"fields": {
"cart": 198,
"product": 157,
"quantity": 1,
"unit_price": "3400.00",
"discount": "0.00"
}
}, {
"model": "sales.cartitem",
"pk": 394,
"fields": {
"cart": 198,
"product": 162,
"quantity": 1,
"unit_price": "2700.00",
"discount": "0.00"
}
}, {
"model": "sales.cartitem",
"pk": 395,
"fields": {
"cart": 199,
"product": 168,
"quantity": 1,
"unit_price": "3000.00",
"discount": "0.00"
}
}, {
"model": "sales.cartitem",
"pk": 396,
"fields": {
"cart": 199,
"product": 181,
"quantity": 1,
"unit_price": "2700.00",
"discount": "0.00"
}
}, {
"model": "sales.cartitem",
"pk": 397,
"fields": {
"cart": 199,
"product": 182,
"quantity": 1,
"unit_price": "2600.00",
"discount": "0.00"
}
}, {
"model": "sales.cartitem",
"pk": 398,
"fields": {
"cart": 200,
"product": 158,
"quantity": 1,
"unit_price": "3500.00",
"discount": "0.00"
}
}, {
"model": "sales.cartitem",
"pk": 399,
"fields": {
"cart": 200,
"product": 161,
"quantity": 1,
"unit_price": "2800.00",
"discount": "0.00"
}
}, {
"model": "sales.cartitem",
"pk": 400,
"fields": {
"cart": 200,
"product": 156,
"quantity": 1,
"unit_price": "3100.00",
"discount": "0.00"
}
}, {
"model": "sales.cartitem",
"pk": 401,
"fields": {
"cart": 200,
"product": 160,
"quantity": 1,
"unit_price": "3000.00",
"discount": "0.00"
}
}, {
"model": "sales.cartitem",
"pk": 402,
"fields": {
"cart": 200,
"product": 153,
"quantity": 1,
"unit_price": "3200.00",
"discount": "0.00"
}
}, {
"model": "sales.cartitem",
"pk": 403,
"fields": {
"cart": 200,
"product": 162,
"quantity": 1,
"unit_price": "2700.00",
"discount": "0.00"
}
}, {
"model": "sales.cartitem",
"pk": 404,
"fields": {
"cart": 201,
"product": 154,
"quantity": 1,
"unit_price": "2900.00",
"discount": "0.00"
}
}, {
"model": "sales.cartitem",
"pk": 405,
"fields": {
"cart": 202,
"product": 157,
"quantity": 1,
"unit_price": "3400.00",
"discount": "0.00"
}
}, {
"model": "sales.cartitem",
"pk": 406,
"fields": {
"cart": 202,
"product": 162,
"quantity": 1,
"unit_price": "2700.00",
"discount": "0.00"
}
}, {
"model": "sales.cartitem",
"pk": 407,
"fields": {
"cart": 202,
"product": 153,
"quantity": 1,
"unit_price": "3200.00",
"discount": "0.00"
}
}, {
"model": "sales.cartitem",
"pk": 408,
"fields": {
"cart": 202,
"product": 159,
"quantity": 1,
"unit_price": "4500.00",
"discount": "0.00"
}
}, {
"model": "sales.cartitem",
"pk": 409,
"fields": {
"cart": 202,
"product": 155,
"quantity": 1,
"unit_price": "3600.00",
"discount": "0.00"
}
}, {
"model": "sales.cartitem",
"pk": 410,
"fields": {
"cart": 202,
"product": 160,
"quantity": 1,
"unit_price": "3000.00",
"discount": "0.00"
}
}, {
"model": "sales.cartitem",
"pk": 411,
"fields": {
"cart": 202,
"product": 156,
"quantity": 1,
"unit_price": "3100.00",
"discount": "0.00"
}
}, {
"model": "sales.cartitem",
"pk": 412,
"fields": {
"cart": 202,
"product": 161,
"quantity": 1,
"unit_price": "2800.00",
"discount": "0.00"
}
}, {
"model": "sales.cartitem",
"pk": 413,
"fields": {
"cart": 202,
"product": 158,
"quantity": 1,
"unit_price": "3500.00",
"discount": "0.00"
}
}, {
"model": "sales.cartitem",
"pk": 414,
"fields": {
"cart": 202,
"product": 166,
"quantity": 1,
"unit_price": "2700.00",
"discount": "0.00"
}
}, {
"model": "sales.cartitem",
"pk": 415,
"fields": {
"cart": 202,
"product": 172,
"quantity": 1,
"unit_price": "3100.00",
"discount": "0.00"
}
}, {
"model": "sales.cartitem",
"pk": 416,
"fields": {
"cart": 202,
"product": 167,
"quantity": 1,
"unit_price": "3300.00",
"discount": "0.00"
}
}, {
"model": "sales.cartitem",
"pk": 417,
"fields": {
"cart": 202,
"product": 163,
"quantity": 1,
"unit_price": "3100.00",
"discount": "0.00"
}
}, {
"model": "sales.cartitem",
"pk": 418,
"fields": {
"cart": 202,
"product": 170,
"quantity": 1,
"unit_price": "3200.00",
"discount": "0.00"
}
}, {
"model": "sales.cartitem",
"pk": 419,
"fields": {
"cart": 202,
"product": 165,
"quantity": 1,
"unit_price": "2800.00",
"discount": "0.00"
}
}, {
"model": "sales.cartitem",
"pk": 420,
"fields": {
"cart": 202,
"product": 175,
"quantity": 1,
"unit_price": "2800.00",
"discount": "0.00"
}
}, {
"model": "sales.cartitem",
"pk": 421,
"fields": {
"cart": 202,
"product": 190,
"quantity": 2,
"unit_price": "3400.00",
"discount": "0.00"
}
}, {
"model": "sales.cartitem",
"pk": 422,
"fields": {
"cart": 202,
"product": 184,
"quantity": 1,
"unit_price": "3300.00",
"discount": "0.00"
}
}, {
"model": "sales.cartitem",
"pk": 423,
"fields": {
"cart": 202,
"product": 183,
"quantity": 1,
"unit_price": "6500.00",
"discount": "0.00"
}
}, {
"model": "sales.cartitem",
"pk": 424,
"fields": {
"cart": 202,
"product": 191,
"quantity": 1,
"unit_price": "3200.00",
"discount": "0.00"
}
}, {
"model": "sales.cartitem",
"pk": 425,
"fields": {
"cart": 202,
"product": 187,
"quantity": 1,
"unit_price": "2700.00",
"discount": "0.00"
}
}, {
"model": "sales.cartitem",
"pk": 426,
"fields": {
"cart": 202,
"product": 193,
"quantity": 2,
"unit_price": "4500.00",
"discount": "0.00"
}
}, {
"model": "sales.cartitem",
"pk": 427,
"fields": {
"cart": 202,
"product": 201,
"quantity": 2,
"unit_price": "3600.00",
"discount": "0.00"
}
}, {
"model": "sales.cartitem",
"pk": 428,
"fields": {
"cart": 202,
"product": 202,
"quantity": 2,
"unit_price": "4300.00",
"discount": "0.00"
}
}, {
"model": "sales.cartitem",
"pk": 429,
"fields": {
"cart": 202,
"product": 197,
"quantity": 1,
"unit_price": "5800.00",
"discount": "0.00"
}
}, {
"model": "sales.cartitem",
"pk": 430,
"fields": {
"cart": 202,
"product": 199,
"quantity": 2,
"unit_price": "3800.00",
"discount": "0.00"
}
}, {
"model": "sales.cartitem",
"pk": 431,
"fields": {
"cart": 202,
"product": 208,
"quantity": 1,
"unit_price": "3400.00",
"discount": "0.00"
}
}, {
"model": "sales.cartitem",
"pk": 432,
"fields": {
"cart": 202,
"product": 209,
"quantity": 1,
"unit_price": "3600.00",
"discount": "0.00"
}
}, {
"model": "sales.cartitem",
"pk": 433,
"fields": {
"cart": 202,
"product": 211,
"quantity": 1,
"unit_price": "2800.00",
"discount": "0.00"
}
}, {
"model": "sales.cartitem",
"pk": 434,
"fields": {
"cart": 202,
"product": 212,
"quantity": 1,
"unit_price": "4000.00",
"discount": "0.00"
}
}, {
"model": "sales.cartitem",
"pk": 435,
"fields": {
"cart": 202,
"product": 206,
"quantity": 1,
"unit_price": "3300.00",
"discount": "0.00"
}
}, {
"model": "sales.cartitem",
"pk": 436,
"fields": {
"cart": 202,
"product": 196,
"quantity": 1,
"unit_price": "4000.00",
"discount": "0.00"
}
}, {
"model": "sales.cartitem",
"pk": 437,
"fields": {
"cart": 202,
"product": 200,
"quantity": 1,
"unit_price": "4700.00",
"discount": "0.00"
}
}, {
"model": "sales.cartitem",
"pk": 438,
"fields": {
"cart": 202,
"product": 195,
"quantity": 1,
"unit_price": "3700.00",
"discount": "0.00"
}
}, {
"model": "sales.cartitem",
"pk": 439,
"fields": {
"cart": 202,
"product": 198,
"quantity": 1,
"unit_price": "3300.00",
"discount": "0.00"
}
}, {
"model": "sales.cartitem",
"pk": 440,
"fields": {
"cart": 202,
"product": 186,
"quantity": 1,
"unit_price": "3700.00",
"discount": "0.00"
}
}, {
"model": "sales.cartitem",
"pk": 441,
"fields": {
"cart": 202,
"product": 189,
"quantity": 1,
"unit_price": "4000.00",
"discount": "0.00"
}
}, {
"model": "sales.cartitem",
"pk": 442,
"fields": {
"cart": 202,
"product": 188,
"quantity": 1,
"unit_price": "4600.00",
"discount": "0.00"
}
}, {
"model": "sales.cartitem",
"pk": 443,
"fields": {
"cart": 202,
"product": 192,
"quantity": 1,
"unit_price": "3600.00",
"discount": "0.00"
}
}, {
"model": "sales.cartitem",
"pk": 444,
"fields": {
"cart": 202,
"product": 185,
"quantity": 1,
"unit_price": "2900.00",
"discount": "0.00"
}
}, {
"model": "sales.cartitem",
"pk": 445,
"fields": {
"cart": 202,
"product": 247,
"quantity": 1,
"unit_price": "2900.00",
"discount": "0.00"
}
}, {
"model": "sales.cartitem",
"pk": 446,
"fields": {
"cart": 202,
"product": 249,
"quantity": 1,
"unit_price": "2700.00",
"discount": "0.00"
}
}, {
"model": "sales.cartitem",
"pk": 447,
"fields": {
"cart": 202,
"product": 251,
"quantity": 1,
"unit_price": "2800.00",
"discount": "0.00"
}
}, {
"model": "sales.cartitem",
"pk": 448,
"fields": {
"cart": 202,
"product": 250,
"quantity": 1,
"unit_price": "3100.00",
"discount": "0.00"
}
}, {
"model": "sales.cartitem",
"pk": 449,
"fields": {
"cart": 202,
"product": 245,
"quantity": 1,
"unit_price": "7200.00",
"discount": "0.00"
}
}, {
"model": "sales.cartitem",
"pk": 450,
"fields": {
"cart": 202,
"product": 252,
"quantity": 1,
"unit_price": "3400.00",
"discount": "0.00"
}
}, {
"model": "sales.cartitem",
"pk": 451,
"fields": {
"cart": 202,
"product": 248,
"quantity": 1,
"unit_price": "3200.00",
"discount": "0.00"
}
}, {
"model": "sales.cartitem",
"pk": 452,
"fields": {
"cart": 202,
"product": 243,
"quantity": 1,
"unit_price": "4500.00",
"discount": "0.00"
}
}, {
"model": "sales.cartitem",
"pk": 453,
"fields": {
"cart": 203,
"product": 157,
"quantity": 1,
"unit_price": "3400.00",
"discount": "0.00"
}
}, {
"model": "sales.cartitem",
"pk": 454,
"fields": {
"cart": 203,
"product": 162,
"quantity": 1,
"unit_price": "2700.00",
"discount": "0.00"
}
}, {
"model": "sales.cartitem",
"pk": 455,
"fields": {
"cart": 203,
"product": 153,
"quantity": 1,
"unit_price": "3200.00",
"discount": "0.00"
}
}, {
"model": "sales.cartitem",
"pk": 456,
"fields": {
"cart": 203,
"product": 159,
"quantity": 1,
"unit_price": "4500.00",
"discount": "0.00"
}
}, {
"model": "sales.cartitem",
"pk": 457,
"fields": {
"cart": 203,
"product": 155,
"quantity": 1,
"unit_price": "3600.00",
"discount": "0.00"
}
}, {
"model": "sales.cartitem",
"pk": 458,
"fields": {
"cart": 203,
"product": 160,
"quantity": 1,
"unit_price": "3000.00",
"discount": "0.00"
}
}, {
"model": "sales.cartitem",
"pk": 459,
"fields": {
"cart": 203,
"product": 156,
"quantity": 1,
"unit_price": "3100.00",
"discount": "0.00"
}
}, {
"model": "sales.cartitem",
"pk": 460,
"fields": {
"cart": 203,
"product": 161,
"quantity": 1,
"unit_price": "2800.00",
"discount": "0.00"
}
}, {
"model": "sales.cartitem",
"pk": 461,
"fields": {
"cart": 203,
"product": 158,
"quantity": 1,
"unit_price": "3500.00",
"discount": "0.00"
}
}, {
"model": "sales.cartitem",
"pk": 462,
"fields": {
"cart": 203,
"product": 166,
"quantity": 1,
"unit_price": "2700.00",
"discount": "0.00"
}
}, {
"model": "sales.cartitem",
"pk": 463,
"fields": {
"cart": 203,
"product": 172,
"quantity": 1,
"unit_price": "3100.00",
"discount": "0.00"
}
}, {
"model": "sales.cartitem",
"pk": 464,
"fields": {
"cart": 203,
"product": 167,
"quantity": 1,
"unit_price": "3300.00",
"discount": "0.00"
}
}, {
"model": "sales.cartitem",
"pk": 465,
"fields": {
"cart": 203,
"product": 163,
"quantity": 1,
"unit_price": "3100.00",
"discount": "0.00"
}
}, {
"model": "sales.cartitem",
"pk": 466,
"fields": {
"cart": 203,
"product": 170,
"quantity": 1,
"unit_price": "3200.00",
"discount": "0.00"
}
}, {
"model": "sales.cartitem",
"pk": 467,
"fields": {
"cart": 203,
"product": 165,
"quantity": 1,
"unit_price": "2800.00",
"discount": "0.00"
}
}, {
"model": "sales.cartitem",
"pk": 468,
"fields": {
"cart": 203,
"product": 175,
"quantity": 1,
"unit_price": "2800.00",
"discount": "0.00"
}
}, {
"model": "sales.cartitem",
"pk": 469,
"fields": {
"cart": 203,
"product": 184,
"quantity": 1,
"unit_price": "3300.00",
"discount": "0.00"
}
}, {
"model": "sales.cartitem",
"pk": 470,
"fields": {
"cart": 203,
"product": 183,
"quantity": 1,
"unit_price": "6500.00",
"discount": "0.00"
}
}, {
"model": "sales.cartitem",
"pk": 471,
"fields": {
"cart": 203,
"product": 191,
"quantity": 1,
"unit_price": "3200.00",
"discount": "0.00"
}
}, {
"model": "sales.cartitem",
"pk": 472,
"fields": {
"cart": 203,
"product": 187,
"quantity": 1,
"unit_price": "2700.00",
"discount": "0.00"
}
}, {
"model": "sales.cartitem",
"pk": 473,
"fields": {
"cart": 203,
"product": 193,
"quantity": 2,
"unit_price": "4500.00",
"discount": "0.00"
}
}, {
"model": "sales.cartitem",
"pk": 474,
"fields": {
"cart": 203,
"product": 201,
"quantity": 2,
"unit_price": "3600.00",
"discount": "0.00"
}
}, {
"model": "sales.cartitem",
"pk": 475,
"fields": {
"cart": 203,
"product": 202,
"quantity": 2,
"unit_price": "4300.00",
"discount": "0.00"
}
}, {
"model": "sales.cartitem",
"pk": 476,
"fields": {
"cart": 203,
"product": 197,
"quantity": 1,
"unit_price": "5800.00",
"discount": "0.00"
}
}, {
"model": "sales.cartitem",
"pk": 477,
"fields": {
"cart": 203,
"product": 199,
"quantity": 2,
"unit_price": "3800.00",
"discount": "0.00"
}
}, {
"model": "sales.cartitem",
"pk": 478,
"fields": {
"cart": 203,
"product": 208,
"quantity": 1,
"unit_price": "3400.00",
"discount": "0.00"
}
}, {
"model": "sales.cartitem",
"pk": 479,
"fields": {
"cart": 203,
"product": 209,
"quantity": 1,
"unit_price": "3600.00",
"discount": "0.00"
}
}, {
"model": "sales.cartitem",
"pk": 480,
"fields": {
"cart": 203,
"product": 211,
"quantity": 1,
"unit_price": "2800.00",
"discount": "0.00"
}
}, {
"model": "sales.cartitem",
"pk": 481,
"fields": {
"cart": 203,
"product": 212,
"quantity": 1,
"unit_price": "4000.00",
"discount": "0.00"
}
}, {
"model": "sales.cartitem",
"pk": 482,
"fields": {
"cart": 203,
"product": 206,
"quantity": 1,
"unit_price": "3300.00",
"discount": "0.00"
}
}, {
"model": "sales.cartitem",
"pk": 483,
"fields": {
"cart": 203,
"product": 196,
"quantity": 1,
"unit_price": "4000.00",
"discount": "0.00"
}
}, {
"model": "sales.cartitem",
"pk": 484,
"fields": {
"cart": 203,
"product": 200,
"quantity": 1,
"unit_price": "4700.00",
"discount": "0.00"
}
}, {
"model": "sales.cartitem",
"pk": 485,
"fields": {
"cart": 203,
"product": 195,
"quantity": 1,
"unit_price": "3700.00",
"discount": "0.00"
}
}, {
"model": "sales.cartitem",
"pk": 486,
"fields": {
"cart": 203,
"product": 198,
"quantity": 1,
"unit_price": "3300.00",
"discount": "0.00"
}
}, {
"model": "sales.cartitem",
"pk": 487,
"fields": {
"cart": 203,
"product": 186,
"quantity": 1,
"unit_price": "3700.00",
"discount": "0.00"
}
}, {
"model": "sales.cartitem",
"pk": 488,
"fields": {
"cart": 203,
"product": 189,
"quantity": 1,
"unit_price": "4000.00",
"discount": "0.00"
}
}, {
"model": "sales.cartitem",
"pk": 489,
"fields": {
"cart": 203,
"product": 188,
"quantity": 1,
"unit_price": "4600.00",
"discount": "0.00"
}
}, {
"model": "sales.cartitem",
"pk": 490,
"fields": {
"cart": 203,
"product": 192,
"quantity": 1,
"unit_price": "3600.00",
"discount": "0.00"
}
}, {
"model": "sales.cartitem",
"pk": 491,
"fields": {
"cart": 203,
"product": 185,
"quantity": 1,
"unit_price": "2900.00",
"discount": "0.00"
}
}, {
"model": "sales.cartitem",
"pk": 492,
"fields": {
"cart": 203,
"product": 247,
"quantity": 1,
"unit_price": "2900.00",
"discount": "0.00"
}
}, {
"model": "sales.cartitem",
"pk": 493,
"fields": {
"cart": 203,
"product": 249,
"quantity": 1,
"unit_price": "2700.00",
"discount": "0.00"
}
}, {
"model": "sales.cartitem",
"pk": 494,
"fields": {
"cart": 203,
"product": 251,
"quantity": 1,
"unit_price": "2800.00",
"discount": "0.00"
}
}, {
"model": "sales.cartitem",
"pk": 495,
"fields": {
"cart": 203,
"product": 250,
"quantity": 1,
"unit_price": "3100.00",
"discount": "0.00"
}
}, {
"model": "sales.cartitem",
"pk": 496,
"fields": {
"cart": 203,
"product": 245,
"quantity": 1,
"unit_price": "7200.00",
"discount": "0.00"
}
}, {
"model": "sales.cartitem",
"pk": 497,
"fields": {
"cart": 203,
"product": 252,
"quantity": 1,
"unit_price": "3400.00",
"discount": "0.00"
}
}, {
"model": "sales.cartitem",
"pk": 498,
"fields": {
"cart": 203,
"product": 248,
"quantity": 1,
"unit_price": "3200.00",
"discount": "0.00"
}
}, {
"model": "sales.cartitem",
"pk": 499,
"fields": {
"cart": 203,
"product": 243,
"quantity": 1,
"unit_price": "4500.00",
"discount": "0.00"
}
}, {
"model": "sales.cartitem",
"pk": 500,
"fields": {
"cart": 204,
"product": 154,
"quantity": 1,
"unit_price": "2900.00",
"discount": "0.00"
}
}, {
"model": "sales.cartitem",
"pk": 501,
"fields": {
"cart": 204,
"product": 157,
"quantity": 1,
"unit_price": "3400.00",
"discount": "0.00"
}
}, {
"model": "sales.cartitem",
"pk": 502,
"fields": {
"cart": 204,
"product": 161,
"quantity": 1,
"unit_price": "2800.00",
"discount": "0.00"
}
}, {
"model": "sales.cartitem",
"pk": 503,
"fields": {
"cart": 204,
"product": 158,
"quantity": 1,
"unit_price": "3500.00",
"discount": "0.00"
}
}, {
"model": "sales.cartitem",
"pk": 504,
"fields": {
"cart": 205,
"product": 154,
"quantity": 1,
"unit_price": "2900.00",
"discount": "0.00"
}
}, {
"model": "sales.cartitem",
"pk": 505,
"fields": {
"cart": 205,
"product": 157,
"quantity": 1,
"unit_price": "3400.00",
"discount": "0.00"
}
}, {
"model": "sales.cartitem",
"pk": 506,
"fields": {
"cart": 205,
"product": 161,
"quantity": 1,
"unit_price": "2800.00",
"discount": "0.00"
}
}, {
"model": "sales.cartitem",
"pk": 507,
"fields": {
"cart": 205,
"product": 156,
"quantity": 1,
"unit_price": "3100.00",
"discount": "0.00"
}
}, {
"model": "sales.sale",
"pk": 105,
"fields": {
"cart": 162,
"customer": null,
"shift": 19,
"sale_type": "retail",
"total_amount": "5900.00",
"tax_amount": "0.00",
"discount_amount": "0.00",
"final_amount": "5900.00",
"sale_date": "2025-10-08T09:21:06.662Z",
"receipt_number": "POS-1759915266632"
}
}, {
"model": "sales.sale",
"pk": 106,
"fields": {
"cart": 163,
"customer": null,
"shift": 19,
"sale_type": "retail",
"total_amount": "11700.00",
"tax_amount": "0.00",
"discount_amount": "0.00",
"final_amount": "11700.00",
"sale_date": "2025-10-08T09:21:52.527Z",
"receipt_number": "POS-1759915312503"
}
}, {
"model": "sales.sale",
"pk": 107,
"fields": {
"cart": 164,
"customer": null,
"shift": 19,
"sale_type": "retail",
"total_amount": "81600.00",
"tax_amount": "0.00",
"discount_amount": "0.00",
"final_amount": "81600.00",
"sale_date": "2025-10-08T09:40:13.988Z",
"receipt_number": "POS-1759916413960"
}
}, {
"model": "sales.sale",
"pk": 108,
"fields": {
"cart": 165,
"customer": 9,
"shift": 19,
"sale_type": "wholesale",
"total_amount": "75600.00",
"tax_amount": "0.00",
"discount_amount": "0.00",
"final_amount": "75600.00",
"sale_date": "2025-10-08T09:55:47.790Z",
"receipt_number": "POS-1759917347761"
}
}, {
"model": "sales.sale",
"pk": 109,
"fields": {
"cart": 166,
"customer": null,
"shift": 19,
"sale_type": "wholesale",
"total_amount": "36720.00",
"tax_amount": "0.00",
"discount_amount": "0.00",
"final_amount": "36720.00",
"sale_date": "2025-10-08T11:26:42.898Z",
"receipt_number": "POS-1759922802875"
}
}, {
"model": "sales.sale",
"pk": 110,
"fields": {
"cart": 167,
"customer": 9,
"shift": 19,
"sale_type": "wholesale",
"total_amount": "37980.00",
"tax_amount": "0.00",
"discount_amount": "0.00",
"final_amount": "37980.00",
"sale_date": "2025-10-08T11:27:54.308Z",
"receipt_number": "POS-1759922874276"
}
}, {
"model": "sales.sale",
"pk": 111,
"fields": {
"cart": 168,
"customer": null,
"shift": 19,
"sale_type": "retail",
"total_amount": "3100.00",
"tax_amount": "0.00",
"discount_amount": "0.00",
"final_amount": "3100.00",
"sale_date": "2025-10-08T11:31:49.454Z",
"receipt_number": "POS-1759923109428"
}
}, {
"model": "sales.sale",
"pk": 112,
"fields": {
"cart": 170,
"customer": null,
"shift": 19,
"sale_type": "retail",
"total_amount": "3100.00",
"tax_amount": "0.00",
"discount_amount": "0.00",
"final_amount": "3100.00",
"sale_date": "2025-10-08T13:26:04.556Z",
"receipt_number": "POS-1759929964532"
}
}, {
"model": "sales.sale",
"pk": 113,
"fields": {
"cart": 169,
"customer": null,
"shift": 19,
"sale_type": "retail",
"total_amount": "3400.00",
"tax_amount": "0.00",
"discount_amount": "0.00",
"final_amount": "3400.00",
"sale_date": "2025-10-08T13:27:50.518Z",
"receipt_number": "POS-1759930070486"
}
}, {
"model": "sales.sale",
"pk": 114,
"fields": {
"cart": 171,
"customer": null,
"shift": 19,
"sale_type": "retail",
"total_amount": "5400.00",
"tax_amount": "0.00",
"discount_amount": "0.00",
"final_amount": "5400.00",
"sale_date": "2025-10-08T13:32:41.192Z",
"receipt_number": "POS-1759930361150"
}
}, {
"model": "sales.sale",
"pk": 115,
"fields": {
"cart": 172,
"customer": null,
"shift": 19,
"sale_type": "retail",
"total_amount": "18200.00",
"tax_amount": "0.00",
"discount_amount": "0.00",
"final_amount": "18200.00",
"sale_date": "2025-10-08T13:34:44.827Z",
"receipt_number": "POS-1759930484794"
}
}, {
"model": "sales.sale",
"pk": 116,
"fields": {
"cart": 173,
"customer": null,
"shift": 19,
"sale_type": "retail",
"total_amount": "2800.00",
"tax_amount": "0.00",
"discount_amount": "0.00",
"final_amount": "2800.00",
"sale_date": "2025-10-10T07:44:48.116Z",
"receipt_number": "POS-1760082288072"
}
}, {
"model": "sales.sale",
"pk": 117,
"fields": {
"cart": 174,
"customer": null,
"shift": 19,
"sale_type": "retail",
"total_amount": "3500.00",
"tax_amount": "0.00",
"discount_amount": "0.00",
"final_amount": "3500.00",
"sale_date": "2025-10-10T07:51:11.606Z",
"receipt_number": "POS-1760082671247"
}
}, {
"model": "sales.sale",
"pk": 118,
"fields": {
"cart": 175,
"customer": null,
"shift": 19,
"sale_type": "retail",
"total_amount": "2800.00",
"tax_amount": "0.00",
"discount_amount": "0.00",
"final_amount": "2800.00",
"sale_date": "2025-10-10T07:51:29.021Z",
"receipt_number": "POS-1760082689002"
}
}, {
"model": "sales.sale",
"pk": 119,
"fields": {
"cart": 176,
"customer": null,
"shift": 19,
"sale_type": "retail",
"total_amount": "6800.00",
"tax_amount": "0.00",
"discount_amount": "0.00",
"final_amount": "6800.00",
"sale_date": "2025-10-10T07:55:05.539Z",
"receipt_number": "POS-1760082905512"
}
}, {
"model": "sales.sale",
"pk": 120,
"fields": {
"cart": 177,
"customer": null,
"shift": 19,
"sale_type": "retail",
"total_amount": "3500.00",
"tax_amount": "0.00",
"discount_amount": "0.00",
"final_amount": "3500.00",
"sale_date": "2025-10-10T07:55:41.222Z",
"receipt_number": "POS-1760082941176"
}
}, {
"model": "sales.sale",
"pk": 121,
"fields": {
"cart": 178,
"customer": null,
"shift": 20,
"sale_type": "retail",
"total_amount": "3400.00",
"tax_amount": "0.00",
"discount_amount": "0.00",
"final_amount": "3400.00",
"sale_date": "2025-10-10T08:02:03.232Z",
"receipt_number": "POS-1760083323207"
}
}, {
"model": "sales.sale",
"pk": 122,
"fields": {
"cart": 179,
"customer": null,
"shift": 20,
"sale_type": "retail",
"total_amount": "3400.00",
"tax_amount": "0.00",
"discount_amount": "0.00",
"final_amount": "3400.00",
"sale_date": "2025-10-10T08:08:30.089Z",
"receipt_number": "POS-1760083709712"
}
}, {
"model": "sales.sale",
"pk": 123,
"fields": {
"cart": 180,
"customer": null,
"shift": 20,
"sale_type": "wholesale",
"total_amount": "92250.00",
"tax_amount": "0.00",
"discount_amount": "0.00",
"final_amount": "92250.00",
"sale_date": "2025-10-10T08:09:39.757Z",
"receipt_number": "POS-1760083779697"
}
}, {
"model": "sales.sale",
"pk": 124,
"fields": {
"cart": 181,
"customer": null,
"shift": 20,
"sale_type": "retail",
"total_amount": "3400.00",
"tax_amount": "0.00",
"discount_amount": "0.00",
"final_amount": "3400.00",
"sale_date": "2025-10-10T08:12:54.577Z",
"receipt_number": "POS-1760083974549"
}
}, {
"model": "sales.sale",
"pk": 125,
"fields": {
"cart": 184,
"customer": null,
"shift": 20,
"sale_type": "retail",
"total_amount": "10000.00",
"tax_amount": "0.00",
"discount_amount": "0.00",
"final_amount": "10000.00",
"sale_date": "2025-10-11T12:34:09.345Z",
"receipt_number": "POS-1760186049298"
}
}, {
"model": "sales.sale",
"pk": 126,
"fields": {
"cart": 183,
"customer": null,
"shift": 20,
"sale_type": "retail",
"total_amount": "6300.00",
"tax_amount": "0.00",
"discount_amount": "0.00",
"final_amount": "6300.00",
"sale_date": "2025-10-11T12:45:47.833Z",
"receipt_number": "POS-1760186747809"
}
}, {
"model": "sales.sale",
"pk": 127,
"fields": {
"cart": 187,
"customer": null,
"shift": 20,
"sale_type": "retail",
"total_amount": "4500.00",
"tax_amount": "0.00",
"discount_amount": "0.00",
"final_amount": "4500.00",
"sale_date": "2025-10-11T12:46:10.857Z",
"receipt_number": "POS-1760186770842"
}
}, {
"model": "sales.sale",
"pk": 128,
"fields": {
"cart": 185,
"customer": 9,
"shift": 20,
"sale_type": "retail",
"total_amount": "8730.00",
"tax_amount": "0.00",
"discount_amount": "0.00",
"final_amount": "8730.00",
"sale_date": "2025-10-11T12:46:40.194Z",
"receipt_number": "POS-1760186800120"
}
}, {
"model": "sales.sale",
"pk": 129,
"fields": {
"cart": 191,
"customer": null,
"shift": 20,
"sale_type": "retail",
"total_amount": "6400.00",
"tax_amount": "0.00",
"discount_amount": "0.00",
"final_amount": "6400.00",
"sale_date": "2025-10-12T10:27:32.436Z",
"receipt_number": "POS-1760264851866"
}
}, {
"model": "sales.sale",
"pk": 130,
"fields": {
"cart": 192,
"customer": null,
"shift": 21,
"sale_type": "retail",
"total_amount": "8700.00",
"tax_amount": "0.00",
"discount_amount": "0.00",
"final_amount": "3600.00",
"sale_date": "2025-10-12T12:48:05.718Z",
"receipt_number": "POS-1760273284983"
}
}, {
"model": "sales.sale",
"pk": 131,
"fields": {
"cart": 193,
"customer": null,
"shift": 21,
"sale_type": "retail",
"total_amount": "6700.00",
"tax_amount": "0.00",
"discount_amount": "0.00",
"final_amount": "6700.00",
"sale_date": "2025-10-12T12:49:16.033Z",
"receipt_number": "POS-1760273355430"
}
}, {
"model": "sales.sale",
"pk": 132,
"fields": {
"cart": 194,
"customer": null,
"shift": 21,
"sale_type": "retail",
"total_amount": "6300.00",
"tax_amount": "0.00",
"discount_amount": "0.00",
"final_amount": "6300.00",
"sale_date": "2025-10-19T12:44:28.383Z",
"receipt_number": "POS-1760877868340"
}
}, {
"model": "sales.sale",
"pk": 133,
"fields": {
"cart": 195,
"customer": null,
"shift": 21,
"sale_type": "retail",
"total_amount": "32700.00",
"tax_amount": "0.00",
"discount_amount": "0.00",
"final_amount": "32700.00",
"sale_date": "2025-10-19T12:47:46.019Z",
"receipt_number": "POS-1760878065974"
}
}, {
"model": "sales.sale",
"pk": 134,
"fields": {
"cart": 196,
"customer": null,
"shift": 21,
"sale_type": "retail",
"total_amount": "9100.00",
"tax_amount": "0.00",
"discount_amount": "0.00",
"final_amount": "9100.00",
"sale_date": "2025-10-19T13:37:57.435Z",
"receipt_number": "POS-1760881077415"
}
}, {
"model": "sales.sale",
"pk": 135,
"fields": {
"cart": 197,
"customer": null,
"shift": 21,
"sale_type": "retail",
"total_amount": "56600.00",
"tax_amount": "0.00",
"discount_amount": "0.00",
"final_amount": "56600.00",
"sale_date": "2025-10-19T13:39:37.586Z",
"receipt_number": "POS-1760881177565"
}
}, {
"model": "sales.sale",
"pk": 136,
"fields": {
"cart": 198,
"customer": null,
"shift": 21,
"sale_type": "retail",
"total_amount": "6100.00",
"tax_amount": "0.00",
"discount_amount": "0.00",
"final_amount": "6100.00",
"sale_date": "2025-10-19T13:48:20.503Z",
"receipt_number": "POS-1760881700493"
}
}, {
"model": "sales.sale",
"pk": 137,
"fields": {
"cart": 199,
"customer": null,
"shift": 21,
"sale_type": "retail",
"total_amount": "8300.00",
"tax_amount": "0.00",
"discount_amount": "0.00",
"final_amount": "8300.00",
"sale_date": "2025-10-19T13:53:48.650Z",
"receipt_number": "POS-1760882028622"
}
}, {
"model": "sales.sale",
"pk": 138,
"fields": {
"cart": 200,
"customer": null,
"shift": 21,
"sale_type": "retail",
"total_amount": "18300.00",
"tax_amount": "0.00",
"discount_amount": "0.00",
"final_amount": "18300.00",
"sale_date": "2025-10-19T14:01:38.900Z",
"receipt_number": "POS-1760882498853"
}
}, {
"model": "sales.sale",
"pk": 139,
"fields": {
"cart": 201,
"customer": null,
"shift": 21,
"sale_type": "retail",
"total_amount": "2900.00",
"tax_amount": "0.00",
"discount_amount": "0.00",
"final_amount": "2900.00",
"sale_date": "2025-10-19T14:04:30.896Z",
"receipt_number": "POS-1760882670874"
}
}, {
"model": "sales.sale",
"pk": 140,
"fields": {
"cart": 202,
"customer": null,
"shift": 21,
"sale_type": "retail",
"total_amount": "192900.00",
"tax_amount": "0.00",
"discount_amount": "0.00",
"final_amount": "192900.00",
"sale_date": "2025-10-19T14:06:35.001Z",
"receipt_number": "POS-1760882794884"
}
}, {
"model": "sales.sale",
"pk": 141,
"fields": {
"cart": 203,
"customer": null,
"shift": 21,
"sale_type": "retail",
"total_amount": "186100.00",
"tax_amount": "0.00",
"discount_amount": "0.00",
"final_amount": "186100.00",
"sale_date": "2025-10-19T14:06:57.137Z",
"receipt_number": "POS-1760882817014"
}
}, {
"model": "sales.sale",
"pk": 142,
"fields": {
"cart": 204,
"customer": null,
"shift": 21,
"sale_type": "retail",
"total_amount": "12600.00",
"tax_amount": "0.00",
"discount_amount": "0.00",
"final_amount": "12600.00",
"sale_date": "2025-10-19T14:14:45.015Z",
"receipt_number": "POS-1760883284985"
}
}, {
"model": "sales.sale",
"pk": 143,
"fields": {
"cart": 205,
"customer": null,
"shift": 21,
"sale_type": "retail",
"total_amount": "12200.00",
"tax_amount": "0.00",
"discount_amount": "0.00",
"final_amount": "12200.00",
"sale_date": "2025-10-19T14:22:47.967Z",
"receipt_number": "POS-1760883767909"
}
}, {
"model": "sales.saleitem",
"pk": 211,
"fields": {
"sale": 105,
"product": 162,
"quantity": 1,
"unit_price": "2700.00",
"discount": "0.00"
}
}, {
"model": "sales.saleitem",
"pk": 212,
"fields": {
"sale": 105,
"product": 153,
"quantity": 1,
"unit_price": "3200.00",
"discount": "0.00"
}
}, {
"model": "sales.saleitem",
"pk": 213,
"fields": {
"sale": 106,
"product": 172,
"quantity": 1,
"unit_price": "3100.00",
"discount": "0.00"
}
}, {
"model": "sales.saleitem",
"pk": 214,
"fields": {
"sale": 106,
"product": 166,
"quantity": 1,
"unit_price": "2700.00",
"discount": "0.00"
}
}, {
"model": "sales.saleitem",
"pk": 215,
"fields": {
"sale": 106,
"product": 161,
"quantity": 1,
"unit_price": "2800.00",
"discount": "0.00"
}
}, {
"model": "sales.saleitem",
"pk": 216,
"fields": {
"sale": 106,
"product": 156,
"quantity": 1,
"unit_price": "3100.00",
"discount": "0.00"
}
}, {
"model": "sales.saleitem",
"pk": 217,
"fields": {
"sale": 107,
"product": 252,
"quantity": 24,
"unit_price": "3400.00",
"discount": "0.00"
}
}, {
"model": "sales.saleitem",
"pk": 218,
"fields": {
"sale": 108,
"product": 159,
"quantity": 24,
"unit_price": "3150.00",
"discount": "0.00"
}
}, {
"model": "sales.saleitem",
"pk": 219,
"fields": {
"sale": 109,
"product": 154,
"quantity": 6,
"unit_price": "1980.00",
"discount": "0.00"
}
}, {
"model": "sales.saleitem",
"pk": 220,
"fields": {
"sale": 109,
"product": 157,
"quantity": 6,
"unit_price": "2340.00",
"discount": "0.00"
}
}, {
"model": "sales.saleitem",
"pk": 221,
"fields": {
"sale": 109,
"product": 162,
"quantity": 6,
"unit_price": "1800.00",
"discount": "0.00"
}
}, {
"model": "sales.saleitem",
"pk": 222,
"fields": {
"sale": 110,
"product": 154,
"quantity": 18,
"unit_price": "1980.00",
"discount": "0.00"
}
}, {
"model": "sales.saleitem",
"pk": 223,
"fields": {
"sale": 110,
"product": 157,
"quantity": 1,
"unit_price": "2340.00",
"discount": "0.00"
}
}, {
"model": "sales.saleitem",
"pk": 224,
"fields": {
"sale": 111,
"product": 156,
"quantity": 1,
"unit_price": "3100.00",
"discount": "0.00"
}
}, {
"model": "sales.saleitem",
"pk": 225,
"fields": {
"sale": 112,
"product": 207,
"quantity": 1,
"unit_price": "3100.00",
"discount": "0.00"
}
}, {
"model": "sales.saleitem",
"pk": 226,
"fields": {
"sale": 113,
"product": 157,
"quantity": 1,
"unit_price": "3400.00",
"discount": "0.00"
}
}, {
"model": "sales.saleitem",
"pk": 227,
"fields": {
"sale": 114,
"product": 174,
"quantity": 1,
"unit_price": "2700.00",
"discount": "0.00"
}
}, {
"model": "sales.saleitem",
"pk": 228,
"fields": {
"sale": 114,
"product": 162,
"quantity": 1,
"unit_price": "2700.00",
"discount": "0.00"
}
}, {
"model": "sales.saleitem",
"pk": 229,
"fields": {
"sale": 115,
"product": 246,
"quantity": 1,
"unit_price": "5000.00",
"discount": "0.00"
}
}, {
"model": "sales.saleitem",
"pk": 230,
"fields": {
"sale": 115,
"product": 248,
"quantity": 1,
"unit_price": "3200.00",
"discount": "0.00"
}
}, {
"model": "sales.saleitem",
"pk": 231,
"fields": {
"sale": 115,
"product": 244,
"quantity": 1,
"unit_price": "5500.00",
"discount": "0.00"
}
}, {
"model": "sales.saleitem",
"pk": 232,
"fields": {
"sale": 115,
"product": 243,
"quantity": 1,
"unit_price": "4500.00",
"discount": "0.00"
}
}, {
"model": "sales.saleitem",
"pk": 233,
"fields": {
"sale": 116,
"product": 161,
"quantity": 1,
"unit_price": "2800.00",
"discount": "0.00"
}
}, {
"model": "sales.saleitem",
"pk": 234,
"fields": {
"sale": 117,
"product": 158,
"quantity": 1,
"unit_price": "3500.00",
"discount": "0.00"
}
}, {
"model": "sales.saleitem",
"pk": 235,
"fields": {
"sale": 118,
"product": 161,
"quantity": 1,
"unit_price": "2800.00",
"discount": "0.00"
}
}, {
"model": "sales.saleitem",
"pk": 236,
"fields": {
"sale": 119,
"product": 157,
"quantity": 2,
"unit_price": "3400.00",
"discount": "0.00"
}
}, {
"model": "sales.saleitem",
"pk": 237,
"fields": {
"sale": 120,
"product": 158,
"quantity": 1,
"unit_price": "3500.00",
"discount": "0.00"
}
}, {
"model": "sales.saleitem",
"pk": 238,
"fields": {
"sale": 121,
"product": 157,
"quantity": 1,
"unit_price": "3400.00",
"discount": "0.00"
}
}, {
"model": "sales.saleitem",
"pk": 239,
"fields": {
"sale": 122,
"product": 157,
"quantity": 1,
"unit_price": "3400.00",
"discount": "0.00"
}
}, {
"model": "sales.saleitem",
"pk": 240,
"fields": {
"sale": 123,
"product": 179,
"quantity": 6,
"unit_price": "1890.00",
"discount": "0.00"
}
}, {
"model": "sales.saleitem",
"pk": 241,
"fields": {
"sale": 123,
"product": 174,
"quantity": 6,
"unit_price": "1800.00",
"discount": "0.00"
}
}, {
"model": "sales.saleitem",
"pk": 242,
"fields": {
"sale": 123,
"product": 181,
"quantity": 6,
"unit_price": "1800.00",
"discount": "0.00"
}
}, {
"model": "sales.saleitem",
"pk": 243,
"fields": {
"sale": 123,
"product": 182,
"quantity": 6,
"unit_price": "1710.00",
"discount": "0.00"
}
}, {
"model": "sales.saleitem",
"pk": 244,
"fields": {
"sale": 123,
"product": 180,
"quantity": 6,
"unit_price": "2160.00",
"discount": "0.00"
}
}, {
"model": "sales.saleitem",
"pk": 245,
"fields": {
"sale": 123,
"product": 177,
"quantity": 7,
"unit_price": "2070.00",
"discount": "0.00"
}
}, {
"model": "sales.saleitem",
"pk": 246,
"fields": {
"sale": 123,
"product": 176,
"quantity": 6,
"unit_price": "1710.00",
"discount": "0.00"
}
}, {
"model": "sales.saleitem",
"pk": 247,
"fields": {
"sale": 123,
"product": 175,
"quantity": 6,
"unit_price": "1890.00",
"discount": "0.00"
}
}, {
"model": "sales.saleitem",
"pk": 248,
"fields": {
"sale": 124,
"product": 157,
"quantity": 1,
"unit_price": "3400.00",
"discount": "0.00"
}
}, {
"model": "sales.saleitem",
"pk": 249,
"fields": {
"sale": 125,
"product": 244,
"quantity": 1,
"unit_price": "5500.00",
"discount": "0.00"
}
}, {
"model": "sales.saleitem",
"pk": 250,
"fields": {
"sale": 125,
"product": 243,
"quantity": 1,
"unit_price": "4500.00",
"discount": "0.00"
}
}, {
"model": "sales.saleitem",
"pk": 251,
"fields": {
"sale": 126,
"product": 154,
"quantity": 1,
"unit_price": "2900.00",
"discount": "0.00"
}
}, {
"model": "sales.saleitem",
"pk": 252,
"fields": {
"sale": 126,
"product": 157,
"quantity": 1,
"unit_price": "3400.00",
"discount": "0.00"
}
}, {
"model": "sales.saleitem",
"pk": 253,
"fields": {
"sale": 127,
"product": 159,
"quantity": 1,
"unit_price": "4500.00",
"discount": "0.00"
}
}, {
"model": "sales.saleitem",
"pk": 254,
"fields": {
"sale": 128,
"product": 158,
"quantity": 1,
"unit_price": "2430.00",
"discount": "0.00"
}
}, {
"model": "sales.saleitem",
"pk": 255,
"fields": {
"sale": 128,
"product": 161,
"quantity": 1,
"unit_price": "1890.00",
"discount": "0.00"
}
}, {
"model": "sales.saleitem",
"pk": 256,
"fields": {
"sale": 128,
"product": 156,
"quantity": 1,
"unit_price": "2160.00",
"discount": "0.00"
}
}, {
"model": "sales.saleitem",
"pk": 257,
"fields": {
"sale": 128,
"product": 167,
"quantity": 1,
"unit_price": "2250.00",
"discount": "0.00"
}
}, {
"model": "sales.saleitem",
"pk": 258,
"fields": {
"sale": 129,
"product": 167,
"quantity": 1,
"unit_price": "3300.00",
"discount": "0.00"
}
}, {
"model": "sales.saleitem",
"pk": 259,
"fields": {
"sale": 129,
"product": 163,
"quantity": 1,
"unit_price": "3100.00",
"discount": "0.00"
}
}, {
"model": "sales.saleitem",
"pk": 260,
"fields": {
"sale": 130,
"product": 213,
"quantity": 2,
"unit_price": "2900.00",
"discount": "0.00"
}
}, {
"model": "sales.saleitem",
"pk": 261,
"fields": {
"sale": 130,
"product": 219,
"quantity": 1,
"unit_price": "2900.00",
"discount": "0.00"
}
}, {
"model": "sales.saleitem",
"pk": 262,
"fields": {
"sale": 131,
"product": 222,
"quantity": 1,
"unit_price": "3600.00",
"discount": "0.00"
}
}, {
"model": "sales.saleitem",
"pk": 263,
"fields": {
"sale": 131,
"product": 216,
"quantity": 1,
"unit_price": "3100.00",
"discount": "0.00"
}
}, {
"model": "sales.saleitem",
"pk": 264,
"fields": {
"sale": 132,
"product": 154,
"quantity": 1,
"unit_price": "2900.00",
"discount": "0.00"
}
}, {
"model": "sales.saleitem",
"pk": 265,
"fields": {
"sale": 132,
"product": 157,
"quantity": 1,
"unit_price": "3400.00",
"discount": "0.00"
}
}, {
"model": "sales.saleitem",
"pk": 266,
"fields": {
"sale": 133,
"product": 154,
"quantity": 1,
"unit_price": "2900.00",
"discount": "0.00"
}
}, {
"model": "sales.saleitem",
"pk": 267,
"fields": {
"sale": 133,
"product": 157,
"quantity": 1,
"unit_price": "3400.00",
"discount": "0.00"
}
}, {
"model": "sales.saleitem",
"pk": 268,
"fields": {
"sale": 133,
"product": 162,
"quantity": 1,
"unit_price": "2700.00",
"discount": "0.00"
}
}, {
"model": "sales.saleitem",
"pk": 269,
"fields": {
"sale": 133,
"product": 153,
"quantity": 1,
"unit_price": "3200.00",
"discount": "0.00"
}
}, {
"model": "sales.saleitem",
"pk": 270,
"fields": {
"sale": 133,
"product": 159,
"quantity": 1,
"unit_price": "4500.00",
"discount": "0.00"
}
}, {
"model": "sales.saleitem",
"pk": 271,
"fields": {
"sale": 133,
"product": 155,
"quantity": 1,
"unit_price": "3600.00",
"discount": "0.00"
}
}, {
"model": "sales.saleitem",
"pk": 272,
"fields": {
"sale": 133,
"product": 160,
"quantity": 1,
"unit_price": "3000.00",
"discount": "0.00"
}
}, {
"model": "sales.saleitem",
"pk": 273,
"fields": {
"sale": 133,
"product": 156,
"quantity": 1,
"unit_price": "3100.00",
"discount": "0.00"
}
}, {
"model": "sales.saleitem",
"pk": 274,
"fields": {
"sale": 133,
"product": 161,
"quantity": 1,
"unit_price": "2800.00",
"discount": "0.00"
}
}, {
"model": "sales.saleitem",
"pk": 275,
"fields": {
"sale": 133,
"product": 158,
"quantity": 1,
"unit_price": "3500.00",
"discount": "0.00"
}
}, {
"model": "sales.saleitem",
"pk": 276,
"fields": {
"sale": 134,
"product": 154,
"quantity": 1,
"unit_price": "2900.00",
"discount": "0.00"
}
}, {
"model": "sales.saleitem",
"pk": 277,
"fields": {
"sale": 134,
"product": 157,
"quantity": 1,
"unit_price": "3400.00",
"discount": "0.00"
}
}, {
"model": "sales.saleitem",
"pk": 278,
"fields": {
"sale": 134,
"product": 161,
"quantity": 1,
"unit_price": "2800.00",
"discount": "0.00"
}
}, {
"model": "sales.saleitem",
"pk": 279,
"fields": {
"sale": 135,
"product": 154,
"quantity": 1,
"unit_price": "2900.00",
"discount": "0.00"
}
}, {
"model": "sales.saleitem",
"pk": 280,
"fields": {
"sale": 135,
"product": 157,
"quantity": 1,
"unit_price": "3400.00",
"discount": "0.00"
}
}, {
"model": "sales.saleitem",
"pk": 281,
"fields": {
"sale": 135,
"product": 162,
"quantity": 1,
"unit_price": "2700.00",
"discount": "0.00"
}
}, {
"model": "sales.saleitem",
"pk": 282,
"fields": {
"sale": 135,
"product": 153,
"quantity": 1,
"unit_price": "3200.00",
"discount": "0.00"
}
}, {
"model": "sales.saleitem",
"pk": 283,
"fields": {
"sale": 135,
"product": 160,
"quantity": 1,
"unit_price": "3000.00",
"discount": "0.00"
}
}, {
"model": "sales.saleitem",
"pk": 284,
"fields": {
"sale": 135,
"product": 155,
"quantity": 1,
"unit_price": "3600.00",
"discount": "0.00"
}
}, {
"model": "sales.saleitem",
"pk": 285,
"fields": {
"sale": 135,
"product": 175,
"quantity": 1,
"unit_price": "2800.00",
"discount": "0.00"
}
}, {
"model": "sales.saleitem",
"pk": 286,
"fields": {
"sale": 135,
"product": 191,
"quantity": 1,
"unit_price": "3200.00",
"discount": "0.00"
}
}, {
"model": "sales.saleitem",
"pk": 287,
"fields": {
"sale": 135,
"product": 187,
"quantity": 1,
"unit_price": "2700.00",
"discount": "0.00"
}
}, {
"model": "sales.saleitem",
"pk": 288,
"fields": {
"sale": 135,
"product": 209,
"quantity": 1,
"unit_price": "3600.00",
"discount": "0.00"
}
}, {
"model": "sales.saleitem",
"pk": 289,
"fields": {
"sale": 135,
"product": 211,
"quantity": 1,
"unit_price": "2800.00",
"discount": "0.00"
}
}, {
"model": "sales.saleitem",
"pk": 290,
"fields": {
"sale": 135,
"product": 212,
"quantity": 1,
"unit_price": "4000.00",
"discount": "0.00"
}
}, {
"model": "sales.saleitem",
"pk": 291,
"fields": {
"sale": 135,
"product": 206,
"quantity": 1,
"unit_price": "3300.00",
"discount": "0.00"
}
}, {
"model": "sales.saleitem",
"pk": 292,
"fields": {
"sale": 135,
"product": 216,
"quantity": 1,
"unit_price": "3100.00",
"discount": "0.00"
}
}, {
"model": "sales.saleitem",
"pk": 293,
"fields": {
"sale": 135,
"product": 219,
"quantity": 1,
"unit_price": "2900.00",
"discount": "0.00"
}
}, {
"model": "sales.saleitem",
"pk": 294,
"fields": {
"sale": 135,
"product": 213,
"quantity": 1,
"unit_price": "2900.00",
"discount": "0.00"
}
}, {
"model": "sales.saleitem",
"pk": 295,
"fields": {
"sale": 135,
"product": 218,
"quantity": 1,
"unit_price": "3200.00",
"discount": "0.00"
}
}, {
"model": "sales.saleitem",
"pk": 296,
"fields": {
"sale": 135,
"product": 217,
"quantity": 1,
"unit_price": "3300.00",
"discount": "0.00"
}
}, {
"model": "sales.saleitem",
"pk": 297,
"fields": {
"sale": 136,
"product": 157,
"quantity": 1,
"unit_price": "3400.00",
"discount": "0.00"
}
}, {
"model": "sales.saleitem",
"pk": 298,
"fields": {
"sale": 136,
"product": 162,
"quantity": 1,
"unit_price": "2700.00",
"discount": "0.00"
}
}, {
"model": "sales.saleitem",
"pk": 299,
"fields": {
"sale": 137,
"product": 168,
"quantity": 1,
"unit_price": "3000.00",
"discount": "0.00"
}
}, {
"model": "sales.saleitem",
"pk": 300,
"fields": {
"sale": 137,
"product": 181,
"quantity": 1,
"unit_price": "2700.00",
"discount": "0.00"
}
}, {
"model": "sales.saleitem",
"pk": 301,
"fields": {
"sale": 137,
"product": 182,
"quantity": 1,
"unit_price": "2600.00",
"discount": "0.00"
}
}, {
"model": "sales.saleitem",
"pk": 302,
"fields": {
"sale": 138,
"product": 158,
"quantity": 1,
"unit_price": "3500.00",
"discount": "0.00"
}
}, {
"model": "sales.saleitem",
"pk": 303,
"fields": {
"sale": 138,
"product": 161,
"quantity": 1,
"unit_price": "2800.00",
"discount": "0.00"
}
}, {
"model": "sales.saleitem",
"pk": 304,
"fields": {
"sale": 138,
"product": 156,
"quantity": 1,
"unit_price": "3100.00",
"discount": "0.00"
}
}, {
"model": "sales.saleitem",
"pk": 305,
"fields": {
"sale": 138,
"product": 160,
"quantity": 1,
"unit_price": "3000.00",
"discount": "0.00"
}
}, {
"model": "sales.saleitem",
"pk": 306,
"fields": {
"sale": 138,
"product": 153,
"quantity": 1,
"unit_price": "3200.00",
"discount": "0.00"
}
}, {
"model": "sales.saleitem",
"pk": 307,
"fields": {
"sale": 138,
"product": 162,
"quantity": 1,
"unit_price": "2700.00",
"discount": "0.00"
}
}, {
"model": "sales.saleitem",
"pk": 308,
"fields": {
"sale": 139,
"product": 154,
"quantity": 1,
"unit_price": "2900.00",
"discount": "0.00"
}
}, {
"model": "sales.saleitem",
"pk": 309,
"fields": {
"sale": 140,
"product": 157,
"quantity": 1,
"unit_price": "3400.00",
"discount": "0.00"
}
}, {
"model": "sales.saleitem",
"pk": 310,
"fields": {
"sale": 140,
"product": 162,
"quantity": 1,
"unit_price": "2700.00",
"discount": "0.00"
}
}, {
"model": "sales.saleitem",
"pk": 311,
"fields": {
"sale": 140,
"product": 153,
"quantity": 1,
"unit_price": "3200.00",
"discount": "0.00"
}
}, {
"model": "sales.saleitem",
"pk": 312,
"fields": {
"sale": 140,
"product": 159,
"quantity": 1,
"unit_price": "4500.00",
"discount": "0.00"
}
}, {
"model": "sales.saleitem",
"pk": 313,
"fields": {
"sale": 140,
"product": 155,
"quantity": 1,
"unit_price": "3600.00",
"discount": "0.00"
}
}, {
"model": "sales.saleitem",
"pk": 314,
"fields": {
"sale": 140,
"product": 160,
"quantity": 1,
"unit_price": "3000.00",
"discount": "0.00"
}
}, {
"model": "sales.saleitem",
"pk": 315,
"fields": {
"sale": 140,
"product": 156,
"quantity": 1,
"unit_price": "3100.00",
"discount": "0.00"
}
}, {
"model": "sales.saleitem",
"pk": 316,
"fields": {
"sale": 140,
"product": 161,
"quantity": 1,
"unit_price": "2800.00",
"discount": "0.00"
}
}, {
"model": "sales.saleitem",
"pk": 317,
"fields": {
"sale": 140,
"product": 158,
"quantity": 1,
"unit_price": "3500.00",
"discount": "0.00"
}
}, {
"model": "sales.saleitem",
"pk": 318,
"fields": {
"sale": 140,
"product": 166,
"quantity": 1,
"unit_price": "2700.00",
"discount": "0.00"
}
}, {
"model": "sales.saleitem",
"pk": 319,
"fields": {
"sale": 140,
"product": 172,
"quantity": 1,
"unit_price": "3100.00",
"discount": "0.00"
}
}, {
"model": "sales.saleitem",
"pk": 320,
"fields": {
"sale": 140,
"product": 167,
"quantity": 1,
"unit_price": "3300.00",
"discount": "0.00"
}
}, {
"model": "sales.saleitem",
"pk": 321,
"fields": {
"sale": 140,
"product": 163,
"quantity": 1,
"unit_price": "3100.00",
"discount": "0.00"
}
}, {
"model": "sales.saleitem",
"pk": 322,
"fields": {
"sale": 140,
"product": 170,
"quantity": 1,
"unit_price": "3200.00",
"discount": "0.00"
}
}, {
"model": "sales.saleitem",
"pk": 323,
"fields": {
"sale": 140,
"product": 165,
"quantity": 1,
"unit_price": "2800.00",
"discount": "0.00"
}
}, {
"model": "sales.saleitem",
"pk": 324,
"fields": {
"sale": 140,
"product": 175,
"quantity": 1,
"unit_price": "2800.00",
"discount": "0.00"
}
}, {
"model": "sales.saleitem",
"pk": 325,
"fields": {
"sale": 140,
"product": 190,
"quantity": 2,
"unit_price": "3400.00",
"discount": "0.00"
}
}, {
"model": "sales.saleitem",
"pk": 326,
"fields": {
"sale": 140,
"product": 184,
"quantity": 1,
"unit_price": "3300.00",
"discount": "0.00"
}
}, {
"model": "sales.saleitem",
"pk": 327,
"fields": {
"sale": 140,
"product": 183,
"quantity": 1,
"unit_price": "6500.00",
"discount": "0.00"
}
}, {
"model": "sales.saleitem",
"pk": 328,
"fields": {
"sale": 140,
"product": 191,
"quantity": 1,
"unit_price": "3200.00",
"discount": "0.00"
}
}, {
"model": "sales.saleitem",
"pk": 329,
"fields": {
"sale": 140,
"product": 187,
"quantity": 1,
"unit_price": "2700.00",
"discount": "0.00"
}
}, {
"model": "sales.saleitem",
"pk": 330,
"fields": {
"sale": 140,
"product": 193,
"quantity": 2,
"unit_price": "4500.00",
"discount": "0.00"
}
}, {
"model": "sales.saleitem",
"pk": 331,
"fields": {
"sale": 140,
"product": 201,
"quantity": 2,
"unit_price": "3600.00",
"discount": "0.00"
}
}, {
"model": "sales.saleitem",
"pk": 332,
"fields": {
"sale": 140,
"product": 202,
"quantity": 2,
"unit_price": "4300.00",
"discount": "0.00"
}
}, {
"model": "sales.saleitem",
"pk": 333,
"fields": {
"sale": 140,
"product": 197,
"quantity": 1,
"unit_price": "5800.00",
"discount": "0.00"
}
}, {
"model": "sales.saleitem",
"pk": 334,
"fields": {
"sale": 140,
"product": 199,
"quantity": 2,
"unit_price": "3800.00",
"discount": "0.00"
}
}, {
"model": "sales.saleitem",
"pk": 335,
"fields": {
"sale": 140,
"product": 208,
"quantity": 1,
"unit_price": "3400.00",
"discount": "0.00"
}
}, {
"model": "sales.saleitem",
"pk": 336,
"fields": {
"sale": 140,
"product": 209,
"quantity": 1,
"unit_price": "3600.00",
"discount": "0.00"
}
}, {
"model": "sales.saleitem",
"pk": 337,
"fields": {
"sale": 140,
"product": 211,
"quantity": 1,
"unit_price": "2800.00",
"discount": "0.00"
}
}, {
"model": "sales.saleitem",
"pk": 338,
"fields": {
"sale": 140,
"product": 212,
"quantity": 1,
"unit_price": "4000.00",
"discount": "0.00"
}
}, {
"model": "sales.saleitem",
"pk": 339,
"fields": {
"sale": 140,
"product": 206,
"quantity": 1,
"unit_price": "3300.00",
"discount": "0.00"
}
}, {
"model": "sales.saleitem",
"pk": 340,
"fields": {
"sale": 140,
"product": 196,
"quantity": 1,
"unit_price": "4000.00",
"discount": "0.00"
}
}, {
"model": "sales.saleitem",
"pk": 341,
"fields": {
"sale": 140,
"product": 200,
"quantity": 1,
"unit_price": "4700.00",
"discount": "0.00"
}
}, {
"model": "sales.saleitem",
"pk": 342,
"fields": {
"sale": 140,
"product": 195,
"quantity": 1,
"unit_price": "3700.00",
"discount": "0.00"
}
}, {
"model": "sales.saleitem",
"pk": 343,
"fields": {
"sale": 140,
"product": 198,
"quantity": 1,
"unit_price": "3300.00",
"discount": "0.00"
}
}, {
"model": "sales.saleitem",
"pk": 344,
"fields": {
"sale": 140,
"product": 186,
"quantity": 1,
"unit_price": "3700.00",
"discount": "0.00"
}
}, {
"model": "sales.saleitem",
"pk": 345,
"fields": {
"sale": 140,
"product": 189,
"quantity": 1,
"unit_price": "4000.00",
"discount": "0.00"
}
}, {
"model": "sales.saleitem",
"pk": 346,
"fields": {
"sale": 140,
"product": 188,
"quantity": 1,
"unit_price": "4600.00",
"discount": "0.00"
}
}, {
"model": "sales.saleitem",
"pk": 347,
"fields": {
"sale": 140,
"product": 192,
"quantity": 1,
"unit_price": "3600.00",
"discount": "0.00"
}
}, {
"model": "sales.saleitem",
"pk": 348,
"fields": {
"sale": 140,
"product": 185,
"quantity": 1,
"unit_price": "2900.00",
"discount": "0.00"
}
}, {
"model": "sales.saleitem",
"pk": 349,
"fields": {
"sale": 140,
"product": 247,
"quantity": 1,
"unit_price": "2900.00",
"discount": "0.00"
}
}, {
"model": "sales.saleitem",
"pk": 350,
"fields": {
"sale": 140,
"product": 249,
"quantity": 1,
"unit_price": "2700.00",
"discount": "0.00"
}
}, {
"model": "sales.saleitem",
"pk": 351,
"fields": {
"sale": 140,
"product": 251,
"quantity": 1,
"unit_price": "2800.00",
"discount": "0.00"
}
}, {
"model": "sales.saleitem",
"pk": 352,
"fields": {
"sale": 140,
"product": 250,
"quantity": 1,
"unit_price": "3100.00",
"discount": "0.00"
}
}, {
"model": "sales.saleitem",
"pk": 353,
"fields": {
"sale": 140,
"product": 245,
"quantity": 1,
"unit_price": "7200.00",
"discount": "0.00"
}
}, {
"model": "sales.saleitem",
"pk": 354,
"fields": {
"sale": 140,
"product": 252,
"quantity": 1,
"unit_price": "3400.00",
"discount": "0.00"
}
}, {
"model": "sales.saleitem",
"pk": 355,
"fields": {
"sale": 140,
"product": 248,
"quantity": 1,
"unit_price": "3200.00",
"discount": "0.00"
}
}, {
"model": "sales.saleitem",
"pk": 356,
"fields": {
"sale": 140,
"product": 243,
"quantity": 1,
"unit_price": "4500.00",
"discount": "0.00"
}
}, {
"model": "sales.saleitem",
"pk": 357,
"fields": {
"sale": 141,
"product": 157,
"quantity": 1,
"unit_price": "3400.00",
"discount": "0.00"
}
}, {
"model": "sales.saleitem",
"pk": 358,
"fields": {
"sale": 141,
"product": 162,
"quantity": 1,
"unit_price": "2700.00",
"discount": "0.00"
}
}, {
"model": "sales.saleitem",
"pk": 359,
"fields": {
"sale": 141,
"product": 153,
"quantity": 1,
"unit_price": "3200.00",
"discount": "0.00"
}
}, {
"model": "sales.saleitem",
"pk": 360,
"fields": {
"sale": 141,
"product": 159,
"quantity": 1,
"unit_price": "4500.00",
"discount": "0.00"
}
}, {
"model": "sales.saleitem",
"pk": 361,
"fields": {
"sale": 141,
"product": 155,
"quantity": 1,
"unit_price": "3600.00",
"discount": "0.00"
}
}, {
"model": "sales.saleitem",
"pk": 362,
"fields": {
"sale": 141,
"product": 160,
"quantity": 1,
"unit_price": "3000.00",
"discount": "0.00"
}
}, {
"model": "sales.saleitem",
"pk": 363,
"fields": {
"sale": 141,
"product": 156,
"quantity": 1,
"unit_price": "3100.00",
"discount": "0.00"
}
}, {
"model": "sales.saleitem",
"pk": 364,
"fields": {
"sale": 141,
"product": 161,
"quantity": 1,
"unit_price": "2800.00",
"discount": "0.00"
}
}, {
"model": "sales.saleitem",
"pk": 365,
"fields": {
"sale": 141,
"product": 158,
"quantity": 1,
"unit_price": "3500.00",
"discount": "0.00"
}
}, {
"model": "sales.saleitem",
"pk": 366,
"fields": {
"sale": 141,
"product": 166,
"quantity": 1,
"unit_price": "2700.00",
"discount": "0.00"
}
}, {
"model": "sales.saleitem",
"pk": 367,
"fields": {
"sale": 141,
"product": 172,
"quantity": 1,
"unit_price": "3100.00",
"discount": "0.00"
}
}, {
"model": "sales.saleitem",
"pk": 368,
"fields": {
"sale": 141,
"product": 167,
"quantity": 1,
"unit_price": "3300.00",
"discount": "0.00"
}
}, {
"model": "sales.saleitem",
"pk": 369,
"fields": {
"sale": 141,
"product": 163,
"quantity": 1,
"unit_price": "3100.00",
"discount": "0.00"
}
}, {
"model": "sales.saleitem",
"pk": 370,
"fields": {
"sale": 141,
"product": 170,
"quantity": 1,
"unit_price": "3200.00",
"discount": "0.00"
}
}, {
"model": "sales.saleitem",
"pk": 371,
"fields": {
"sale": 141,
"product": 165,
"quantity": 1,
"unit_price": "2800.00",
"discount": "0.00"
}
}, {
"model": "sales.saleitem",
"pk": 372,
"fields": {
"sale": 141,
"product": 175,
"quantity": 1,
"unit_price": "2800.00",
"discount": "0.00"
}
}, {
"model": "sales.saleitem",
"pk": 373,
"fields": {
"sale": 141,
"product": 184,
"quantity": 1,
"unit_price": "3300.00",
"discount": "0.00"
}
}, {
"model": "sales.saleitem",
"pk": 374,
"fields": {
"sale": 141,
"product": 183,
"quantity": 1,
"unit_price": "6500.00",
"discount": "0.00"
}
}, {
"model": "sales.saleitem",
"pk": 375,
"fields": {
"sale": 141,
"product": 191,
"quantity": 1,
"unit_price": "3200.00",
"discount": "0.00"
}
}, {
"model": "sales.saleitem",
"pk": 376,
"fields": {
"sale": 141,
"product": 187,
"quantity": 1,
"unit_price": "2700.00",
"discount": "0.00"
}
}, {
"model": "sales.saleitem",
"pk": 377,
"fields": {
"sale": 141,
"product": 193,
"quantity": 2,
"unit_price": "4500.00",
"discount": "0.00"
}
}, {
"model": "sales.saleitem",
"pk": 378,
"fields": {
"sale": 141,
"product": 201,
"quantity": 2,
"unit_price": "3600.00",
"discount": "0.00"
}
}, {
"model": "sales.saleitem",
"pk": 379,
"fields": {
"sale": 141,
"product": 202,
"quantity": 2,
"unit_price": "4300.00",
"discount": "0.00"
}
}, {
"model": "sales.saleitem",
"pk": 380,
"fields": {
"sale": 141,
"product": 197,
"quantity": 1,
"unit_price": "5800.00",
"discount": "0.00"
}
}, {
"model": "sales.saleitem",
"pk": 381,
"fields": {
"sale": 141,
"product": 199,
"quantity": 2,
"unit_price": "3800.00",
"discount": "0.00"
}
}, {
"model": "sales.saleitem",
"pk": 382,
"fields": {
"sale": 141,
"product": 208,
"quantity": 1,
"unit_price": "3400.00",
"discount": "0.00"
}
}, {
"model": "sales.saleitem",
"pk": 383,
"fields": {
"sale": 141,
"product": 209,
"quantity": 1,
"unit_price": "3600.00",
"discount": "0.00"
}
}, {
"model": "sales.saleitem",
"pk": 384,
"fields": {
"sale": 141,
"product": 211,
"quantity": 1,
"unit_price": "2800.00",
"discount": "0.00"
}
}, {
"model": "sales.saleitem",
"pk": 385,
"fields": {
"sale": 141,
"product": 212,
"quantity": 1,
"unit_price": "4000.00",
"discount": "0.00"
}
}, {
"model": "sales.saleitem",
"pk": 386,
"fields": {
"sale": 141,
"product": 206,
"quantity": 1,
"unit_price": "3300.00",
"discount": "0.00"
}
}, {
"model": "sales.saleitem",
"pk": 387,
"fields": {
"sale": 141,
"product": 196,
"quantity": 1,
"unit_price": "4000.00",
"discount": "0.00"
}
}, {
"model": "sales.saleitem",
"pk": 388,
"fields": {
"sale": 141,
"product": 200,
"quantity": 1,
"unit_price": "4700.00",
"discount": "0.00"
}
}, {
"model": "sales.saleitem",
"pk": 389,
"fields": {
"sale": 141,
"product": 195,
"quantity": 1,
"unit_price": "3700.00",
"discount": "0.00"
}
}, {
"model": "sales.saleitem",
"pk": 390,
"fields": {
"sale": 141,
"product": 198,
"quantity": 1,
"unit_price": "3300.00",
"discount": "0.00"
}
}, {
"model": "sales.saleitem",
"pk": 391,
"fields": {
"sale": 141,
"product": 186,
"quantity": 1,
"unit_price": "3700.00",
"discount": "0.00"
}
}, {
"model": "sales.saleitem",
"pk": 392,
"fields": {
"sale": 141,
"product": 189,
"quantity": 1,
"unit_price": "4000.00",
"discount": "0.00"
}
}, {
"model": "sales.saleitem",
"pk": 393,
"fields": {
"sale": 141,
"product": 188,
"quantity": 1,
"unit_price": "4600.00",
"discount": "0.00"
}
}, {
"model": "sales.saleitem",
"pk": 394,
"fields": {
"sale": 141,
"product": 192,
"quantity": 1,
"unit_price": "3600.00",
"discount": "0.00"
}
}, {
"model": "sales.saleitem",
"pk": 395,
"fields": {
"sale": 141,
"product": 185,
"quantity": 1,
"unit_price": "2900.00",
"discount": "0.00"
}
}, {
"model": "sales.saleitem",
"pk": 396,
"fields": {
"sale": 141,
"product": 247,
"quantity": 1,
"unit_price": "2900.00",
"discount": "0.00"
}
}, {
"model": "sales.saleitem",
"pk": 397,
"fields": {
"sale": 141,
"product": 249,
"quantity": 1,
"unit_price": "2700.00",
"discount": "0.00"
}
}, {
"model": "sales.saleitem",
"pk": 398,
"fields": {
"sale": 141,
"product": 251,
"quantity": 1,
"unit_price": "2800.00",
"discount": "0.00"
}
}, {
"model": "sales.saleitem",
"pk": 399,
"fields": {
"sale": 141,
"product": 250,
"quantity": 1,
"unit_price": "3100.00",
"discount": "0.00"
}
}, {
"model": "sales.saleitem",
"pk": 400,
"fields": {
"sale": 141,
"product": 245,
"quantity": 1,
"unit_price": "7200.00",
"discount": "0.00"
}
}, {
"model": "sales.saleitem",
"pk": 401,
"fields": {
"sale": 141,
"product": 252,
"quantity": 1,
"unit_price": "3400.00",
"discount": "0.00"
}
}, {
"model": "sales.saleitem",
"pk": 402,
"fields": {
"sale": 141,
"product": 248,
"quantity": 1,
"unit_price": "3200.00",
"discount": "0.00"
}
}, {
"model": "sales.saleitem",
"pk": 403,
"fields": {
"sale": 141,
"product": 243,
"quantity": 1,
"unit_price": "4500.00",
"discount": "0.00"
}
}, {
"model": "sales.saleitem",
"pk": 404,
"fields": {
"sale": 142,
"product": 154,
"quantity": 1,
"unit_price": "2900.00",
"discount": "0.00"
}
}, {
"model": "sales.saleitem",
"pk": 405,
"fields": {
"sale": 142,
"product": 157,
"quantity": 1,
"unit_price": "3400.00",
"discount": "0.00"
}
}, {
"model": "sales.saleitem",
"pk": 406,
"fields": {
"sale": 142,
"product": 161,
"quantity": 1,
"unit_price": "2800.00",
"discount": "0.00"
}
}, {
"model": "sales.saleitem",
"pk": 407,
"fields": {
"sale": 142,
"product": 158,
"quantity": 1,
"unit_price": "3500.00",
"discount": "0.00"
}
}, {
"model": "sales.saleitem",
"pk": 408,
"fields": {
"sale": 143,
"product": 154,
"quantity": 1,
"unit_price": "2900.00",
"discount": "0.00"
}
}, {
"model": "sales.saleitem",
"pk": 409,
"fields": {
"sale": 143,
"product": 157,
"quantity": 1,
"unit_price": "3400.00",
"discount": "0.00"
}
}, {
"model": "sales.saleitem",
"pk": 410,
"fields": {
"sale": 143,
"product": 161,
"quantity": 1,
"unit_price": "2800.00",
"discount": "0.00"
}
}, {
"model": "sales.saleitem",
"pk": 411,
"fields": {
"sale": 143,
"product": 156,
"quantity": 1,
"unit_price": "3100.00",
"discount": "0.00"
}
}, {
"model": "payments.payment",
"pk": 71,
"fields": {
"sale": 105,
"customer": null,
"payment_type": "cash",
"amount": "5900.00",
"reference_number": null,
"mpesa_number": null,
"gateway_response": "",
"description": null,
"status": "completed",
"created_at": "2025-10-08T09:21:06.757Z"
}
}, {
"model": "payments.payment",
"pk": 72,
"fields": {
"sale": 106,
"customer": null,
"payment_type": "mpesa",
"amount": "11700.00",
"reference_number": null,
"mpesa_number": "0792455501",
"gateway_response": "",
"description": null,
"status": "completed",
"created_at": "2025-10-08T09:21:52.585Z"
}
}, {
"model": "payments.payment",
"pk": 73,
"fields": {
"sale": 107,
"customer": null,
"payment_type": "cash",
"amount": "81600.00",
"reference_number": null,
"mpesa_number": null,
"gateway_response": "",
"description": null,
"status": "completed",
"created_at": "2025-10-08T09:40:14.047Z"
}
}, {
"model": "payments.payment",
"pk": 74,
"fields": {
"sale": 108,
"customer": null,
"payment_type": "cash",
"amount": "75600.00",
"reference_number": null,
"mpesa_number": null,
"gateway_response": "",
"description": null,
"status": "completed",
"created_at": "2025-10-08T09:55:47.900Z"
}
}, {
"model": "payments.payment",
"pk": 75,
"fields": {
"sale": 109,
"customer": null,
"payment_type": "cash",
"amount": "36720.00",
"reference_number": null,
"mpesa_number": null,
"gateway_response": "",
"description": null,
"status": "completed",
"created_at": "2025-10-08T11:26:42.937Z"
}
}, {
"model": "payments.payment",
"pk": 76,
"fields": {
"sale": 110,
"customer": null,
"payment_type": "cash",
"amount": "37980.00",
"reference_number": null,
"mpesa_number": null,
"gateway_response": "",
"description": null,
"status": "completed",
"created_at": "2025-10-08T11:27:54.438Z"
}
}, {
"model": "payments.payment",
"pk": 77,
"fields": {
"sale": 111,
"customer": null,
"payment_type": "cash",
"amount": "3100.00",
"reference_number": null,
"mpesa_number": null,
"gateway_response": "",
"description": null,
"status": "completed",
"created_at": "2025-10-08T11:31:49.563Z"
}
}, {
"model": "payments.payment",
"pk": 78,
"fields": {
"sale": 112,
"customer": null,
"payment_type": "cash",
"amount": "3100.00",
"reference_number": null,
"mpesa_number": null,
"gateway_response": "",
"description": null,
"status": "completed",
"created_at": "2025-10-08T13:26:04.663Z"
}
}, {
"model": "payments.payment",
"pk": 79,
"fields": {
"sale": 113,
"customer": null,
"payment_type": "cash",
"amount": "3400.00",
"reference_number": null,
"mpesa_number": null,
"gateway_response": "",
"description": null,
"status": "completed",
"created_at": "2025-10-08T13:27:50.608Z"
}
}, {
"model": "payments.payment",
"pk": 80,
"fields": {
"sale": 114,
"customer": null,
"payment_type": "cash",
"amount": "5400.00",
"reference_number": null,
"mpesa_number": null,
"gateway_response": "",
"description": null,
"status": "completed",
"created_at": "2025-10-08T13:32:41.311Z"
}
}, {
"model": "payments.payment",
"pk": 81,
"fields": {
"sale": 115,
"customer": null,
"payment_type": "cash",
"amount": "18200.00",
"reference_number": null,
"mpesa_number": null,
"gateway_response": "",
"description": null,
"status": "completed",
"created_at": "2025-10-08T13:34:44.953Z"
}
}, {
"model": "payments.payment",
"pk": 82,
"fields": {
"sale": 116,
"customer": null,
"payment_type": "cash",
"amount": "2800.00",
"reference_number": null,
"mpesa_number": null,
"gateway_response": "",
"description": null,
"status": "completed",
"created_at": "2025-10-10T07:44:48.225Z"
}
}, {
"model": "payments.payment",
"pk": 83,
"fields": {
"sale": 117,
"customer": null,
"payment_type": "cash",
"amount": "3500.00",
"reference_number": null,
"mpesa_number": null,
"gateway_response": "",
"description": null,
"status": "completed",
"created_at": "2025-10-10T07:51:11.712Z"
}
}, {
"model": "payments.payment",
"pk": 84,
"fields": {
"sale": 118,
"customer": null,
"payment_type": "cash",
"amount": "2800.00",
"reference_number": null,
"mpesa_number": null,
"gateway_response": "",
"description": null,
"status": "completed",
"created_at": "2025-10-10T07:51:29.041Z"
}
}, {
"model": "payments.payment",
"pk": 85,
"fields": {
"sale": 119,
"customer": null,
"payment_type": "cash",
"amount": "6800.00",
"reference_number": null,
"mpesa_number": null,
"gateway_response": "",
"description": null,
"status": "completed",
"created_at": "2025-10-10T07:55:05.624Z"
}
}, {
"model": "payments.payment",
"pk": 86,
"fields": {
"sale": 120,
"customer": null,
"payment_type": "cash",
"amount": "3500.00",
"reference_number": null,
"mpesa_number": null,
"gateway_response": "",
"description": null,
"status": "completed",
"created_at": "2025-10-10T07:55:41.278Z"
}
}, {
"model": "payments.payment",
"pk": 87,
"fields": {
"sale": 121,
"customer": null,
"payment_type": "cash",
"amount": "3400.00",
"reference_number": null,
"mpesa_number": null,
"gateway_response": "",
"description": null,
"status": "completed",
"created_at": "2025-10-10T08:02:03.298Z"
}
}, {
"model": "payments.payment",
"pk": 88,
"fields": {
"sale": 122,
"customer": null,
"payment_type": "cash",
"amount": "3400.00",
"reference_number": null,
"mpesa_number": null,
"gateway_response": "",
"description": null,
"status": "completed",
"created_at": "2025-10-10T08:08:30.161Z"
}
}, {
"model": "payments.payment",
"pk": 89,
"fields": {
"sale": 123,
"customer": null,
"payment_type": "cash",
"amount": "92250.00",
"reference_number": null,
"mpesa_number": null,
"gateway_response": "",
"description": null,
"status": "completed",
"created_at": "2025-10-10T08:09:39.900Z"
}
}, {
"model": "payments.payment",
"pk": 90,
"fields": {
"sale": 124,
"customer": null,
"payment_type": "cash",
"amount": "3400.00",
"reference_number": null,
"mpesa_number": null,
"gateway_response": "",
"description": null,
"status": "completed",
"created_at": "2025-10-10T08:12:54.637Z"
}
}, {
"model": "payments.payment",
"pk": 91,
"fields": {
"sale": 125,
"customer": null,
"payment_type": "cash",
"amount": "10000.00",
"reference_number": null,
"mpesa_number": null,
"gateway_response": "",
"description": null,
"status": "completed",
"created_at": "2025-10-11T12:34:09.389Z"
}
}, {
"model": "payments.payment",
"pk": 92,
"fields": {
"sale": 126,
"customer": null,
"payment_type": "cash",
"amount": "6300.00",
"reference_number": null,
"mpesa_number": null,
"gateway_response": "",
"description": null,
"status": "completed",
"created_at": "2025-10-11T12:45:47.886Z"
}
}, {
"model": "payments.payment",
"pk": 93,
"fields": {
"sale": 127,
"customer": null,
"payment_type": "mpesa",
"amount": "4500.00",
"reference_number": null,
"mpesa_number": "0792455501",
"gateway_response": "",
"description": null,
"status": "completed",
"created_at": "2025-10-11T12:46:10.905Z"
}
}, {
"model": "payments.payment",
"pk": 94,
"fields": {
"sale": 128,
"customer": null,
"payment_type": "cash",
"amount": "8730.00",
"reference_number": null,
"mpesa_number": null,
"gateway_response": "",
"description": null,
"status": "completed",
"created_at": "2025-10-11T12:46:40.325Z"
}
}, {
"model": "payments.payment",
"pk": 95,
"fields": {
"sale": 129,
"customer": null,
"payment_type": "cash",
"amount": "6400.00",
"reference_number": null,
"mpesa_number": null,
"gateway_response": "",
"description": null,
"status": "completed",
"created_at": "2025-10-12T10:27:32.936Z"
}
}, {
"model": "payments.payment",
"pk": 96,
"fields": {
"sale": 130,
"customer": null,
"payment_type": "cash",
"amount": "3600.00",
"reference_number": null,
"mpesa_number": null,
"gateway_response": "",
"description": null,
"status": "completed",
"created_at": "2025-10-12T12:48:06.275Z"
}
}, {
"model": "payments.payment",
"pk": 97,
"fields": {
"sale": 131,
"customer": null,
"payment_type": "cash",
"amount": "6700.00",
"reference_number": null,
"mpesa_number": null,
"gateway_response": "",
"description": null,
"status": "completed",
"created_at": "2025-10-12T12:49:16.347Z"
}
}, {
"model": "payments.payment",
"pk": 98,
"fields": {
"sale": 132,
"customer": null,
"payment_type": "cash",
"amount": "6300.00",
"reference_number": null,
"mpesa_number": null,
"gateway_response": "",
"description": null,
"status": "completed",
"created_at": "2025-10-19T12:44:28.441Z"
}
}, {
"model": "payments.payment",
"pk": 99,
"fields": {
"sale": 133,
"customer": null,
"payment_type": "cash",
"amount": "32700.00",
"reference_number": null,
"mpesa_number": null,
"gateway_response": "",
"description": null,
"status": "completed",
"created_at": "2025-10-19T12:47:46.128Z"
}
}, {
"model": "payments.payment",
"pk": 100,
"fields": {
"sale": 134,
"customer": null,
"payment_type": "cash",
"amount": "9100.00",
"reference_number": null,
"mpesa_number": null,
"gateway_response": "",
"description": null,
"status": "completed",
"created_at": "2025-10-19T13:37:57.476Z"
}
}, {
"model": "payments.payment",
"pk": 101,
"fields": {
"sale": 135,
"customer": null,
"payment_type": "cash",
"amount": "56600.00",
"reference_number": null,
"mpesa_number": null,
"gateway_response": "",
"description": null,
"status": "completed",
"created_at": "2025-10-19T13:39:37.630Z"
}
}, {
"model": "payments.payment",
"pk": 102,
"fields": {
"sale": 136,
"customer": null,
"payment_type": "cash",
"amount": "6100.00",
"reference_number": null,
"mpesa_number": null,
"gateway_response": "",
"description": null,
"status": "completed",
"created_at": "2025-10-19T13:48:20.536Z"
}
}, {
"model": "payments.payment",
"pk": 103,
"fields": {
"sale": 137,
"customer": null,
"payment_type": "cash",
"amount": "8300.00",
"reference_number": null,
"mpesa_number": null,
"gateway_response": "",
"description": null,
"status": "completed",
"created_at": "2025-10-19T13:53:48.709Z"
}
}, {
"model": "payments.payment",
"pk": 104,
"fields": {
"sale": 138,
"customer": null,
"payment_type": "cash",
"amount": "18300.00",
"reference_number": null,
"mpesa_number": null,
"gateway_response": "",
"description": null,
"status": "completed",
"created_at": "2025-10-19T14:01:39.068Z"
}
}, {
"model": "payments.payment",
"pk": 105,
"fields": {
"sale": 139,
"customer": null,
"payment_type": "cash",
"amount": "2900.00",
"reference_number": null,
"mpesa_number": null,
"gateway_response": "",
"description": null,
"status": "completed",
"created_at": "2025-10-19T14:04:30.987Z"
}
}, {
"model": "payments.payment",
"pk": 106,
"fields": {
"sale": 141,
"customer": null,
"payment_type": "cash",
"amount": "186100.00",
"reference_number": null,
"mpesa_number": null,
"gateway_response": "",
"description": null,
"status": "completed",
"created_at": "2025-10-19T14:06:57.483Z"
}
}, {
"model": "payments.payment",
"pk": 107,
"fields": {
"sale": 142,
"customer": null,
"payment_type": "mpesa",
"amount": "12600.00",
"reference_number": null,
"mpesa_number": "0792455501",
"gateway_response": "",
"description": null,
"status": "completed",
"created_at": "2025-10-19T14:14:45.061Z"
}
}, {
"model": "payments.payment",
"pk": 108,
"fields": {
"sale": 143,
"customer": null,
"payment_type": "mpesa",
"amount": "12200.00",
"reference_number": null,
"mpesa_number": "07982455514",
"gateway_response": "",
"description": null,
"status": "completed",
"created_at": "2025-10-19T14:22:48.104Z"
}
}, {
"model": "customers.customer",
"pk": 9,
"fields": {
"name": "john odero owino",
"phone": "0792455501",
"email": "",
"address": "",
"customer_type": "retail",
"business_name": "",
"tax_id": "",
"loyalty_points": 0,
"is_active": true,
"created_at": "2025-10-08T09:55:13.489Z"
}
}, {
"model": "customers.customer",
"pk": 10,
"fields": {
"name": "test",
"phone": "0754434208",
"email": "john.odero@gmail.com",
"address": "gf",
"customer_type": "wholesale",
"business_name": "bg",
"tax_id": "gfg",
"loyalty_points": 0,
"is_active": true,
"created_at": "2025-10-10T12:57:49.419Z"
}
}, {
"model": "customers.customer",
"pk": 11,
"fields": {
"name": "gg",
"phone": "+25479245554",
"email": "john.odero@gmail.com",
"address": "mm",
"customer_type": "retail",
"business_name": "",
"tax_id": "",
"loyalty_points": 0,
"is_active": true,
"created_at": "2025-10-10T12:58:27.658Z"
}
}, {
"model": "customers.customer",
"pk": 12,
"fields": {
"name": "Amson@2024?",
"phone": "+254754434208",
"email": "user@gmail.com",
"address": "gfrg",
"customer_type": "wholesale",
"business_name": "bg",
"tax_id": "gfg",
"loyalty_points": 0,
"is_active": true,
"created_at": "2025-10-10T12:59:39.009Z"
}
}, {
"model": "customers.customer",
"pk": 13,
"fields": {
"name": "test test",
"phone": "+254756284854",
"email": "user@gmail.comgd",
"address": "xsssd",
"customer_type": "wholesale",
"business_name": "odero",
"tax_id": "kre123456789",
"loyalty_points": 0,
"is_active": true,
"created_at": "2025-10-10T13:02:16.119Z"
}
}, {
"model": "customers.customer",
"pk": 14,
"fields": {
"name": "john odero",
"phone": "0789545621",
"email": "john@gmail.bom",
"address": "nairobi",
"customer_type": "retail",
"business_name": "",
"tax_id": "",
"loyalty_points": 0,
"is_active": true,
"created_at": "2025-10-10T13:03:13.742Z"
}
}, {
"model": "suppliers.supplier",
"pk": 12,
"fields": {
"name": "Kenya Wine Agencies Ltd",
"contact_person": "John Mwangi",
"phone": "+254700123456",
"email": "john@kenyawine.co.ke",
"address": "Nairobi Industrial Area, Kenya",
"is_active": true
}
}, {
"model": "suppliers.supplier",
"pk": 13,
"fields": {
"name": "East African Spirits Ltd",
"contact_person": "Sarah Oduya",
"phone": "+254711234567",
"email": "sarah@easpirit.co.ke",
"address": "Mombasa Road, Nairobi, Kenya",
"is_active": true
}
}, {
"model": "suppliers.supplier",
"pk": 14,
"fields": {
"name": "Premium Imports Kenya",
"contact_person": "David Kiprop",
"phone": "+254722345678",
"email": "david@premiumimports.co.ke",
"address": "Westlands, Nairobi, Kenya",
"is_active": true
}
}, {
"model": "suppliers.supplier",
"pk": 15,
"fields": {
"name": "test",
"contact_person": "test",
"phone": "+25479245551",
"email": "john.odero@gmail.com",
"address": "test",
"is_active": true
}
}, {
"model": "suppliers.purchaseorder",
"pk": 13,
"fields": {
"supplier": 13,
"order_number": "PO202510101354352A87",
"order_date": "2025-10-10",
"expected_delivery_date": null,
"status": "received",
"total_amount": "14600.00",
"notes": "",
"created_at": "2025-10-10T13:54:35.204Z",
"updated_at": "2025-10-10T14:35:20.369Z"
}
}, {
"model": "suppliers.purchaseorder",
"pk": 14,
"fields": {
"supplier": 15,
"order_number": "PO202510101436112202",
"order_date": "2025-10-10",
"expected_delivery_date": null,
"status": "received",
"total_amount": "71400.00",
"notes": "",
"created_at": "2025-10-10T14:36:11.696Z",
"updated_at": "2025-10-11T07:55:45.002Z"
}
}, {
"model": "suppliers.purchaseorder",
"pk": 15,
"fields": {
"supplier": 15,
"order_number": "PO202510110828554C14",
"order_date": "2025-10-11",
"expected_delivery_date": null,
"status": "cancelled",
"total_amount": "27600.00",
"notes": "",
"created_at": "2025-10-11T08:28:55.920Z",
"updated_at": "2025-10-19T11:40:36.583Z"
}
}, {
"model": "suppliers.purchaseorder",
"pk": 16,
"fields": {
"supplier": 15,
"order_number": "PO2025101109054441B0",
"order_date": "2025-10-11",
"expected_delivery_date": "2025-10-17",
"status": "cancelled",
"total_amount": "18900.00",
"notes": "",
"created_at": "2025-10-11T09:05:44.307Z",
"updated_at": "2025-10-11T09:14:35.742Z"
}
}, {
"model": "suppliers.purchaseorder",
"pk": 18,
"fields": {
"supplier": 15,
"order_number": "PO20251011091517DCF6",
"order_date": "2025-10-11",
"expected_delivery_date": null,
"status": "received",
"total_amount": "21500.00",
"notes": "",
"created_at": "2025-10-11T09:15:17.953Z",
"updated_at": "2025-10-11T10:01:57.176Z"
}
}, {
"model": "suppliers.purchaseorder",
"pk": 19,
"fields": {
"supplier": 13,
"order_number": "PO202510110928050517",
"order_date": "2025-10-11",
"expected_delivery_date": null,
"status": "cancelled",
"total_amount": "8300.00",
"notes": "",
"created_at": "2025-10-11T09:28:05.339Z",
"updated_at": "2025-10-19T11:40:22.897Z"
}
}, {
"model": "suppliers.purchaseorder",
"pk": 20,
"fields": {
"supplier": 15,
"order_number": "PO20251011095152DA0E",
"order_date": "2025-10-11",
"expected_delivery_date": null,
"status": "received",
"total_amount": "2200.00",
"notes": "",
"created_at": "2025-10-11T09:51:52.473Z",
"updated_at": "2025-10-11T09:54:58.979Z"
}
}, {
"model": "suppliers.purchaseorder",
"pk": 21,
"fields": {
"supplier": 13,
"order_number": "PO202510111003425BD9",
"order_date": "2025-10-11",
"expected_delivery_date": null,
"status": "received",
"total_amount": "57000.00",
"notes": "",
"created_at": "2025-10-11T10:03:42.487Z",
"updated_at": "2025-10-11T10:04:44.677Z"
}
}, {
"model": "suppliers.purchaseorder",
"pk": 22,
"fields": {
"supplier": 13,
"order_number": "PO20251011102651015D",
"order_date": "2025-10-11",
"expected_delivery_date": null,
"status": "cancelled",
"total_amount": "5100.00",
"notes": "",
"created_at": "2025-10-11T10:26:51.315Z",
"updated_at": "2025-10-19T11:40:33.362Z"
}
}, {
"model": "suppliers.purchaseorder",
"pk": 23,
"fields": {
"supplier": 13,
"order_number": "PO2025101110280169CA",
"order_date": "2025-10-11",
"expected_delivery_date": null,
"status": "cancelled",
"total_amount": "6100.00",
"notes": "",
"created_at": "2025-10-11T10:28:01.869Z",
"updated_at": "2025-10-19T11:40:19.992Z"
}
}, {
"model": "suppliers.purchaseorder",
"pk": 24,
"fields": {
"supplier": 14,
"order_number": "PO20251011102904CA06",
"order_date": "2025-10-11",
"expected_delivery_date": null,
"status": "cancelled",
"total_amount": "6100.00",
"notes": "",
"created_at": "2025-10-11T10:29:04.940Z",
"updated_at": "2025-10-19T11:40:26.262Z"
}
}, {
"model": "suppliers.purchaseorder",
"pk": 25,
"fields": {
"supplier": 13,
"order_number": "PO20251019113938E0A1",
"order_date": "2025-10-19",
"expected_delivery_date": null,
"status": "cancelled",
"total_amount": "3500.00",
"notes": "",
"created_at": "2025-10-19T11:39:38.516Z",
"updated_at": "2025-10-19T11:40:39.037Z"
}
}, {
"model": "suppliers.purchaseorder",
"pk": 26,
"fields": {
"supplier": 13,
"order_number": "PO2025101911562958F0",
"order_date": "2025-10-19",
"expected_delivery_date": null,
"status": "ordered",
"total_amount": "3500.00",
"notes": "",
"created_at": "2025-10-19T11:56:29.265Z",
"updated_at": "2025-10-19T12:00:21.607Z"
}
}, {
"model": "suppliers.purchaseorderitem",
"pk": 29,
"fields": {
"purchase_order": 13,
"product": 252,
"quantity": 1,
"unit_price": "3400.00",
"received_quantity": 2,
"batch_number": "",
"expiry_date": null
}
}, {
"model": "suppliers.purchaseorderitem",
"pk": 30,
"fields": {
"purchase_order": 13,
"product": 159,
"quantity": 1,
"unit_price": "4500.00",
"received_quantity": 2,
"batch_number": "",
"expiry_date": null
}
}, {
"model": "suppliers.purchaseorderitem",
"pk": 31,
"fields": {
"purchase_order": 13,
"product": 190,
"quantity": 1,
"unit_price": "3400.00",
"received_quantity": 2,
"batch_number": "",
"expiry_date": null
}
}, {
"model": "suppliers.purchaseorderitem",
"pk": 32,
"fields": {
"purchase_order": 13,
"product": 184,
"quantity": 1,
"unit_price": "3300.00",
"received_quantity": 2,
"batch_number": "",
"expiry_date": null
}
}, {
"model": "suppliers.purchaseorderitem",
"pk": 33,
"fields": {
"purchase_order": 14,
"product": 252,
"quantity": 21,
"unit_price": "3400.00",
"received_quantity": 42,
"batch_number": "",
"expiry_date": null
}
}, {
"model": "suppliers.purchaseorderitem",
"pk": 37,
"fields": {
"purchase_order": 16,
"product": 190,
"quantity": 1,
"unit_price": "2600.00",
"received_quantity": 0,
"batch_number": "",
"expiry_date": null
}
}, {
"model": "suppliers.purchaseorderitem",
"pk": 38,
"fields": {
"purchase_order": 16,
"product": 184,
"quantity": 1,
"unit_price": "2500.00",
"received_quantity": 0,
"batch_number": "",
"expiry_date": null
}
}, {
"model": "suppliers.purchaseorderitem",
"pk": 39,
"fields": {
"purchase_order": 16,
"product": 162,
"quantity": 1,
"unit_price": "2000.00",
"received_quantity": 0,
"batch_number": "",
"expiry_date": null
}
}, {
"model": "suppliers.purchaseorderitem",
"pk": 40,
"fields": {
"purchase_order": 16,
"product": 157,
"quantity": 1,
"unit_price": "2600.00",
"received_quantity": 0,
"batch_number": "",
"expiry_date": null
}
}, {
"model": "suppliers.purchaseorderitem",
"pk": 41,
"fields": {
"purchase_order": 16,
"product": 159,
"quantity": 2,
"unit_price": "3500.00",
"received_quantity": 0,
"batch_number": "",
"expiry_date": null
}
}, {
"model": "suppliers.purchaseorderitem",
"pk": 42,
"fields": {
"purchase_order": 16,
"product": 154,
"quantity": 1,
"unit_price": "2200.00",
"received_quantity": 0,
"batch_number": "",
"expiry_date": null
}
}, {
"model": "suppliers.purchaseorderitem",
"pk": 43,
"fields": {
"purchase_order": 18,
"product": 154,
"quantity": 7,
"unit_price": "2200.00",
"received_quantity": 14,
"batch_number": "",
"expiry_date": null
}
}, {
"model": "suppliers.purchaseorderitem",
"pk": 44,
"fields": {
"purchase_order": 18,
"product": 159,
"quantity": 1,
"unit_price": "3500.00",
"received_quantity": 2,
"batch_number": "",
"expiry_date": null
}
}, {
"model": "suppliers.purchaseorderitem",
"pk": 45,
"fields": {
"purchase_order": 18,
"product": 157,
"quantity": 1,
"unit_price": "2600.00",
"received_quantity": 2,
"batch_number": "",
"expiry_date": null
}
}, {
"model": "suppliers.purchaseorderitem",
"pk": 46,
"fields": {
"purchase_order": 19,
"product": 154,
"quantity": 1,
"unit_price": "2200.00",
"received_quantity": 0,
"batch_number": "",
"expiry_date": null
}
}, {
"model": "suppliers.purchaseorderitem",
"pk": 47,
"fields": {
"purchase_order": 19,
"product": 159,
"quantity": 1,
"unit_price": "3500.00",
"received_quantity": 0,
"batch_number": "",
"expiry_date": null
}
}, {
"model": "suppliers.purchaseorderitem",
"pk": 48,
"fields": {
"purchase_order": 19,
"product": 157,
"quantity": 1,
"unit_price": "2600.00",
"received_quantity": 0,
"batch_number": "",
"expiry_date": null
}
}, {
"model": "suppliers.purchaseorderitem",
"pk": 49,
"fields": {
"purchase_order": 20,
"product": 154,
"quantity": 1,
"unit_price": "2200.00",
"received_quantity": 2,
"batch_number": "",
"expiry_date": null
}
}, {
"model": "suppliers.purchaseorderitem",
"pk": 56,
"fields": {
"purchase_order": 15,
"product": 171,
"quantity": 5,
"unit_price": "2200.00",
"received_quantity": 0,
"batch_number": "",
"expiry_date": null
}
}, {
"model": "suppliers.purchaseorderitem",
"pk": 57,
"fields": {
"purchase_order": 15,
"product": 199,
"quantity": 5,
"unit_price": "2900.00",
"received_quantity": 0,
"batch_number": "",
"expiry_date": null
}
}, {
"model": "suppliers.purchaseorderitem",
"pk": 58,
"fields": {
"purchase_order": 15,
"product": 226,
"quantity": 1,
"unit_price": "2100.00",
"received_quantity": 0,
"batch_number": "",
"expiry_date": null
}
}, {
"model": "suppliers.purchaseorderitem",
"pk": 59,
"fields": {
"purchase_order": 21,
"product": 159,
"quantity": 10,
"unit_price": "3500.00",
"received_quantity": 20,
"batch_number": "",
"expiry_date": null
}
}, {
"model": "suppliers.purchaseorderitem",
"pk": 60,
"fields": {
"purchase_order": 21,
"product": 154,
"quantity": 10,
"unit_price": "2200.00",
"received_quantity": 20,
"batch_number": "",
"expiry_date": null
}
}, {
"model": "suppliers.purchaseorderitem",
"pk": 61,
"fields": {
"purchase_order": 22,
"product": 158,
"quantity": 1,
"unit_price": "2700.00",
"received_quantity": 0,
"batch_number": "",
"expiry_date": null
}
}, {
"model": "suppliers.purchaseorderitem",
"pk": 62,
"fields": {
"purchase_order": 22,
"product": 248,
"quantity": 1,
"unit_price": "2400.00",
"received_quantity": 0,
"batch_number": "",
"expiry_date": null
}
}, {
"model": "suppliers.purchaseorderitem",
"pk": 63,
"fields": {
"purchase_order": 23,
"product": 159,
"quantity": 1,
"unit_price": "3500.00",
"received_quantity": 0,
"batch_number": "",
"expiry_date": null
}
}, {
"model": "suppliers.purchaseorderitem",
"pk": 64,
"fields": {
"purchase_order": 23,
"product": 157,
"quantity": 1,
"unit_price": "2600.00",
"received_quantity": 0,
"batch_number": "",
"expiry_date": null
}
}, {
"model": "suppliers.purchaseorderitem",
"pk": 65,
"fields": {
"purchase_order": 24,
"product": 159,
"quantity": 1,
"unit_price": "3500.00",
"received_quantity": 0,
"batch_number": "",
"expiry_date": null
}
}, {
"model": "suppliers.purchaseorderitem",
"pk": 66,
"fields": {
"purchase_order": 24,
"product": 157,
"quantity": 1,
"unit_price": "2600.00",
"received_quantity": 0,
"batch_number": "",
"expiry_date": null
}
}, {
"model": "suppliers.purchaseorderitem",
"pk": 67,
"fields": {
"purchase_order": 25,
"product": 159,
"quantity": 1,
"unit_price": "3500.00",
"received_quantity": 0,
"batch_number": "",
"expiry_date": null
}
}, {
"model": "suppliers.purchaseorderitem",
"pk": 68,
"fields": {
"purchase_order": 26,
"product": 159,
"quantity": 1,
"unit_price": "3500.00",
"received_quantity": 0,
"batch_number": "",
"expiry_date": null
}
}, {
"model": "chits.chit",
"pk": 1,
"fields": {
"customer": null,
"customer_name": "",
"table_number": "05",
"amount": "6464.00",
"description": "Table 05",
"status": "open",
"created_at": "2025-09-30T11:40:36.990Z",
"closed_at": null
}
}, {
"model": "chits.chit",
"pk": 2,
"fields": {
"customer": null,
"customer_name": "",
"table_number": "05",
"amount": "548177.00",
"description": "Table 05",
"status": "open",
"created_at": "2025-09-30T11:48:01.761Z",
"closed_at": null
}
}, {
"model": "chits.chit",
"pk": 3,
"fields": {
"customer": null,
"customer_name": "",
"table_number": "05",
"amount": "200.00",
"description": "Table 05",
"status": "open",
"created_at": "2025-09-30T11:56:51.168Z",
"closed_at": null
}
}, {
"model": "chits.chit",
"pk": 4,
"fields": {
"customer": null,
"customer_name": "",
"table_number": "05",
"amount": "551209.00",
"description": "Table 05",
"status": "open",
"created_at": "2025-09-30T12:21:26.638Z",
"closed_at": null
}
}, {
"model": "chits.chit",
"pk": 5,
"fields": {
"customer": null,
"customer_name": "",
"table_number": "05",
"amount": "200.00",
"description": "Table 05",
"status": "open",
"created_at": "2025-09-30T13:48:32.003Z",
"closed_at": null
}
}, {
"model": "chits.chit",
"pk": 6,
"fields": {
"customer": null,
"customer_name": "",
"table_number": "05",
"amount": "6400.00",
"description": "Table 05",
"status": "open",
"created_at": "2025-10-03T13:20:07.498Z",
"closed_at": null
}
}, {
"model": "chits.chit",
"pk": 7,
"fields": {
"customer": null,
"customer_name": "",
"table_number": "05",
"amount": "745.00",
"description": "Table 05",
"status": "open",
"created_at": "2025-10-04T10:16:25.579Z",
"closed_at": null
}
}, {
"model": "shifts.shift",
"pk": 19,
"fields": {
"cashier": 3,
"start_time": "2025-10-08T09:20:04.764Z",
"end_time": "2025-10-10T07:59:23.641Z",
"opening_balance": "1000.00",
"closing_balance": "300400.00",
"cash_sales": "290400.00",
"card_sales": "0.00",
"mobile_sales": "11700.00",
"total_sales": "302100.00",
"status": "closed",
"discrepancy": "9000.00",
"approved_by": null
}
}, {
"model": "shifts.shift",
"pk": 20,
"fields": {
"cashier": 3,
"start_time": "2025-10-10T08:00:03.171Z",
"end_time": "2025-10-12T10:28:29.610Z",
"opening_balance": "1.00",
"closing_balance": "1000.00",
"cash_sales": "133880.00",
"card_sales": "0.00",
"mobile_sales": "4500.00",
"total_sales": "138380.00",
"status": "closed",
"discrepancy": "-132881.00",
"approved_by": null
}
}, {
"model": "shifts.shift",
"pk": 21,
"fields": {
"cashier": 3,
"start_time": "2025-10-12T12:42:46.132Z",
"end_time": null,
"opening_balance": "1000.00",
"closing_balance": null,
"cash_sales": "529600.00",
"card_sales": "0.00",
"mobile_sales": "24800.00",
"total_sales": "554400.00",
"status": "open",
"discrepancy": null,
"approved_by": null
}
}]